temporada,fase,rodada,grupo,perna,data,mandante,pais_mandante,nome_curto_mandante,visitante,pais_visitante,nome_curto_visitante,gols_mandante,gols_visitante,resultado,gols_intervalo_mandante,gols_intervalo_visitante,penaltis_mandante,penaltis_visitante,vencedor_penaltis,prorrogacao,observacao,fonte
2012,Qualifying,Round 1,,1,2012-01-24,Arsenal de Sarandí,ARG,Arsenal de Sarandí,Sport Huancayo,PER,Sport Huancayo,3.0,0.0,mandante,2.0,0.0,,,,False,,openfootball
2012,Qualifying,Round 1,,1,2012-01-24,El Nacional,ECU,El Nacional,Libertad,PAR,Libertad,1.0,0.0,mandante,1.0,0.0,,,,False,,openfootball
2012,Qualifying,Round 1,,1,2012-01-25,Unión Española,CHI,Unión Española,UANL Tigres,MEX,Tigres UANL,1.0,0.0,mandante,0.0,0.0,,,,False,,openfootball
2012,Qualifying,Round 1,,1,2012-01-25,Real Potosí,BOL,Real Potosí,Flamengo RJ,BRA,Flamengo,2.0,1.0,mandante,1.0,1.0,,,,False,,openfootball
2012,Qualifying,Round 1,,1,2012-01-25,Internacional,BRA,Internacional,Once Caldas,COL,Once Caldas,1.0,0.0,mandante,1.0,0.0,,,,False,,openfootball
2012,Qualifying,Round 1,,1,2012-01-26,Peñarol,URU,Peñarol,Caracas FC,VEN,Caracas,4.0,0.0,mandante,2.0,0.0,,,,False,,openfootball
2012,Qualifying,Round 1,,2,2012-01-31,Libertad,PAR,Libertad,El Nacional,ECU,El Nacional,4.0,1.0,mandante,3.0,1.0,,,,False,,openfootball
2012,Qualifying,Round 1,,2,2012-01-31,Sport Huancayo,PER,Sport Huancayo,Arsenal de Sarandí,ARG,Arsenal de Sarandí,1.0,1.0,empate,1.0,0.0,,,,False,,openfootball
2012,Qualifying,Round 1,,2,2012-02-01,Flamengo RJ,BRA,Flamengo,Real Potosí,BOL,Real Potosí,2.0,0.0,mandante,1.0,0.0,,,,False,,openfootball
2012,Qualifying,Round 1,,2,2012-02-01,Once Caldas,COL,Once Caldas,Internacional,BRA,Internacional,2.0,2.0,empate,2.0,2.0,,,,False,,openfootball
2012,Qualifying,Round 1,,2,2012-02-02,Caracas FC,VEN,Caracas,Peñarol,URU,Peñarol,1.0,1.0,empate,0.0,1.0,,,,False,,openfootball
2012,Qualifying,Round 1,,2,2012-02-03,UANL Tigres,MEX,Tigres UANL,Unión Española,CHI,Unión Española,2.0,2.0,empate,2.0,1.0,,,,False,,openfootball
2012,Group,,F,1,2012-02-09,Internacional,BRA,Internacional,Juan Aurich,PER,Juan Aurich,2.0,0.0,mandante,1.0,0.0,,,,False,,openfootball
2012,Group,,F,1,2012-02-15,The Strongest,BOL,The Strongest,Santos FC,BRA,Santos,2.0,1.0,mandante,1.0,1.0,,,,False,,openfootball
2012,Group,,F,1,2012-02-23,The Strongest,BOL,The Strongest,Juan Aurich,PER,Juan Aurich,2.0,1.0,mandante,1.0,1.0,,,,False,,openfootball
2012,Group,,F,1,2012-03-07,Santos FC,BRA,Santos,Internacional,BRA,Internacional,3.0,1.0,mandante,1.0,0.0,,,,False,,openfootball
2012,Group,,F,1,2012-03-13,Internacional,BRA,Internacional,The Strongest,BOL,The Strongest,5.0,0.0,mandante,2.0,0.0,,,,False,,openfootball
2012,Group,,F,1,2012-03-15,Juan Aurich,PER,Juan Aurich,Santos FC,BRA,Santos,1.0,3.0,visitante,1.0,2.0,,,,False,,openfootball
2012,Group,,F,1,2012-03-21,The Strongest,BOL,The Strongest,Internacional,BRA,Internacional,1.0,1.0,empate,0.0,0.0,,,,False,,openfootball
2012,Group,,F,1,2012-03-22,Santos FC,BRA,Santos,Juan Aurich,PER,Juan Aurich,2.0,0.0,mandante,1.0,0.0,,,,False,,openfootball
2012,Group,,F,1,2012-04-04,Internacional,BRA,Internacional,Santos FC,BRA,Santos,1.0,1.0,empate,1.0,0.0,,,,False,,openfootball
2012,Group,,F,1,2012-04-05,Juan Aurich,PER,Juan Aurich,The Strongest,BOL,The Strongest,1.0,0.0,mandante,1.0,0.0,,,,False,,openfootball
2012,Group,,F,1,2012-04-19,Santos FC,BRA,Santos,The Strongest,BOL,The Strongest,2.0,0.0,mandante,0.0,0.0,,,,False,,openfootball
2012,Group,,F,1,2012-04-19,Juan Aurich,PER,Juan Aurich,Internacional,BRA,Internacional,1.0,0.0,mandante,1.0,0.0,,,,False,,openfootball
2012,Group,,G,1,2012-02-10,Emelec,ECU,Emelec,Club Olimpia,PAR,Olimpia,1.0,0.0,mandante,0.0,0.0,,,,False,,openfootball
2012,Group,,G,1,2012-02-15,Lanús,ARG,Lanús,Flamengo RJ,BRA,Flamengo,1.0,1.0,empate,0.0,1.0,,,,False,,openfootball
2012,Group,,G,1,2012-02-23,Club Olimpia,PAR,Olimpia,Lanús,ARG,Lanús,2.0,1.0,mandante,1.0,0.0,,,,False,,openfootball
2012,Group,,G,1,2012-03-08,Flamengo RJ,BRA,Flamengo,Emelec,ECU,Emelec,1.0,0.0,mandante,0.0,0.0,,,,False,,openfootball
2012,Group,,G,1,2012-03-13,Lanús,ARG,Lanús,Emelec,ECU,Emelec,1.0,0.0,mandante,0.0,0.0,,,,False,,openfootball
2012,Group,,G,1,2012-03-15,Flamengo RJ,BRA,Flamengo,Club Olimpia,PAR,Olimpia,3.0,3.0,empate,1.0,0.0,,,,False,,openfootball
2012,Group,,G,1,2012-03-20,Emelec,ECU,Emelec,Lanús,ARG,Lanús,0.0,2.0,visitante,0.0,1.0,,,,False,,openfootball
2012,Group,,G,1,2012-03-28,Club Olimpia,PAR,Olimpia,Flamengo RJ,BRA,Flamengo,3.0,2.0,mandante,1.0,0.0,,,,False,,openfootball
2012,Group,,G,1,2012-04-03,Lanús,ARG,Lanús,Club Olimpia,PAR,Olimpia,6.0,0.0,mandante,2.0,0.0,,,,False,,openfootball
2012,Group,,G,1,2012-04-04,Emelec,ECU,Emelec,Flamengo RJ,BRA,Flamengo,3.0,2.0,mandante,1.0,2.0,,,,False,,openfootball
2012,Group,,G,1,2012-04-12,Flamengo RJ,BRA,Flamengo,Lanús,ARG,Lanús,3.0,0.0,mandante,2.0,0.0,,,,False,,openfootball
2012,Group,,G,1,2012-04-12,Club Olimpia,PAR,Olimpia,Emelec,ECU,Emelec,2.0,3.0,visitante,1.0,0.0,,,,False,,openfootball
2012,Group,,C,1,2012-02-08,Unión Española,CHI,Unión Española,Atlético Junior,COL,Junior,2.0,0.0,mandante,0.0,0.0,,,,False,,openfootball
2012,Group,,C,1,2012-02-09,Universidad Católica,CHI,Universidad Católica,Bolívar,BOL,Bolívar,1.0,1.0,empate,1.0,1.0,,,,False,,openfootball
2012,Group,,C,1,2012-02-21,Bolívar,BOL,Bolívar,Unión Española,CHI,Unión Española,1.0,3.0,visitante,1.0,0.0,,,,False,,openfootball
2012,Group,,C,1,2012-02-23,Universidad Católica,CHI,Universidad Católica,Atlético Junior,COL,Junior,2.0,2.0,empate,2.0,0.0,,,,False,,openfootball
2012,Group,,C,1,2012-03-06,Unión Española,CHI,Unión Española,Universidad Católica,CHI,Universidad Católica,1.0,1.0,empate,1.0,1.0,,,,False,,openfootball
2012,Group,,C,1,2012-03-09,Atlético Junior,COL,Junior,Bolívar,BOL,Bolívar,0.0,1.0,visitante,0.0,0.0,,,,False,,openfootball
2012,Group,,C,1,2012-03-20,Bolívar,BOL,Bolívar,Atlético Junior,COL,Junior,2.0,1.0,mandante,2.0,0.0,,,,False,,openfootball
2012,Group,,C,1,2012-03-28,Universidad Católica,CHI,Universidad Católica,Unión Española,CHI,Unión Española,2.0,1.0,mandante,1.0,0.0,,,,False,,openfootball
2012,Group,,C,1,2012-04-04,Atlético Junior,COL,Junior,Universidad Católica,CHI,Universidad Católica,3.0,0.0,mandante,1.0,0.0,,,,False,,openfootball
2012,Group,,C,1,2012-04-10,Unión Española,CHI,Unión Española,Bolívar,BOL,Bolívar,2.0,1.0,mandante,1.0,0.0,,,,False,,openfootball
2012,Group,,C,1,2012-04-17,Bolívar,BOL,Bolívar,Universidad Católica,CHI,Universidad Católica,3.0,0.0,mandante,2.0,0.0,,,,False,,openfootball
2012,Group,,C,1,2012-04-17,Atlético Junior,COL,Junior,Unión Española,CHI,Unión Española,2.0,1.0,mandante,2.0,1.0,,,,False,,openfootball
2012,Group,,A,1,2012-02-07,Fluminense RJ,BRA,Fluminense,Arsenal de Sarandí,ARG,Arsenal de Sarandí,1.0,0.0,mandante,1.0,0.0,,,,False,,openfootball
2012,Group,,A,1,2012-02-14,Zamora FC,VEN,Zamora,Boca Juniors,ARG,Boca Juniors,0.0,0.0,empate,,,,,,False,,openfootball
2012,Group,,A,1,2012-02-21,Arsenal de Sarandí,ARG,Arsenal de Sarandí,Zamora FC,VEN,Zamora,3.0,0.0,mandante,3.0,0.0,,,,False,,openfootball
2012,Group,,A,1,2012-03-07,Boca Juniors,ARG,Boca Juniors,Fluminense RJ,BRA,Fluminense,1.0,2.0,visitante,0.0,1.0,,,,False,,openfootball
2012,Group,,A,1,2012-03-14,Arsenal de Sarandí,ARG,Arsenal de Sarandí,Boca Juniors,ARG,Boca Juniors,1.0,2.0,visitante,1.0,1.0,,,,False,,openfootball
2012,Group,,A,1,2012-03-14,Fluminense RJ,BRA,Fluminense,Zamora FC,VEN,Zamora,1.0,0.0,mandante,0.0,0.0,,,,False,,openfootball
2012,Group,,A,1,2012-03-29,Boca Juniors,ARG,Boca Juniors,Arsenal de Sarandí,ARG,Arsenal de Sarandí,2.0,0.0,mandante,0.0,0.0,,,,False,,openfootball
2012,Group,,A,1,2012-03-29,Zamora FC,VEN,Zamora,Fluminense RJ,BRA,Fluminense,0.0,1.0,visitante,0.0,0.0,,,,False,,openfootball
2012,Group,,A,1,2012-04-10,Zamora FC,VEN,Zamora,Arsenal de Sarandí,ARG,Arsenal de Sarandí,0.0,1.0,visitante,0.0,1.0,,,,False,,openfootball
2012,Group,,A,1,2012-04-11,Fluminense RJ,BRA,Fluminense,Boca Juniors,ARG,Boca Juniors,0.0,2.0,visitante,0.0,1.0,,,,False,,openfootball
2012,Group,,A,1,2012-04-18,Boca Juniors,ARG,Boca Juniors,Zamora FC,VEN,Zamora,2.0,0.0,mandante,0.0,0.0,,,,False,,openfootball
2012,Group,,A,1,2012-04-18,Arsenal de Sarandí,ARG,Arsenal de Sarandí,Fluminense RJ,BRA,Fluminense,1.0,2.0,visitante,0.0,1.0,,,,False,,openfootball
2012,Group,,D,1,2012-02-08,Vasco da Gama RJ,BRA,Vasco,Nacional,URU,Nacional,1.0,2.0,visitante,0.0,1.0,,,,False,,openfootball
2012,Group,,D,1,2012-02-09,Libertad,PAR,Libertad,Alianza Lima,PER,Alianza Lima,4.0,1.0,mandante,0.0,1.0,,,,False,,openfootball
2012,Group,,D,1,2012-02-16,Nacional,URU,Nacional,Libertad,PAR,Libertad,1.0,2.0,visitante,1.0,0.0,,,,False,,openfootball
2012,Group,,D,1,2012-03-06,Vasco da Gama RJ,BRA,Vasco,Alianza Lima,PER,Alianza Lima,3.0,2.0,mandante,1.0,1.0,,,,False,,openfootball
2012,Group,,D,1,2012-03-13,Alianza Lima,PER,Alianza Lima,Nacional,URU,Nacional,1.0,0.0,mandante,1.0,0.0,,,,False,,openfootball
2012,Group,,D,1,2012-03-14,Libertad,PAR,Libertad,Vasco da Gama RJ,BRA,Vasco,1.0,1.0,empate,0.0,1.0,,,,False,,openfootball
2012,Group,,D,1,2012-03-21,Vasco da Gama RJ,BRA,Vasco,Libertad,PAR,Libertad,2.0,0.0,mandante,0.0,0.0,,,,False,,openfootball
2012,Group,,D,1,2012-03-27,Nacional,URU,Nacional,Alianza Lima,PER,Alianza Lima,1.0,0.0,mandante,0.0,0.0,,,,False,,openfootball
2012,Group,,D,1,2012-04-03,Alianza Lima,PER,Alianza Lima,Vasco da Gama RJ,BRA,Vasco,1.0,2.0,visitante,0.0,1.0,,,,False,,openfootball
2012,Group,,D,1,2012-04-05,Libertad,PAR,Libertad,Nacional,URU,Nacional,2.0,1.0,mandante,0.0,1.0,,,,False,,openfootball
2012,Group,,D,1,2012-04-12,Alianza Lima,PER,Alianza Lima,Libertad,PAR,Libertad,1.0,2.0,visitante,1.0,0.0,,,,False,,openfootball
2012,Group,,D,1,2012-04-12,Nacional,URU,Nacional,Vasco da Gama RJ,BRA,Vasco,0.0,1.0,visitante,0.0,0.0,,,,False,,openfootball
2012,Group,,E,1,2012-02-08,Club Nacional,PAR,Nacional,Cruz Azul,MEX,Cruz Azul,1.0,2.0,visitante,1.0,2.0,,,,False,,openfootball
2012,Group,,E,1,2012-02-15,Deportivo Táchira,VEN,Deportivo Táchira,Corinthians SP,BRA,Corinthians,1.0,1.0,empate,1.0,0.0,,,,False,,openfootball
2012,Group,,E,1,2012-02-22,Cruz Azul,MEX,Cruz Azul,Deportivo Táchira,VEN,Deportivo Táchira,4.0,0.0,mandante,1.0,0.0,,,,False,,openfootball
2012,Group,,E,1,2012-03-07,Corinthians SP,BRA,Corinthians,Club Nacional,PAR,Nacional,2.0,0.0,mandante,1.0,0.0,,,,False,,openfootball
2012,Group,,E,1,2012-03-13,Club Nacional,PAR,Nacional,Deportivo Táchira,VEN,Deportivo Táchira,3.0,2.0,mandante,0.0,1.0,,,,False,,openfootball
2012,Group,,E,1,2012-03-14,Cruz Azul,MEX,Cruz Azul,Corinthians SP,BRA,Corinthians,0.0,0.0,empate,,,,,,False,,openfootball
2012,Group,,E,1,2012-03-21,Corinthians SP,BRA,Corinthians,Cruz Azul,MEX,Cruz Azul,1.0,0.0,mandante,1.0,0.0,,,,False,,openfootball
2012,Group,,E,1,2012-03-27,Deportivo Táchira,VEN,Deportivo Táchira,Club Nacional,PAR,Nacional,0.0,0.0,empate,,,,,,False,,openfootball
2012,Group,,E,1,2012-04-03,Deportivo Táchira,VEN,Deportivo Táchira,Cruz Azul,MEX,Cruz Azul,1.0,1.0,empate,1.0,0.0,,,,False,,openfootball
2012,Group,,E,1,2012-04-11,Club Nacional,PAR,Nacional,Corinthians SP,BRA,Corinthians,1.0,3.0,visitante,0.0,1.0,,,,False,,openfootball
2012,Group,,E,1,2012-04-18,Corinthians SP,BRA,Corinthians,Deportivo Táchira,VEN,Deportivo Táchira,6.0,0.0,mandante,2.0,0.0,,,,False,,openfootball
2012,Group,,E,1,2012-04-18,Cruz Azul,MEX,Cruz Azul,Club Nacional,PAR,Nacional,4.0,1.0,mandante,2.0,1.0,,,,False,,openfootball
2012,Group,,B,1,2012-02-07,Defensor Sporting,URU,Defensor Sporting,Vélez Sarsfield,ARG,Vélez Sarsfield,0.0,3.0,visitante,0.0,1.0,,,,False,,openfootball
2012,Group,,B,1,2012-02-08,Deportivo Guadalajara,MEX,Guadalajara,Deportivo Quito,ECU,Deportivo Quito,1.0,1.0,empate,0.0,1.0,,,,False,,openfootball
2012,Group,,B,1,2012-02-14,Defensor Sporting,URU,Defensor Sporting,Deportivo Quito,ECU,Deportivo Quito,2.0,0.0,mandante,1.0,0.0,,,,False,,openfootball
2012,Group,,B,1,2012-02-22,Vélez Sarsfield,ARG,Vélez Sarsfield,Deportivo Guadalajara,MEX,Guadalajara,3.0,0.0,mandante,0.0,0.0,,,,False,,openfootball
2012,Group,,B,1,2012-03-07,Deportivo Quito,ECU,Deportivo Quito,Vélez Sarsfield,ARG,Vélez Sarsfield,3.0,0.0,mandante,1.0,0.0,,,,False,,openfootball
2012,Group,,B,1,2012-03-14,Deportivo Guadalajara,MEX,Guadalajara,Defensor Sporting,URU,Defensor Sporting,1.0,0.0,mandante,1.0,0.0,,,,False,,openfootball
2012,Group,,B,1,2012-03-22,Vélez Sarsfield,ARG,Vélez Sarsfield,Deportivo Quito,ECU,Deportivo Quito,1.0,0.0,mandante,0.0,0.0,,,,False,,openfootball
2012,Group,,B,1,2012-03-28,Defensor Sporting,URU,Defensor Sporting,Deportivo Guadalajara,MEX,Guadalajara,1.0,0.0,mandante,0.0,0.0,,,,False,,openfootball
2012,Group,,B,1,2012-04-10,Deportivo Quito,ECU,Deportivo Quito,Defensor Sporting,URU,Defensor Sporting,2.0,0.0,mandante,1.0,0.0,,,,False,,openfootball
2012,Group,,B,1,2012-04-11,Deportivo Guadalajara,MEX,Guadalajara,Vélez Sarsfield,ARG,Vélez Sarsfield,0.0,2.0,visitante,0.0,0.0,,,,False,,openfootball
2012,Group,,B,1,2012-04-17,Deportivo Quito,ECU,Deportivo Quito,Deportivo Guadalajara,MEX,Guadalajara,5.0,0.0,mandante,2.0,0.0,,,,False,,openfootball
2012,Group,,B,1,2012-04-17,Vélez Sarsfield,ARG,Vélez Sarsfield,Defensor Sporting,URU,Defensor Sporting,1.0,3.0,visitante,0.0,2.0,,,,False,,openfootball
2012,Group,,H,1,2012-02-15,Atlético Nacional,COL,Atlético Nacional,Universidad de Chile,CHI,Universidad de Chile,2.0,0.0,mandante,1.0,0.0,,,,False,,openfootball
2012,Group,,H,1,2012-02-16,Godoy Cruz,ARG,Godoy Cruz,Peñarol,URU,Peñarol,1.0,0.0,mandante,0.0,0.0,,,,False,,openfootball
2012,Group,,H,1,2012-02-21,Peñarol,URU,Peñarol,Atlético Nacional,COL,Atlético Nacional,0.0,4.0,visitante,0.0,1.0,,,,False,,openfootball
2012,Group,,H,1,2012-02-22,Universidad de Chile,CHI,Universidad de Chile,Godoy Cruz,ARG,Godoy Cruz,5.0,1.0,mandante,3.0,0.0,,,,False,,openfootball
2012,Group,,H,1,2012-03-06,Peñarol,URU,Peñarol,Universidad de Chile,CHI,Universidad de Chile,1.0,1.0,empate,1.0,1.0,,,,False,,openfootball
2012,Group,,H,1,2012-03-08,Godoy Cruz,ARG,Godoy Cruz,Atlético Nacional,COL,Atlético Nacional,4.0,4.0,empate,2.0,2.0,,,,False,,openfootball
2012,Group,,H,1,2012-03-22,Atlético Nacional,COL,Atlético Nacional,Godoy Cruz,ARG,Godoy Cruz,2.0,2.0,empate,1.0,2.0,,,,False,,openfootball
2012,Group,,H,1,2012-03-27,Universidad de Chile,CHI,Universidad de Chile,Peñarol,URU,Peñarol,2.0,1.0,mandante,1.0,0.0,,,,False,,openfootball
2012,Group,,H,1,2012-04-04,Godoy Cruz,ARG,Godoy Cruz,Universidad de Chile,CHI,Universidad de Chile,0.0,1.0,visitante,0.0,1.0,,,,False,,openfootball
2012,Group,,H,1,2012-04-10,Atlético Nacional,COL,Atlético Nacional,Peñarol,URU,Peñarol,3.0,0.0,mandante,2.0,0.0,,,,False,,openfootball
2012,Group,,H,1,2012-04-19,Universidad de Chile,CHI,Universidad de Chile,Atlético Nacional,COL,Atlético Nacional,2.0,1.0,mandante,1.0,0.0,,,,False,,openfootball
2012,Group,,H,1,2012-04-19,Peñarol,URU,Peñarol,Godoy Cruz,ARG,Godoy Cruz,4.0,2.0,mandante,1.0,2.0,,,,False,,openfootball
2012,Playoffs,Round of 16,,1,2012-04-25,Bolívar,BOL,Bolívar,Santos FC,BRA,Santos,2.0,1.0,mandante,1.0,1.0,,,,False,,openfootball
2012,Playoffs,Round of 16,,1,2012-04-25,Internacional,BRA,Internacional,Fluminense RJ,BRA,Fluminense,0.0,0.0,empate,,,,,,False,,openfootball
2012,Playoffs,Round of 16,,1,2012-05-01,Atlético Nacional,COL,Atlético Nacional,Vélez Sarsfield,ARG,Vélez Sarsfield,0.0,1.0,visitante,0.0,1.0,,,,False,,openfootball
2012,Playoffs,Round of 16,,1,2012-05-01,Cruz Azul,MEX,Cruz Azul,Libertad,PAR,Libertad,1.0,1.0,empate,1.0,0.0,,,,False,,openfootball
2012,Playoffs,Round of 16,,1,2012-05-02,Boca Juniors,ARG,Boca Juniors,Unión Española,CHI,Unión Española,2.0,1.0,mandante,1.0,0.0,,,,False,,openfootball
2012,Playoffs,Round of 16,,1,2012-05-02,Emelec,ECU,Emelec,Corinthians SP,BRA,Corinthians,0.0,0.0,empate,,,,,,False,,openfootball
2012,Playoffs,Round of 16,,1,2012-05-02,Vasco da Gama RJ,BRA,Vasco,Lanús,ARG,Lanús,2.0,1.0,mandante,2.0,0.0,,,,False,,openfootball
2012,Playoffs,Round of 16,,1,2012-05-03,Deportivo Quito,ECU,Deportivo Quito,Universidad de Chile,CHI,Universidad de Chile,4.0,1.0,mandante,2.0,1.0,,,,False,,openfootball
2012,Playoffs,Round of 16,,2,2012-05-08,Vélez Sarsfield,ARG,Vélez Sarsfield,Atlético Nacional,COL,Atlético Nacional,1.0,1.0,empate,0.0,0.0,,,,False,,openfootball
2012,Playoffs,Round of 16,,2,2012-05-08,Libertad,PAR,Libertad,Cruz Azul,MEX,Cruz Azul,2.0,0.0,mandante,1.0,0.0,,,,False,,openfootball
2012,Playoffs,Round of 16,,2,2012-05-09,Unión Española,CHI,Unión Española,Boca Juniors,ARG,Boca Juniors,2.0,3.0,visitante,0.0,1.0,,,,False,,openfootball
2012,Playoffs,Round of 16,,2,2012-05-09,Corinthians SP,BRA,Corinthians,Emelec,ECU,Emelec,3.0,0.0,mandante,1.0,0.0,,,,False,,openfootball
2012,Playoffs,Round of 16,,2,2012-05-09,Lanús,ARG,Lanús,Vasco da Gama RJ,BRA,Vasco,2.0,1.0,mandante,0.0,1.0,4.0,5.0,Vasco da Gama RJ,True,,openfootball
2012,Playoffs,Round of 16,,2,2012-05-10,Santos FC,BRA,Santos,Bolívar,BOL,Bolívar,8.0,0.0,mandante,5.0,0.0,,,,False,,openfootball
2012,Playoffs,Round of 16,,2,2012-05-10,Fluminense RJ,BRA,Fluminense,Internacional,BRA,Internacional,2.0,1.0,mandante,2.0,1.0,,,,False,,openfootball
2012,Playoffs,Round of 16,,2,2012-05-10,Universidad de Chile,CHI,Universidad de Chile,Deportivo Quito,ECU,Deportivo Quito,6.0,0.0,mandante,3.0,0.0,,,,False,,openfootball
2012,Finals,Quarterfinals,,1,2012-05-16,Libertad,PAR,Libertad,Universidad de Chile,CHI,Universidad de Chile,1.0,1.0,empate,1.0,0.0,,,,False,,openfootball
2012,Finals,Quarterfinals,,1,2012-05-16,Vasco da Gama RJ,BRA,Vasco,Corinthians SP,BRA,Corinthians,0.0,0.0,empate,,,,,,False,,openfootball
2012,Finals,Quarterfinals,,1,2012-05-17,Boca Juniors,ARG,Boca Juniors,Fluminense RJ,BRA,Fluminense,1.0,0.0,mandante,0.0,0.0,,,,False,,openfootball
2012,Finals,Quarterfinals,,1,2012-05-17,Vélez Sarsfield,ARG,Vélez Sarsfield,Santos FC,BRA,Santos,1.0,0.0,mandante,1.0,0.0,,,,False,,openfootball
2012,Finals,Quarterfinals,,2,2012-05-23,Fluminense RJ,BRA,Fluminense,Boca Juniors,ARG,Boca Juniors,1.0,1.0,empate,1.0,0.0,,,,False,,openfootball
2012,Finals,Quarterfinals,,2,2012-05-23,Corinthians SP,BRA,Corinthians,Vasco da Gama RJ,BRA,Vasco,1.0,0.0,mandante,0.0,0.0,,,,False,,openfootball
2012,Finals,Quarterfinals,,2,2012-05-24,Santos FC,BRA,Santos,Vélez Sarsfield,ARG,Vélez Sarsfield,1.0,0.0,mandante,0.0,0.0,4.0,2.0,Santos FC,True,,openfootball
2012,Finals,Quarterfinals,,2,2012-05-24,Universidad de Chile,CHI,Universidad de Chile,Libertad,PAR,Libertad,1.0,1.0,empate,1.0,1.0,5.0,3.0,Universidad de Chile,True,,openfootball
2012,Finals,Semifinals,,1,2012-06-13,Santos FC,BRA,Santos,Corinthians SP,BRA,Corinthians,0.0,1.0,visitante,0.0,1.0,,,,False,,openfootball
2012,Finals,Semifinals,,1,2012-06-14,Boca Juniors,ARG,Boca Juniors,Universidad de Chile,CHI,Universidad de Chile,2.0,0.0,mandante,1.0,0.0,,,,False,,openfootball
2012,Finals,Semifinals,,2,2012-06-20,Corinthians SP,BRA,Corinthians,Santos FC,BRA,Santos,1.0,1.0,empate,0.0,1.0,,,,False,,openfootball
2012,Finals,Semifinals,,2,2012-06-21,Universidad de Chile,CHI,Universidad de Chile,Boca Juniors,ARG,Boca Juniors,0.0,0.0,empate,,,,,,False,,openfootball
2012,Finals,Final,,1,2012-06-27,Boca Juniors,ARG,Boca Juniors,Corinthians SP,BRA,Corinthians,1.0,1.0,empate,0.0,0.0,,,,False,,openfootball
2012,Finals,Final,,2,2012-07-04,Corinthians SP,BRA,Corinthians,Boca Juniors,ARG,Boca Juniors,2.0,0.0,mandante,0.0,0.0,,,,False,,openfootball
2013,Qualifying,Round 1,,1,2013-01-22,Tigre,ARG,Tigre,Deportivo Anzoátegui,VEN,Deportivo Anzoátegui,2.0,1.0,mandante,0.0,1.0,,,,False,,openfootball
2013,Qualifying,Round 1,,1,2013-01-22,Club León,MEX,León,Deportes Iquique,CHI,Iquique,1.0,1.0,empate,0.0,1.0,,,,False,,openfootball
2013,Qualifying,Round 1,,1,2013-01-23,LDU Quito,ECU,LDU,Grêmio Porto Alegre,BRA,Grêmio,1.0,0.0,mandante,0.0,0.0,,,,False,,openfootball
2013,Qualifying,Round 1,,1,2013-01-23,São Paulo FC,BRA,São Paulo,Bolívar,BOL,Bolívar,5.0,0.0,mandante,3.0,0.0,,,,False,,openfootball
2013,Qualifying,Round 1,,1,2013-01-24,Defensor Sporting,URU,Defensor Sporting,Club Olimpia,PAR,Olimpia,0.0,0.0,empate,,,,,,False,,openfootball
2013,Qualifying,Round 1,,1,2013-01-24,Deportes Tolima,COL,Tolima,Universidad Cesar Vallejo,PER,Universidad César Vallejo,1.0,0.0,mandante,0.0,0.0,,,,False,,openfootball
2013,Qualifying,Round 1,,2,2013-01-29,Deportivo Anzoátegui,VEN,Deportivo Anzoátegui,Tigre,ARG,Tigre,0.0,3.0,visitante,0.0,1.0,,,,False,,openfootball
2013,Qualifying,Round 1,,2,2013-01-29,Deportes Iquique,CHI,Iquique,Club León,MEX,León,1.0,1.0,empate,0.0,0.0,4.0,2.0,Deportes Iquique,True,,openfootball
2013,Qualifying,Round 1,,2,2013-01-30,Grêmio Porto Alegre,BRA,Grêmio,LDU Quito,ECU,LDU,1.0,0.0,mandante,0.0,0.0,5.0,4.0,Grêmio Porto Alegre,True,,openfootball
2013,Qualifying,Round 1,,2,2013-01-30,Bolívar,BOL,Bolívar,São Paulo FC,BRA,São Paulo,4.0,3.0,mandante,1.0,3.0,,,,False,,openfootball
2013,Qualifying,Round 1,,2,2013-01-31,Club Olimpia,PAR,Olimpia,Defensor Sporting,URU,Defensor Sporting,2.0,0.0,mandante,1.0,0.0,,,,False,,openfootball
2013,Qualifying,Round 1,,2,2013-01-31,Universidad Cesar Vallejo,PER,Universidad César Vallejo,Deportes Tolima,COL,Tolima,1.0,1.0,empate,1.0,0.0,,,,False,,openfootball
2013,Group,,A,1,2013-02-12,Nacional,URU,Nacional,Barcelona,ECU,Barcelona SC,2.0,2.0,empate,0.0,2.0,,,,False,,openfootball
2013,Group,,A,1,2013-02-13,Boca Juniors,ARG,Boca Juniors,Deportivo Toluca,MEX,Toluca,1.0,2.0,visitante,1.0,0.0,,,,False,,openfootball
2013,Group,,A,1,2013-02-19,Deportivo Toluca,MEX,Toluca,Nacional,URU,Nacional,2.0,3.0,visitante,1.0,0.0,,,,False,,openfootball
2013,Group,,A,1,2013-02-27,Barcelona,ECU,Barcelona SC,Boca Juniors,ARG,Boca Juniors,1.0,2.0,visitante,0.0,0.0,,,,False,,openfootball
2013,Group,,A,1,2013-03-07,Deportivo Toluca,MEX,Toluca,Barcelona,ECU,Barcelona SC,1.0,1.0,empate,0.0,1.0,,,,False,,openfootball
2013,Group,,A,1,2013-03-07,Boca Juniors,ARG,Boca Juniors,Nacional,URU,Nacional,0.0,1.0,visitante,0.0,1.0,,,,False,,openfootball
2013,Group,,A,1,2013-03-13,Barcelona,ECU,Barcelona SC,Deportivo Toluca,MEX,Toluca,0.0,0.0,empate,,,,,,False,,openfootball
2013,Group,,A,1,2013-03-14,Nacional,URU,Nacional,Boca Juniors,ARG,Boca Juniors,0.0,1.0,visitante,0.0,1.0,,,,False,,openfootball
2013,Group,,A,1,2013-04-03,Boca Juniors,ARG,Boca Juniors,Barcelona,ECU,Barcelona SC,1.0,0.0,mandante,1.0,0.0,,,,False,,openfootball
2013,Group,,A,1,2013-04-04,Nacional,URU,Nacional,Deportivo Toluca,MEX,Toluca,4.0,0.0,mandante,2.0,0.0,,,,False,,openfootball
2013,Group,,A,1,2013-04-17,Barcelona,ECU,Barcelona SC,Nacional,URU,Nacional,1.0,0.0,mandante,1.0,0.0,,,,False,,openfootball
2013,Group,,A,1,2013-04-17,Deportivo Toluca,MEX,Toluca,Boca Juniors,ARG,Boca Juniors,3.0,2.0,mandante,1.0,1.0,,,,False,,openfootball
2013,Group,,F,1,2013-02-14,Palmeiras,BRA,Palmeiras,Sporting Cristal,PER,Sporting Cristal,2.0,1.0,mandante,1.0,0.0,,,,False,,openfootball
2013,Group,,F,1,2013-02-21,Tigre,ARG,Tigre,Libertad,PAR,Libertad,0.0,2.0,visitante,0.0,0.0,,,,False,,openfootball
2013,Group,,F,1,2013-02-28,Sporting Cristal,PER,Sporting Cristal,Tigre,ARG,Tigre,2.0,0.0,mandante,1.0,0.0,,,,False,,openfootball
2013,Group,,F,1,2013-02-28,Libertad,PAR,Libertad,Palmeiras,BRA,Palmeiras,2.0,0.0,mandante,1.0,0.0,,,,False,,openfootball
2013,Group,,F,1,2013-03-06,Libertad,PAR,Libertad,Sporting Cristal,PER,Sporting Cristal,2.0,2.0,empate,0.0,1.0,,,,False,,openfootball
2013,Group,,F,1,2013-03-06,Tigre,ARG,Tigre,Palmeiras,BRA,Palmeiras,1.0,0.0,mandante,0.0,0.0,,,,False,,openfootball
2013,Group,,F,1,2013-03-12,Sporting Cristal,PER,Sporting Cristal,Libertad,PAR,Libertad,1.0,1.0,empate,0.0,0.0,,,,False,,openfootball
2013,Group,,F,1,2013-04-02,Palmeiras,BRA,Palmeiras,Tigre,ARG,Tigre,2.0,0.0,mandante,1.0,0.0,,,,False,,openfootball
2013,Group,,F,1,2013-04-09,Tigre,ARG,Tigre,Sporting Cristal,PER,Sporting Cristal,3.0,1.0,mandante,1.0,0.0,,,,False,,openfootball
2013,Group,,F,1,2013-04-11,Palmeiras,BRA,Palmeiras,Libertad,PAR,Libertad,1.0,0.0,mandante,0.0,0.0,,,,False,,openfootball
2013,Group,,F,1,2013-04-18,Sporting Cristal,PER,Sporting Cristal,Palmeiras,BRA,Palmeiras,1.0,0.0,mandante,0.0,0.0,,,,False,,openfootball
2013,Group,,F,1,2013-04-18,Libertad,PAR,Libertad,Tigre,ARG,Tigre,3.0,5.0,visitante,2.0,3.0,,,,False,,openfootball
2013,Group,,D,1,2013-02-13,Atlético Mineiro,BRA,Atlético Mineiro,São Paulo FC,BRA,São Paulo,2.0,1.0,mandante,1.0,0.0,,,,False,,openfootball
2013,Group,,D,1,2013-02-14,The Strongest,BOL,The Strongest,Arsenal de Sarandí,ARG,Arsenal de Sarandí,2.0,1.0,mandante,1.0,0.0,,,,False,,openfootball
2013,Group,,D,1,2013-02-26,Arsenal de Sarandí,ARG,Arsenal de Sarandí,Atlético Mineiro,BRA,Atlético Mineiro,2.0,5.0,visitante,2.0,3.0,,,,False,,openfootball
2013,Group,,D,1,2013-02-28,São Paulo FC,BRA,São Paulo,The Strongest,BOL,The Strongest,2.0,1.0,mandante,1.0,1.0,,,,False,,openfootball
2013,Group,,D,1,2013-03-07,São Paulo FC,BRA,São Paulo,Arsenal de Sarandí,ARG,Arsenal de Sarandí,1.0,1.0,empate,1.0,0.0,,,,False,,openfootball
2013,Group,,D,1,2013-03-07,Atlético Mineiro,BRA,Atlético Mineiro,The Strongest,BOL,The Strongest,2.0,1.0,mandante,0.0,0.0,,,,False,,openfootball
2013,Group,,D,1,2013-03-13,The Strongest,BOL,The Strongest,Atlético Mineiro,BRA,Atlético Mineiro,1.0,2.0,visitante,1.0,1.0,,,,False,,openfootball
2013,Group,,D,1,2013-03-14,Arsenal de Sarandí,ARG,Arsenal de Sarandí,São Paulo FC,BRA,São Paulo,2.0,1.0,mandante,0.0,0.0,,,,False,,openfootball
2013,Group,,D,1,2013-04-03,Atlético Mineiro,BRA,Atlético Mineiro,Arsenal de Sarandí,ARG,Arsenal de Sarandí,5.0,2.0,mandante,2.0,1.0,,,,False,,openfootball
2013,Group,,D,1,2013-04-04,The Strongest,BOL,The Strongest,São Paulo FC,BRA,São Paulo,2.0,1.0,mandante,1.0,1.0,,,,False,,openfootball
2013,Group,,D,1,2013-04-17,Arsenal de Sarandí,ARG,Arsenal de Sarandí,The Strongest,BOL,The Strongest,2.0,1.0,mandante,1.0,0.0,,,,False,,openfootball
2013,Group,,D,1,2013-04-17,São Paulo FC,BRA,São Paulo,Atlético Mineiro,BRA,Atlético Mineiro,2.0,0.0,mandante,0.0,0.0,,,,False,,openfootball
2013,Group,,B,1,2013-02-12,Emelec,ECU,Emelec,Vélez Sarsfield,ARG,Vélez Sarsfield,1.0,0.0,mandante,0.0,0.0,,,,False,,openfootball
2013,Group,,B,1,2013-02-13,Deportes Iquique,CHI,Iquique,Peñarol,URU,Peñarol,1.0,2.0,visitante,0.0,1.0,,,,False,,openfootball
2013,Group,,B,1,2013-02-19,Peñarol,URU,Peñarol,Emelec,ECU,Emelec,1.0,0.0,mandante,0.0,0.0,,,,False,,openfootball
2013,Group,,B,1,2013-02-20,Vélez Sarsfield,ARG,Vélez Sarsfield,Deportes Iquique,CHI,Iquique,3.0,0.0,mandante,2.0,0.0,,,,False,,openfootball
2013,Group,,B,1,2013-02-26,Peñarol,URU,Peñarol,Vélez Sarsfield,ARG,Vélez Sarsfield,0.0,1.0,visitante,0.0,0.0,,,,False,,openfootball
2013,Group,,B,1,2013-02-27,Deportes Iquique,CHI,Iquique,Emelec,ECU,Emelec,2.0,0.0,mandante,2.0,0.0,,,,False,,openfootball
2013,Group,,B,1,2013-03-05,Emelec,ECU,Emelec,Deportes Iquique,CHI,Iquique,2.0,1.0,mandante,0.0,0.0,,,,False,,openfootball
2013,Group,,B,1,2013-03-12,Vélez Sarsfield,ARG,Vélez Sarsfield,Peñarol,URU,Peñarol,3.0,1.0,mandante,1.0,1.0,,,,False,,openfootball
2013,Group,,B,1,2013-04-02,Deportes Iquique,CHI,Iquique,Vélez Sarsfield,ARG,Vélez Sarsfield,1.0,3.0,visitante,1.0,2.0,,,,False,,openfootball
2013,Group,,B,1,2013-04-02,Emelec,ECU,Emelec,Peñarol,URU,Peñarol,2.0,0.0,mandante,0.0,0.0,,,,False,,openfootball
2013,Group,,B,1,2013-04-09,Peñarol,URU,Peñarol,Deportes Iquique,CHI,Iquique,3.0,0.0,mandante,1.0,0.0,,,,False,,openfootball
2013,Group,,B,1,2013-04-09,Vélez Sarsfield,ARG,Vélez Sarsfield,Emelec,ECU,Emelec,0.0,0.0,empate,,,,,,False,,openfootball
2013,Group,,H,1,2013-02-19,Millonarios,COL,Millonarios,Club Tijuana,MEX,Tijuana,0.0,1.0,visitante,0.0,0.0,,,,False,,openfootball
2013,Group,,H,1,2013-02-20,Club San José,BOL,San José,Corinthians SP,BRA,Corinthians,1.0,1.0,empate,0.0,1.0,,,,False,,openfootball
2013,Group,,H,1,2013-02-27,Club Tijuana,MEX,Tijuana,Club San José,BOL,San José,4.0,0.0,mandante,1.0,0.0,,,,False,,openfootball
2013,Group,,H,1,2013-02-27,Corinthians SP,BRA,Corinthians,Millonarios,COL,Millonarios,2.0,0.0,mandante,1.0,0.0,,,,False,,openfootball
2013,Group,,H,1,2013-03-05,Millonarios,COL,Millonarios,Club San José,BOL,San José,2.0,1.0,mandante,1.0,1.0,,,,False,,openfootball
2013,Group,,H,1,2013-03-06,Club Tijuana,MEX,Tijuana,Corinthians SP,BRA,Corinthians,1.0,0.0,mandante,0.0,0.0,,,,False,,openfootball
2013,Group,,H,1,2013-03-13,Corinthians SP,BRA,Corinthians,Club Tijuana,MEX,Tijuana,3.0,0.0,mandante,2.0,0.0,,,,False,,openfootball
2013,Group,,H,1,2013-03-14,Club San José,BOL,San José,Millonarios,COL,Millonarios,2.0,0.0,mandante,1.0,0.0,,,,False,,openfootball
2013,Group,,H,1,2013-04-03,Club San José,BOL,San José,Club Tijuana,MEX,Tijuana,1.0,1.0,empate,0.0,0.0,,,,False,,openfootball
2013,Group,,H,1,2013-04-03,Millonarios,COL,Millonarios,Corinthians SP,BRA,Corinthians,0.0,1.0,visitante,0.0,0.0,,,,False,,openfootball
2013,Group,,H,1,2013-04-10,Corinthians SP,BRA,Corinthians,Club San José,BOL,San José,3.0,0.0,mandante,1.0,0.0,,,,False,,openfootball
2013,Group,,H,1,2013-04-10,Club Tijuana,MEX,Tijuana,Millonarios,COL,Millonarios,1.0,0.0,mandante,0.0,0.0,,,,False,,openfootball
2013,Group,,G,1,2013-02-14,Real Garcilaso,PER,Real Garcilaso,Santa Fe,COL,Santa Fe,1.0,1.0,empate,0.0,1.0,,,,False,,openfootball
2013,Group,,G,1,2013-02-15,Deportes Tolima,COL,Tolima,Cerro Porteño,PAR,Cerro Porteño,2.0,1.0,mandante,1.0,0.0,,,,False,,openfootball
2013,Group,,G,1,2013-02-21,Cerro Porteño,PAR,Cerro Porteño,Real Garcilaso,PER,Real Garcilaso,0.0,1.0,visitante,0.0,0.0,,,,False,,openfootball
2013,Group,,G,1,2013-02-21,Santa Fe,COL,Santa Fe,Deportes Tolima,COL,Tolima,1.0,1.0,empate,1.0,1.0,,,,False,,openfootball
2013,Group,,G,1,2013-02-26,Deportes Tolima,COL,Tolima,Real Garcilaso,PER,Real Garcilaso,0.0,1.0,visitante,0.0,0.0,,,,False,,openfootball
2013,Group,,G,1,2013-03-07,Cerro Porteño,PAR,Cerro Porteño,Santa Fe,COL,Santa Fe,1.0,2.0,visitante,1.0,0.0,,,,False,,openfootball
2013,Group,,G,1,2013-04-02,Real Garcilaso,PER,Real Garcilaso,Deportes Tolima,COL,Tolima,0.0,3.0,visitante,0.0,0.0,,,,False,,openfootball
2013,Group,,G,1,2013-04-02,Santa Fe,COL,Santa Fe,Cerro Porteño,PAR,Cerro Porteño,1.0,0.0,mandante,1.0,0.0,,,,False,,openfootball
2013,Group,,G,1,2013-04-09,Deportes Tolima,COL,Tolima,Santa Fe,COL,Santa Fe,1.0,2.0,visitante,0.0,0.0,,,,False,,openfootball
2013,Group,,G,1,2013-04-10,Real Garcilaso,PER,Real Garcilaso,Cerro Porteño,PAR,Cerro Porteño,5.0,1.0,mandante,2.0,1.0,,,,False,,openfootball
2013,Group,,G,1,2013-04-16,Santa Fe,COL,Santa Fe,Real Garcilaso,PER,Real Garcilaso,2.0,0.0,mandante,0.0,0.0,,,,False,,openfootball
2013,Group,,G,1,2013-04-16,Cerro Porteño,PAR,Cerro Porteño,Deportes Tolima,COL,Tolima,0.0,0.0,empate,,,,,,False,,openfootball
2013,Group,,C,1,2013-02-12,Universidad de Chile,CHI,Universidad de Chile,Deportivo Lara,VEN,Deportivo Lara,2.0,0.0,mandante,1.0,0.0,,,,False,,openfootball
2013,Group,,C,1,2013-02-14,Newell's Old Boys,ARG,Newell's Old Boys,Club Olimpia,PAR,Olimpia,3.0,1.0,mandante,0.0,0.0,,,,False,,openfootball
2013,Group,,C,1,2013-02-19,Club Olimpia,PAR,Olimpia,Universidad de Chile,CHI,Universidad de Chile,3.0,0.0,mandante,2.0,0.0,,,,False,,openfootball
2013,Group,,C,1,2013-02-21,Deportivo Lara,VEN,Deportivo Lara,Newell's Old Boys,ARG,Newell's Old Boys,2.0,1.0,mandante,1.0,0.0,,,,False,,openfootball
2013,Group,,C,1,2013-03-05,Club Olimpia,PAR,Olimpia,Deportivo Lara,VEN,Deportivo Lara,2.0,2.0,empate,1.0,0.0,,,,False,,openfootball
2013,Group,,C,1,2013-03-05,Newell's Old Boys,ARG,Newell's Old Boys,Universidad de Chile,CHI,Universidad de Chile,1.0,2.0,visitante,1.0,2.0,,,,False,,openfootball
2013,Group,,C,1,2013-03-12,Universidad de Chile,CHI,Universidad de Chile,Newell's Old Boys,ARG,Newell's Old Boys,0.0,2.0,visitante,0.0,1.0,,,,False,,openfootball
2013,Group,,C,1,2013-03-13,Deportivo Lara,VEN,Deportivo Lara,Club Olimpia,PAR,Olimpia,1.0,5.0,visitante,0.0,3.0,,,,False,,openfootball
2013,Group,,C,1,2013-04-04,Newell's Old Boys,ARG,Newell's Old Boys,Deportivo Lara,VEN,Deportivo Lara,3.0,1.0,mandante,2.0,0.0,,,,False,,openfootball
2013,Group,,C,1,2013-04-04,Universidad de Chile,CHI,Universidad de Chile,Club Olimpia,PAR,Olimpia,0.0,1.0,visitante,0.0,0.0,,,,False,,openfootball
2013,Group,,C,1,2013-04-11,Deportivo Lara,VEN,Deportivo Lara,Universidad de Chile,CHI,Universidad de Chile,2.0,3.0,visitante,1.0,1.0,,,,False,,openfootball
2013,Group,,C,1,2013-04-11,Club Olimpia,PAR,Olimpia,Newell's Old Boys,ARG,Newell's Old Boys,4.0,1.0,mandante,1.0,0.0,,,,False,,openfootball
2013,Group,,E,1,2013-02-13,Caracas FC,VEN,Caracas,Fluminense RJ,BRA,Fluminense,0.0,1.0,visitante,0.0,1.0,,,,False,,openfootball
2013,Group,,E,1,2013-02-14,Grêmio Porto Alegre,BRA,Grêmio,Huachipato,CHI,Huachipato,1.0,2.0,visitante,0.0,1.0,,,,False,,openfootball
2013,Group,,E,1,2013-02-20,Huachipato,CHI,Huachipato,Caracas FC,VEN,Caracas,1.0,3.0,visitante,0.0,2.0,,,,False,,openfootball
2013,Group,,E,1,2013-02-20,Fluminense RJ,BRA,Fluminense,Grêmio Porto Alegre,BRA,Grêmio,0.0,3.0,visitante,0.0,1.0,,,,False,,openfootball
2013,Group,,E,1,2013-02-27,Huachipato,CHI,Huachipato,Fluminense RJ,BRA,Fluminense,1.0,2.0,visitante,1.0,0.0,,,,False,,openfootball
2013,Group,,E,1,2013-03-05,Grêmio Porto Alegre,BRA,Grêmio,Caracas FC,VEN,Caracas,4.0,1.0,mandante,2.0,0.0,,,,False,,openfootball
2013,Group,,E,1,2013-03-06,Fluminense RJ,BRA,Fluminense,Huachipato,CHI,Huachipato,1.0,1.0,empate,1.0,0.0,,,,False,,openfootball
2013,Group,,E,1,2013-03-12,Caracas FC,VEN,Caracas,Grêmio Porto Alegre,BRA,Grêmio,2.0,1.0,mandante,1.0,1.0,,,,False,,openfootball
2013,Group,,E,1,2013-04-03,Caracas FC,VEN,Caracas,Huachipato,CHI,Huachipato,0.0,4.0,visitante,0.0,2.0,,,,False,,openfootball
2013,Group,,E,1,2013-04-10,Grêmio Porto Alegre,BRA,Grêmio,Fluminense RJ,BRA,Fluminense,0.0,0.0,empate,,,,,,False,,openfootball
2013,Group,,E,1,2013-04-18,Fluminense RJ,BRA,Fluminense,Caracas FC,VEN,Caracas,1.0,0.0,mandante,0.0,0.0,,,,False,,openfootball
2013,Group,,E,1,2013-04-18,Huachipato,CHI,Huachipato,Grêmio Porto Alegre,BRA,Grêmio,1.0,1.0,empate,0.0,1.0,,,,False,,openfootball
2013,Playoffs,Round of 16,,1,2013-04-24,Newell's Old Boys,ARG,Newell's Old Boys,Vélez Sarsfield,ARG,Vélez Sarsfield,0.0,1.0,visitante,0.0,0.0,,,,False,,openfootball
2013,Playoffs,Round of 16,,1,2013-04-25,Real Garcilaso,PER,Real Garcilaso,Nacional,URU,Nacional,1.0,0.0,mandante,1.0,0.0,,,,False,,openfootball
2013,Playoffs,Round of 16,,1,2013-04-30,Tigre,ARG,Tigre,Club Olimpia,PAR,Olimpia,2.0,1.0,mandante,1.0,0.0,,,,False,,openfootball
2013,Playoffs,Round of 16,,1,2013-04-30,Club Tijuana,MEX,Tijuana,Palmeiras,BRA,Palmeiras,0.0,0.0,empate,,,,,,False,,openfootball
2013,Playoffs,Round of 16,,1,2013-05-01,Grêmio Porto Alegre,BRA,Grêmio,Santa Fe,COL,Santa Fe,2.0,1.0,mandante,1.0,0.0,,,,False,,openfootball
2013,Playoffs,Round of 16,,1,2013-05-01,Boca Juniors,ARG,Boca Juniors,Corinthians SP,BRA,Corinthians,1.0,0.0,mandante,0.0,0.0,,,,False,,openfootball
2013,Playoffs,Round of 16,,1,2013-05-02,São Paulo FC,BRA,São Paulo,Atlético Mineiro,BRA,Atlético Mineiro,1.0,2.0,visitante,1.0,1.0,,,,False,,openfootball
2013,Playoffs,Round of 16,,1,2013-05-02,Emelec,ECU,Emelec,Fluminense RJ,BRA,Fluminense,2.0,1.0,mandante,1.0,1.0,,,,False,,openfootball
2013,Playoffs,Round of 16,,2,2013-05-08,Atlético Mineiro,BRA,Atlético Mineiro,São Paulo FC,BRA,São Paulo,4.0,1.0,mandante,1.0,0.0,,,,False,,openfootball
2013,Playoffs,Round of 16,,2,2013-05-08,Fluminense RJ,BRA,Fluminense,Emelec,ECU,Emelec,2.0,0.0,mandante,1.0,0.0,,,,False,,openfootball
2013,Playoffs,Round of 16,,2,2013-05-09,Nacional,URU,Nacional,Real Garcilaso,PER,Real Garcilaso,1.0,0.0,mandante,0.0,0.0,1.0,4.0,Real Garcilaso,True,,openfootball
2013,Playoffs,Round of 16,,2,2013-05-14,Palmeiras,BRA,Palmeiras,Club Tijuana,MEX,Tijuana,1.0,2.0,visitante,0.0,1.0,,,,False,,openfootball
2013,Playoffs,Round of 16,,2,2013-05-15,Vélez Sarsfield,ARG,Vélez Sarsfield,Newell's Old Boys,ARG,Newell's Old Boys,1.0,2.0,visitante,0.0,2.0,,,,False,,openfootball
2013,Playoffs,Round of 16,,2,2013-05-15,Corinthians SP,BRA,Corinthians,Boca Juniors,ARG,Boca Juniors,1.0,1.0,empate,0.0,1.0,,,,False,,openfootball
2013,Playoffs,Round of 16,,2,2013-05-16,Club Olimpia,PAR,Olimpia,Tigre,ARG,Tigre,2.0,0.0,mandante,0.0,0.0,,,,False,,openfootball
2013,Playoffs,Round of 16,,2,2013-05-16,Santa Fe,COL,Santa Fe,Grêmio Porto Alegre,BRA,Grêmio,1.0,0.0,mandante,0.0,0.0,,,,False,,openfootball
2013,Finals,Quarterfinals,,1,2013-05-22,Real Garcilaso,PER,Real Garcilaso,Santa Fe,COL,Santa Fe,1.0,3.0,visitante,0.0,2.0,,,,False,,openfootball
2013,Finals,Quarterfinals,,1,2013-05-22,Fluminense RJ,BRA,Fluminense,Club Olimpia,PAR,Olimpia,0.0,0.0,empate,,,,,,False,,openfootball
2013,Finals,Quarterfinals,,1,2013-05-23,Club Tijuana,MEX,Tijuana,Atlético Mineiro,BRA,Atlético Mineiro,2.0,2.0,empate,1.0,0.0,,,,False,,openfootball
2013,Finals,Quarterfinals,,1,2013-05-23,Boca Juniors,ARG,Boca Juniors,Newell's Old Boys,ARG,Newell's Old Boys,0.0,0.0,empate,,,,,,False,,openfootball
2013,Finals,Quarterfinals,,2,2013-05-28,Santa Fe,COL,Santa Fe,Real Garcilaso,PER,Real Garcilaso,2.0,0.0,mandante,1.0,0.0,,,,False,,openfootball
2013,Finals,Quarterfinals,,2,2013-05-29,Newell's Old Boys,ARG,Newell's Old Boys,Boca Juniors,ARG,Boca Juniors,0.0,0.0,empate,,,10.0,9.0,Newell's Old Boys,True,,openfootball
2013,Finals,Quarterfinals,,2,2013-05-29,Club Olimpia,PAR,Olimpia,Fluminense RJ,BRA,Fluminense,2.0,1.0,mandante,2.0,1.0,,,,False,,openfootball
2013,Finals,Quarterfinals,,2,2013-05-30,Atlético Mineiro,BRA,Atlético Mineiro,Club Tijuana,MEX,Tijuana,1.0,1.0,empate,1.0,1.0,,,,False,,openfootball
2013,Finals,Semifinals,,1,2013-07-02,Club Olimpia,PAR,Olimpia,Santa Fe,COL,Santa Fe,2.0,0.0,mandante,0.0,0.0,,,,False,,openfootball
2013,Finals,Semifinals,,1,2013-07-03,Newell's Old Boys,ARG,Newell's Old Boys,Atlético Mineiro,BRA,Atlético Mineiro,2.0,0.0,mandante,0.0,0.0,,,,False,,openfootball
2013,Finals,Semifinals,,2,2013-07-09,Santa Fe,COL,Santa Fe,Club Olimpia,PAR,Olimpia,1.0,0.0,mandante,0.0,0.0,,,,False,,openfootball
2013,Finals,Semifinals,,2,2013-07-10,Atlético Mineiro,BRA,Atlético Mineiro,Newell's Old Boys,ARG,Newell's Old Boys,2.0,0.0,mandante,1.0,0.0,3.0,2.0,Atlético Mineiro,True,,openfootball
2013,Finals,Final,,1,2013-07-17,Club Olimpia,PAR,Olimpia,Atlético Mineiro,BRA,Atlético Mineiro,2.0,0.0,mandante,1.0,0.0,,,,False,,openfootball
2013,Finals,Final,,2,2013-07-24,Atlético Mineiro,BRA,Atlético Mineiro,Club Olimpia,PAR,Olimpia,2.0,0.0,mandante,0.0,0.0,4.0,3.0,Atlético Mineiro,True,,openfootball
2014,Qualifying,Round 1,,1,2014-01-28,Oriente Petrolero,BOL,Oriente Petrolero,Nacional,URU,Nacional,1.0,0.0,mandante,1.0,0.0,,,,False,,openfootball
2014,Qualifying,Round 1,,1,2014-01-28,Monarcas Morelia,MEX,Morelia,Santa Fe,COL,Santa Fe,2.0,1.0,mandante,1.0,0.0,,,,False,,openfootball
2014,Qualifying,Round 1,,1,2014-01-29,Sporting Cristal,PER,Sporting Cristal,Athletico Paranaense,BRA,Athletico-PR,2.0,1.0,mandante,1.0,0.0,,,,False,,openfootball
2014,Qualifying,Round 1,,1,2014-01-29,Deportivo Quito,ECU,Deportivo Quito,Botafogo RJ,BRA,Botafogo,1.0,0.0,mandante,1.0,0.0,,,,False,,openfootball
2014,Qualifying,Round 1,,1,2014-01-30,Universidad de Chile,CHI,Universidad de Chile,Guaraní,PAR,Guaraní,1.0,0.0,mandante,0.0,0.0,,,,False,,openfootball
2014,Qualifying,Round 1,,1,2014-01-30,Caracas FC,VEN,Caracas,Lanús,ARG,Lanús,0.0,2.0,visitante,0.0,1.0,,,,False,,openfootball
2014,Qualifying,Round 1,,2,2014-02-04,Nacional,URU,Nacional,Oriente Petrolero,BOL,Oriente Petrolero,2.0,0.0,mandante,1.0,0.0,,,,False,,openfootball
2014,Qualifying,Round 1,,2,2014-02-04,Santa Fe,COL,Santa Fe,Monarcas Morelia,MEX,Morelia,1.0,0.0,mandante,0.0,0.0,,,,False,,openfootball
2014,Qualifying,Round 1,,2,2014-02-05,Athletico Paranaense,BRA,Athletico-PR,Sporting Cristal,PER,Sporting Cristal,2.0,1.0,mandante,0.0,0.0,5.0,4.0,Athletico Paranaense,True,,openfootball
2014,Qualifying,Round 1,,2,2014-02-05,Botafogo RJ,BRA,Botafogo,Deportivo Quito,ECU,Deportivo Quito,4.0,0.0,mandante,1.0,0.0,,,,False,,openfootball
2014,Qualifying,Round 1,,2,2014-02-06,Guaraní,PAR,Guaraní,Universidad de Chile,CHI,Universidad de Chile,2.0,3.0,visitante,1.0,0.0,,,,False,,openfootball
2014,Qualifying,Round 1,,2,2014-02-06,Lanús,ARG,Lanús,Caracas FC,VEN,Caracas,1.0,0.0,mandante,0.0,0.0,,,,False,,openfootball
2014,Group,,D,1,2014-02-12,Universitario de Deportes,PER,Universitario,Vélez Sarsfield,ARG,Vélez Sarsfield,0.0,1.0,visitante,0.0,0.0,,,,False,,openfootball
2014,Group,,D,1,2014-02-13,Athletico Paranaense,BRA,Athletico-PR,The Strongest,BOL,The Strongest,1.0,0.0,mandante,1.0,0.0,,,,False,,openfootball
2014,Group,,D,1,2014-02-20,The Strongest,BOL,The Strongest,Universitario de Deportes,PER,Universitario,1.0,0.0,mandante,0.0,0.0,,,,False,,openfootball
2014,Group,,D,1,2014-02-25,Vélez Sarsfield,ARG,Vélez Sarsfield,Athletico Paranaense,BRA,Athletico-PR,2.0,0.0,mandante,1.0,0.0,,,,False,,openfootball
2014,Group,,D,1,2014-03-11,The Strongest,BOL,The Strongest,Vélez Sarsfield,ARG,Vélez Sarsfield,2.0,0.0,mandante,0.0,0.0,,,,False,,openfootball
2014,Group,,D,1,2014-03-13,Universitario de Deportes,PER,Universitario,Athletico Paranaense,BRA,Athletico-PR,0.0,1.0,visitante,0.0,0.0,,,,False,,openfootball
2014,Group,,D,1,2014-03-18,Vélez Sarsfield,ARG,Vélez Sarsfield,The Strongest,BOL,The Strongest,2.0,0.0,mandante,0.0,0.0,,,,False,,openfootball
2014,Group,,D,1,2014-03-20,Athletico Paranaense,BRA,Athletico-PR,Universitario de Deportes,PER,Universitario,3.0,0.0,mandante,1.0,0.0,,,,False,,openfootball
2014,Group,,D,1,2014-03-26,Athletico Paranaense,BRA,Athletico-PR,Vélez Sarsfield,ARG,Vélez Sarsfield,1.0,3.0,visitante,0.0,1.0,,,,False,,openfootball
2014,Group,,D,1,2014-03-27,Universitario de Deportes,PER,Universitario,The Strongest,BOL,The Strongest,3.0,3.0,empate,2.0,1.0,,,,False,,openfootball
2014,Group,,D,1,2014-04-08,Vélez Sarsfield,ARG,Vélez Sarsfield,Universitario de Deportes,PER,Universitario,1.0,0.0,mandante,0.0,0.0,,,,False,,openfootball
2014,Group,,D,1,2014-04-08,The Strongest,BOL,The Strongest,Athletico Paranaense,BRA,Athletico-PR,2.0,1.0,mandante,1.0,1.0,,,,False,,openfootball
2014,Group,,A,1,2014-02-11,Botafogo RJ,BRA,Botafogo,San Lorenzo,ARG,San Lorenzo,2.0,0.0,mandante,1.0,0.0,,,,False,,openfootball
2014,Group,,A,1,2014-02-18,Club Social y Deportivo Independiente José Terán,ECU,Independiente del Valle,Unión Española,CHI,Unión Española,2.0,2.0,empate,1.0,0.0,,,,False,,openfootball
2014,Group,,A,1,2014-02-26,Unión Española,CHI,Unión Española,Botafogo RJ,BRA,Botafogo,1.0,1.0,empate,0.0,0.0,,,,False,,openfootball
2014,Group,,A,1,2014-02-27,San Lorenzo,ARG,San Lorenzo,Club Social y Deportivo Independiente José Terán,ECU,Independiente del Valle,1.0,0.0,mandante,0.0,0.0,,,,False,,openfootball
2014,Group,,A,1,2014-03-12,San Lorenzo,ARG,San Lorenzo,Unión Española,CHI,Unión Española,1.0,1.0,empate,1.0,0.0,,,,False,,openfootball
2014,Group,,A,1,2014-03-12,Club Social y Deportivo Independiente José Terán,ECU,Independiente del Valle,Botafogo RJ,BRA,Botafogo,2.0,1.0,mandante,1.0,0.0,,,,False,,openfootball
2014,Group,,A,1,2014-03-18,Botafogo RJ,BRA,Botafogo,Club Social y Deportivo Independiente José Terán,ECU,Independiente del Valle,1.0,0.0,mandante,1.0,0.0,,,,False,,openfootball
2014,Group,,A,1,2014-03-20,Unión Española,CHI,Unión Española,San Lorenzo,ARG,San Lorenzo,1.0,0.0,mandante,0.0,0.0,,,,False,,openfootball
2014,Group,,A,1,2014-03-27,Club Social y Deportivo Independiente José Terán,ECU,Independiente del Valle,San Lorenzo,ARG,San Lorenzo,1.0,1.0,empate,0.0,0.0,,,,False,,openfootball
2014,Group,,A,1,2014-04-02,Botafogo RJ,BRA,Botafogo,Unión Española,CHI,Unión Española,0.0,1.0,visitante,0.0,0.0,,,,False,,openfootball
2014,Group,,A,1,2014-04-09,Unión Española,CHI,Unión Española,Club Social y Deportivo Independiente José Terán,ECU,Independiente del Valle,4.0,5.0,visitante,1.0,1.0,,,,False,,openfootball
2014,Group,,A,1,2014-04-09,San Lorenzo,ARG,San Lorenzo,Botafogo RJ,BRA,Botafogo,3.0,0.0,mandante,1.0,0.0,,,,False,,openfootball
2014,Group,,G,1,2014-02-13,Deportivo Cali,COL,Deportivo Cali,Cerro Porteño,PAR,Cerro Porteño,1.0,0.0,mandante,0.0,0.0,,,,False,,openfootball
2014,Group,,G,1,2014-02-13,Lanús,ARG,Lanús,O'Higgins,CHI,O'Higgins,0.0,0.0,empate,,,,,,False,,openfootball
2014,Group,,G,1,2014-02-19,O'Higgins,CHI,O'Higgins,Deportivo Cali,COL,Deportivo Cali,1.0,0.0,mandante,0.0,0.0,,,,False,,openfootball
2014,Group,,G,1,2014-02-26,Cerro Porteño,PAR,Cerro Porteño,Lanús,ARG,Lanús,3.0,1.0,mandante,0.0,0.0,,,,False,,openfootball
2014,Group,,G,1,2014-03-13,O'Higgins,CHI,O'Higgins,Cerro Porteño,PAR,Cerro Porteño,2.0,2.0,empate,1.0,0.0,,,,False,,openfootball
2014,Group,,G,1,2014-03-13,Deportivo Cali,COL,Deportivo Cali,Lanús,ARG,Lanús,2.0,1.0,mandante,0.0,1.0,,,,False,,openfootball
2014,Group,,G,1,2014-03-20,Cerro Porteño,PAR,Cerro Porteño,O'Higgins,CHI,O'Higgins,2.0,1.0,mandante,2.0,1.0,,,,False,,openfootball
2014,Group,,G,1,2014-03-20,Lanús,ARG,Lanús,Deportivo Cali,COL,Deportivo Cali,2.0,0.0,mandante,2.0,0.0,,,,False,,openfootball
2014,Group,,G,1,2014-03-26,Deportivo Cali,COL,Deportivo Cali,O'Higgins,CHI,O'Higgins,1.0,1.0,empate,0.0,0.0,,,,False,,openfootball
2014,Group,,G,1,2014-03-27,Lanús,ARG,Lanús,Cerro Porteño,PAR,Cerro Porteño,2.0,0.0,mandante,0.0,0.0,,,,False,,openfootball
2014,Group,,G,1,2014-04-08,Cerro Porteño,PAR,Cerro Porteño,Deportivo Cali,COL,Deportivo Cali,3.0,2.0,mandante,2.0,1.0,,,,False,,openfootball
2014,Group,,G,1,2014-04-08,O'Higgins,CHI,O'Higgins,Lanús,ARG,Lanús,0.0,0.0,empate,,,,,,False,,openfootball
2014,Group,,B,1,2014-02-11,Zamora FC,VEN,Zamora,Atlético Mineiro,BRA,Atlético Mineiro,0.0,1.0,visitante,0.0,0.0,,,,False,,openfootball
2014,Group,,B,1,2014-02-12,Santa Fe,COL,Santa Fe,Club Nacional,PAR,Nacional,3.0,1.0,mandante,0.0,0.0,,,,False,,openfootball
2014,Group,,B,1,2014-02-20,Club Nacional,PAR,Nacional,Zamora FC,VEN,Zamora,1.0,0.0,mandante,1.0,0.0,,,,False,,openfootball
2014,Group,,B,1,2014-02-26,Atlético Mineiro,BRA,Atlético Mineiro,Santa Fe,COL,Santa Fe,2.0,1.0,mandante,0.0,0.0,,,,False,,openfootball
2014,Group,,B,1,2014-03-12,Club Nacional,PAR,Nacional,Atlético Mineiro,BRA,Atlético Mineiro,2.0,2.0,empate,1.0,2.0,,,,False,,openfootball
2014,Group,,B,1,2014-03-12,Zamora FC,VEN,Zamora,Santa Fe,COL,Santa Fe,2.0,1.0,mandante,0.0,0.0,,,,False,,openfootball
2014,Group,,B,1,2014-03-18,Santa Fe,COL,Santa Fe,Zamora FC,VEN,Zamora,2.0,2.0,empate,1.0,1.0,,,,False,,openfootball
2014,Group,,B,1,2014-03-19,Atlético Mineiro,BRA,Atlético Mineiro,Club Nacional,PAR,Nacional,1.0,1.0,empate,1.0,1.0,,,,False,,openfootball
2014,Group,,B,1,2014-03-25,Zamora FC,VEN,Zamora,Club Nacional,PAR,Nacional,2.0,0.0,mandante,0.0,0.0,,,,False,,openfootball
2014,Group,,B,1,2014-04-03,Santa Fe,COL,Santa Fe,Atlético Mineiro,BRA,Atlético Mineiro,1.0,1.0,empate,0.0,1.0,,,,False,,openfootball
2014,Group,,B,1,2014-04-10,Atlético Mineiro,BRA,Atlético Mineiro,Zamora FC,VEN,Zamora,1.0,0.0,mandante,1.0,0.0,,,,False,,openfootball
2014,Group,,B,1,2014-04-10,Club Nacional,PAR,Nacional,Santa Fe,COL,Santa Fe,3.0,2.0,mandante,1.0,1.0,,,,False,,openfootball
2014,Group,,E,1,2014-02-12,Real Garcilaso,PER,Real Garcilaso,Cruzeiro,BRA,Cruzeiro,2.0,1.0,mandante,0.0,1.0,,,,False,,openfootball
2014,Group,,E,1,2014-02-13,Universidad de Chile,CHI,Universidad de Chile,Defensor Sporting,URU,Defensor Sporting,1.0,0.0,mandante,0.0,0.0,,,,False,,openfootball
2014,Group,,E,1,2014-02-19,Defensor Sporting,URU,Defensor Sporting,Real Garcilaso,PER,Real Garcilaso,4.0,1.0,mandante,1.0,1.0,,,,False,,openfootball
2014,Group,,E,1,2014-02-25,Cruzeiro,BRA,Cruzeiro,Universidad de Chile,CHI,Universidad de Chile,5.0,1.0,mandante,3.0,0.0,,,,False,,openfootball
2014,Group,,E,1,2014-03-11,Defensor Sporting,URU,Defensor Sporting,Cruzeiro,BRA,Cruzeiro,2.0,0.0,mandante,0.0,0.0,,,,False,,openfootball
2014,Group,,E,1,2014-03-11,Real Garcilaso,PER,Real Garcilaso,Universidad de Chile,CHI,Universidad de Chile,1.0,2.0,visitante,1.0,1.0,,,,False,,openfootball
2014,Group,,E,1,2014-03-18,Universidad de Chile,CHI,Universidad de Chile,Real Garcilaso,PER,Real Garcilaso,1.0,0.0,mandante,0.0,0.0,,,,False,,openfootball
2014,Group,,E,1,2014-03-20,Cruzeiro,BRA,Cruzeiro,Defensor Sporting,URU,Defensor Sporting,2.0,2.0,empate,1.0,0.0,,,,False,,openfootball
2014,Group,,E,1,2014-04-01,Real Garcilaso,PER,Real Garcilaso,Defensor Sporting,URU,Defensor Sporting,0.0,2.0,visitante,0.0,0.0,,,,False,,openfootball
2014,Group,,E,1,2014-04-03,Universidad de Chile,CHI,Universidad de Chile,Cruzeiro,BRA,Cruzeiro,0.0,2.0,visitante,0.0,2.0,,,,False,,openfootball
2014,Group,,E,1,2014-04-09,Cruzeiro,BRA,Cruzeiro,Real Garcilaso,PER,Real Garcilaso,3.0,0.0,mandante,3.0,0.0,,,,False,,openfootball
2014,Group,,E,1,2014-04-09,Defensor Sporting,URU,Defensor Sporting,Universidad de Chile,CHI,Universidad de Chile,1.0,1.0,empate,0.0,1.0,,,,False,,openfootball
2014,Group,,H,1,2014-02-13,Nacional,URU,Nacional,Grêmio Porto Alegre,BRA,Grêmio,0.0,1.0,visitante,0.0,0.0,,,,False,,openfootball
2014,Group,,H,1,2014-02-14,Atlético Nacional,COL,Atlético Nacional,Newell's Old Boys,ARG,Newell's Old Boys,1.0,0.0,mandante,0.0,0.0,,,,False,,openfootball
2014,Group,,H,1,2014-02-25,Grêmio Porto Alegre,BRA,Grêmio,Atlético Nacional,COL,Atlético Nacional,3.0,0.0,mandante,1.0,0.0,,,,False,,openfootball
2014,Group,,H,1,2014-02-27,Newell's Old Boys,ARG,Newell's Old Boys,Nacional,URU,Nacional,4.0,0.0,mandante,2.0,0.0,,,,False,,openfootball
2014,Group,,H,1,2014-03-11,Atlético Nacional,COL,Atlético Nacional,Nacional,URU,Nacional,2.0,2.0,empate,0.0,2.0,,,,False,,openfootball
2014,Group,,H,1,2014-03-13,Grêmio Porto Alegre,BRA,Grêmio,Newell's Old Boys,ARG,Newell's Old Boys,0.0,0.0,empate,,,,,,False,,openfootball
2014,Group,,H,1,2014-03-18,Nacional,URU,Nacional,Atlético Nacional,COL,Atlético Nacional,0.0,1.0,visitante,0.0,0.0,,,,False,,openfootball
2014,Group,,H,1,2014-03-19,Newell's Old Boys,ARG,Newell's Old Boys,Grêmio Porto Alegre,BRA,Grêmio,1.0,1.0,empate,0.0,0.0,,,,False,,openfootball
2014,Group,,H,1,2014-03-26,Nacional,URU,Nacional,Newell's Old Boys,ARG,Newell's Old Boys,2.0,4.0,visitante,1.0,1.0,,,,False,,openfootball
2014,Group,,H,1,2014-04-02,Atlético Nacional,COL,Atlético Nacional,Grêmio Porto Alegre,BRA,Grêmio,0.0,2.0,visitante,0.0,0.0,,,,False,,openfootball
2014,Group,,H,1,2014-04-10,Newell's Old Boys,ARG,Newell's Old Boys,Atlético Nacional,COL,Atlético Nacional,1.0,3.0,visitante,1.0,2.0,,,,False,,openfootball
2014,Group,,H,1,2014-04-10,Grêmio Porto Alegre,BRA,Grêmio,Nacional,URU,Nacional,1.0,0.0,mandante,1.0,0.0,,,,False,,openfootball
2014,Group,,F,1,2014-02-12,Club León,MEX,León,Flamengo RJ,BRA,Flamengo,2.0,1.0,mandante,1.0,1.0,,,,False,,openfootball
2014,Group,,F,1,2014-02-14,Emelec,ECU,Emelec,Bolívar,BOL,Bolívar,2.0,1.0,mandante,1.0,1.0,,,,False,,openfootball
2014,Group,,F,1,2014-02-19,Bolívar,BOL,Bolívar,Club León,MEX,León,1.0,1.0,empate,0.0,1.0,,,,False,,openfootball
2014,Group,,F,1,2014-02-26,Flamengo RJ,BRA,Flamengo,Emelec,ECU,Emelec,3.0,1.0,mandante,1.0,0.0,,,,False,,openfootball
2014,Group,,F,1,2014-03-11,Emelec,ECU,Emelec,Club León,MEX,León,2.0,1.0,mandante,1.0,1.0,,,,False,,openfootball
2014,Group,,F,1,2014-03-12,Flamengo RJ,BRA,Flamengo,Bolívar,BOL,Bolívar,2.0,2.0,empate,0.0,0.0,,,,False,,openfootball
2014,Group,,F,1,2014-03-19,Bolívar,BOL,Bolívar,Flamengo RJ,BRA,Flamengo,1.0,0.0,mandante,1.0,0.0,,,,False,,openfootball
2014,Group,,F,1,2014-03-19,Club León,MEX,León,Emelec,ECU,Emelec,3.0,0.0,mandante,1.0,0.0,,,,False,,openfootball
2014,Group,,F,1,2014-03-27,Club León,MEX,León,Bolívar,BOL,Bolívar,0.0,1.0,visitante,0.0,0.0,,,,False,,openfootball
2014,Group,,F,1,2014-04-02,Emelec,ECU,Emelec,Flamengo RJ,BRA,Flamengo,1.0,2.0,visitante,0.0,1.0,,,,False,,openfootball
2014,Group,,F,1,2014-04-09,Bolívar,BOL,Bolívar,Emelec,ECU,Emelec,2.0,1.0,mandante,1.0,0.0,,,,False,,openfootball
2014,Group,,F,1,2014-04-09,Flamengo RJ,BRA,Flamengo,Club León,MEX,León,2.0,3.0,visitante,2.0,2.0,,,,False,,openfootball
2014,Group,,C,1,2014-02-11,Santos Laguna,MEX,Santos Laguna,Arsenal de Sarandí,ARG,Arsenal de Sarandí,1.0,0.0,mandante,1.0,0.0,,,,False,,openfootball
2014,Group,,C,1,2014-02-12,Deportivo Anzoátegui,VEN,Deportivo Anzoátegui,Peñarol,URU,Peñarol,1.0,1.0,empate,1.0,0.0,,,,False,,openfootball
2014,Group,,C,1,2014-02-18,Peñarol,URU,Peñarol,Santos Laguna,MEX,Santos Laguna,0.0,2.0,visitante,0.0,0.0,,,,False,,openfootball
2014,Group,,C,1,2014-02-25,Arsenal de Sarandí,ARG,Arsenal de Sarandí,Deportivo Anzoátegui,VEN,Deportivo Anzoátegui,3.0,0.0,mandante,2.0,0.0,,,,False,,openfootball
2014,Group,,C,1,2014-03-11,Deportivo Anzoátegui,VEN,Deportivo Anzoátegui,Santos Laguna,MEX,Santos Laguna,1.0,1.0,empate,0.0,0.0,,,,False,,openfootball
2014,Group,,C,1,2014-03-13,Arsenal de Sarandí,ARG,Arsenal de Sarandí,Peñarol,URU,Peñarol,1.0,0.0,mandante,1.0,0.0,,,,False,,openfootball
2014,Group,,C,1,2014-03-19,Santos Laguna,MEX,Santos Laguna,Deportivo Anzoátegui,VEN,Deportivo Anzoátegui,3.0,0.0,mandante,1.0,0.0,,,,False,,openfootball
2014,Group,,C,1,2014-03-19,Peñarol,URU,Peñarol,Arsenal de Sarandí,ARG,Arsenal de Sarandí,2.0,1.0,mandante,0.0,0.0,,,,False,,openfootball
2014,Group,,C,1,2014-03-25,Santos Laguna,MEX,Santos Laguna,Peñarol,URU,Peñarol,4.0,1.0,mandante,1.0,1.0,,,,False,,openfootball
2014,Group,,C,1,2014-03-26,Deportivo Anzoátegui,VEN,Deportivo Anzoátegui,Arsenal de Sarandí,ARG,Arsenal de Sarandí,1.0,3.0,visitante,0.0,1.0,,,,False,,openfootball
2014,Group,,C,1,2014-04-10,Peñarol,URU,Peñarol,Deportivo Anzoátegui,VEN,Deportivo Anzoátegui,1.0,1.0,empate,1.0,0.0,,,,False,,openfootball
2014,Group,,C,1,2014-04-10,Arsenal de Sarandí,ARG,Arsenal de Sarandí,Santos Laguna,MEX,Santos Laguna,3.0,0.0,mandante,1.0,0.0,,,,False,,openfootball
2014,Playoffs,Round of 16,,1,2014-04-16,Lanús,ARG,Lanús,Santos Laguna,MEX,Santos Laguna,2.0,1.0,mandante,0.0,0.0,,,,False,,openfootball
2014,Playoffs,Round of 16,,1,2014-04-16,Club León,MEX,León,Bolívar,BOL,Bolívar,2.0,2.0,empate,1.0,1.0,,,,False,,openfootball
2014,Playoffs,Round of 16,,1,2014-04-16,Cruzeiro,BRA,Cruzeiro,Cerro Porteño,PAR,Cerro Porteño,1.0,1.0,empate,0.0,1.0,,,,False,,openfootball
2014,Playoffs,Round of 16,,1,2014-04-17,The Strongest,BOL,The Strongest,Defensor Sporting,URU,Defensor Sporting,2.0,0.0,mandante,0.0,0.0,,,,False,,openfootball
2014,Playoffs,Round of 16,,1,2014-04-23,Club Nacional,PAR,Nacional,Vélez Sarsfield,ARG,Vélez Sarsfield,1.0,0.0,mandante,0.0,0.0,,,,False,,openfootball
2014,Playoffs,Round of 16,,1,2014-04-23,San Lorenzo,ARG,San Lorenzo,Grêmio Porto Alegre,BRA,Grêmio,1.0,0.0,mandante,0.0,0.0,,,,False,,openfootball
2014,Playoffs,Round of 16,,1,2014-04-23,Atlético Nacional,COL,Atlético Nacional,Atlético Mineiro,BRA,Atlético Mineiro,1.0,0.0,mandante,0.0,0.0,,,,False,,openfootball
2014,Playoffs,Round of 16,,1,2014-04-24,Arsenal de Sarandí,ARG,Arsenal de Sarandí,Unión Española,CHI,Unión Española,0.0,0.0,empate,,,,,,False,,openfootball
2014,Playoffs,Round of 16,,2,2014-04-22,Bolívar,BOL,Bolívar,Club León,MEX,León,1.0,1.0,empate,1.0,1.0,,,,False,,openfootball
2014,Playoffs,Round of 16,,2,2014-04-24,Santos Laguna,MEX,Santos Laguna,Lanús,ARG,Lanús,0.0,2.0,visitante,0.0,1.0,,,,False,,openfootball
2014,Playoffs,Round of 16,,2,2014-04-29,Defensor Sporting,URU,Defensor Sporting,The Strongest,BOL,The Strongest,2.0,0.0,mandante,0.0,0.0,4.0,2.0,Defensor Sporting,False,,openfootball
2014,Playoffs,Round of 16,,2,2014-04-29,Vélez Sarsfield,ARG,Vélez Sarsfield,Club Nacional,PAR,Nacional,2.0,2.0,empate,0.0,0.0,,,,False,,openfootball
2014,Playoffs,Round of 16,,2,2014-04-30,Unión Española,CHI,Unión Española,Arsenal de Sarandí,ARG,Arsenal de Sarandí,0.0,1.0,visitante,0.0,0.0,,,,False,,openfootball
2014,Playoffs,Round of 16,,2,2014-04-30,Grêmio Porto Alegre,BRA,Grêmio,San Lorenzo,ARG,San Lorenzo,1.0,0.0,mandante,0.0,0.0,2.0,4.0,San Lorenzo,False,,openfootball
2014,Playoffs,Round of 16,,2,2014-04-30,Cerro Porteño,PAR,Cerro Porteño,Cruzeiro,BRA,Cruzeiro,0.0,2.0,visitante,0.0,0.0,,,,False,,openfootball
2014,Playoffs,Round of 16,,2,2014-05-01,Atlético Mineiro,BRA,Atlético Mineiro,Atlético Nacional,COL,Atlético Nacional,1.0,1.0,empate,1.0,0.0,,,,False,,openfootball
2014,Finals,Quarterfinals,,1,2014-05-07,Club Nacional,PAR,Nacional,Arsenal de Sarandí,ARG,Arsenal de Sarandí,1.0,0.0,mandante,1.0,0.0,,,,False,,openfootball
2014,Finals,Quarterfinals,,1,2014-05-07,San Lorenzo,ARG,San Lorenzo,Cruzeiro,BRA,Cruzeiro,1.0,0.0,mandante,0.0,0.0,,,,False,,openfootball
2014,Finals,Quarterfinals,,1,2014-05-08,Lanús,ARG,Lanús,Bolívar,BOL,Bolívar,1.0,1.0,empate,1.0,0.0,,,,False,,openfootball
2014,Finals,Quarterfinals,,1,2014-05-08,Atlético Nacional,COL,Atlético Nacional,Defensor Sporting,URU,Defensor Sporting,0.0,2.0,visitante,0.0,0.0,,,,False,,openfootball
2014,Finals,Quarterfinals,,2,2014-05-14,Arsenal de Sarandí,ARG,Arsenal de Sarandí,Club Nacional,PAR,Nacional,0.0,0.0,empate,,,,,,False,,openfootball
2014,Finals,Quarterfinals,,2,2014-05-14,Cruzeiro,BRA,Cruzeiro,San Lorenzo,ARG,San Lorenzo,1.0,1.0,empate,0.0,1.0,,,,False,,openfootball
2014,Finals,Quarterfinals,,2,2014-05-15,Bolívar,BOL,Bolívar,Lanús,ARG,Lanús,1.0,0.0,mandante,0.0,0.0,,,,False,,openfootball
2014,Finals,Quarterfinals,,2,2014-05-15,Defensor Sporting,URU,Defensor Sporting,Atlético Nacional,COL,Atlético Nacional,1.0,0.0,mandante,0.0,0.0,,,,False,,openfootball
2014,Finals,Semifinals,,1,2014-07-22,Club Nacional,PAR,Nacional,Defensor Sporting,URU,Defensor Sporting,2.0,0.0,mandante,1.0,0.0,,,,False,,openfootball
2014,Finals,Semifinals,,1,2014-07-23,San Lorenzo,ARG,San Lorenzo,Bolívar,BOL,Bolívar,5.0,0.0,mandante,2.0,0.0,,,,False,,openfootball
2014,Finals,Semifinals,,2,2014-07-29,Defensor Sporting,URU,Defensor Sporting,Club Nacional,PAR,Nacional,1.0,0.0,mandante,0.0,0.0,,,,False,,openfootball
2014,Finals,Semifinals,,2,2014-07-30,Bolívar,BOL,Bolívar,San Lorenzo,ARG,San Lorenzo,1.0,0.0,mandante,0.0,0.0,,,,False,,openfootball
2014,Finals,Final,,1,2014-08-06,Club Nacional,PAR,Nacional,San Lorenzo,ARG,San Lorenzo,1.0,1.0,empate,0.0,0.0,,,,False,,openfootball
2014,Finals,Final,,2,2014-08-13,San Lorenzo,ARG,San Lorenzo,Club Nacional,PAR,Nacional,1.0,0.0,mandante,1.0,0.0,,,,False,,openfootball
2015,Qualifying,Round 1,,1,2015-02-03,Alianza Lima,PER,Alianza Lima,Huracán,ARG,Huracán,0.0,4.0,visitante,0.0,2.0,,,,False,,openfootball
2015,Qualifying,Round 1,,1,2015-02-04,Monarcas Morelia,MEX,Morelia,The Strongest,BOL,The Strongest,1.0,1.0,empate,1.0,1.0,,,,False,,openfootball
2015,Qualifying,Round 1,,1,2015-02-04,Corinthians SP,BRA,Corinthians,Once Caldas,COL,Once Caldas,4.0,0.0,mandante,1.0,0.0,,,,False,,openfootball
2015,Qualifying,Round 1,,1,2015-02-05,Deportivo Táchira,VEN,Deportivo Táchira,Cerro Porteño,PAR,Cerro Porteño,2.0,1.0,mandante,2.0,0.0,,,,False,,openfootball
2015,Qualifying,Round 1,,1,2015-02-05,Palestino,CHI,Palestino,Nacional,URU,Nacional,1.0,0.0,mandante,0.0,0.0,,,,False,,openfootball
2015,Qualifying,Round 1,,1,2015-02-05,Independiente del Valle,ECU,Independiente del Valle,Estudiantes,ARG,Estudiantes,1.0,0.0,mandante,0.0,0.0,,,,False,,openfootball
2015,Qualifying,Round 1,,2,2015-02-10,Huracán,ARG,Huracán,Alianza Lima,PER,Alianza Lima,0.0,0.0,empate,,,,,,False,,openfootball
2015,Qualifying,Round 1,,2,2015-02-10,The Strongest,BOL,The Strongest,Monarcas Morelia,MEX,Morelia,2.0,0.0,mandante,0.0,0.0,,,,False,,openfootball
2015,Qualifying,Round 1,,2,2015-02-11,Cerro Porteño,PAR,Cerro Porteño,Deportivo Táchira,VEN,Deportivo Táchira,2.0,2.0,empate,1.0,0.0,,,,False,,openfootball
2015,Qualifying,Round 1,,2,2015-02-11,Once Caldas,COL,Once Caldas,Corinthians SP,BRA,Corinthians,1.0,1.0,empate,0.0,1.0,,,,False,,openfootball
2015,Qualifying,Round 1,,2,2015-02-12,Nacional,URU,Nacional,Palestino,CHI,Palestino,2.0,1.0,mandante,2.0,1.0,,,,False,,openfootball
2015,Qualifying,Round 1,,2,2015-02-12,Estudiantes,ARG,Estudiantes,Independiente del Valle,ECU,Independiente del Valle,4.0,0.0,mandante,2.0,0.0,,,,False,,openfootball
2015,Group,,D,1,2015-02-18,Atlas Guadalajara,MEX,Atlas,Santa Fe,COL,Santa Fe,0.0,1.0,visitante,0.0,0.0,,,,False,,openfootball
2015,Group,,D,1,2015-02-18,Colo-Colo,CHI,Colo-Colo,Atlético Mineiro,BRA,Atlético Mineiro,2.0,0.0,mandante,1.0,0.0,,,,False,,openfootball
2015,Group,,D,1,2015-02-25,Atlético Mineiro,BRA,Atlético Mineiro,Atlas Guadalajara,MEX,Atlas,0.0,1.0,visitante,0.0,0.0,,,,False,,openfootball
2015,Group,,D,1,2015-02-26,Santa Fe,COL,Santa Fe,Colo-Colo,CHI,Colo-Colo,3.0,1.0,mandante,2.0,0.0,,,,False,,openfootball
2015,Group,,D,1,2015-03-04,Colo-Colo,CHI,Colo-Colo,Atlas Guadalajara,MEX,Atlas,2.0,0.0,mandante,0.0,0.0,,,,False,,openfootball
2015,Group,,D,1,2015-03-18,Santa Fe,COL,Santa Fe,Atlético Mineiro,BRA,Atlético Mineiro,0.0,1.0,visitante,0.0,0.0,,,,False,,openfootball
2015,Group,,D,1,2015-04-07,Atlas Guadalajara,MEX,Atlas,Colo-Colo,CHI,Colo-Colo,1.0,3.0,visitante,1.0,1.0,,,,False,,openfootball
2015,Group,,D,1,2015-04-09,Atlético Mineiro,BRA,Atlético Mineiro,Santa Fe,COL,Santa Fe,2.0,0.0,mandante,1.0,0.0,,,,False,,openfootball
2015,Group,,D,1,2015-04-15,Atlas Guadalajara,MEX,Atlas,Atlético Mineiro,BRA,Atlético Mineiro,1.0,0.0,mandante,1.0,0.0,,,,False,,openfootball
2015,Group,,D,1,2015-04-15,Colo-Colo,CHI,Colo-Colo,Santa Fe,COL,Santa Fe,0.0,3.0,visitante,0.0,1.0,,,,False,,openfootball
2015,Group,,D,1,2015-04-22,Santa Fe,COL,Santa Fe,Atlas Guadalajara,MEX,Atlas,3.0,1.0,mandante,2.0,0.0,,,,False,,openfootball
2015,Group,,D,1,2015-04-22,Atlético Mineiro,BRA,Atlético Mineiro,Colo-Colo,CHI,Colo-Colo,2.0,0.0,mandante,1.0,0.0,,,,False,,openfootball
2015,Group,,E,1,2015-02-18,Corinthians SP,BRA,Corinthians,São Paulo FC,BRA,São Paulo,2.0,0.0,mandante,1.0,0.0,,,,False,,openfootball
2015,Group,,E,1,2015-02-19,Danubio,URU,Danubio,San Lorenzo,ARG,San Lorenzo,1.0,2.0,visitante,1.0,0.0,,,,False,,openfootball
2015,Group,,E,1,2015-02-25,São Paulo FC,BRA,São Paulo,Danubio,URU,Danubio,4.0,0.0,mandante,2.0,0.0,,,,False,,openfootball
2015,Group,,E,1,2015-03-04,San Lorenzo,ARG,San Lorenzo,Corinthians SP,BRA,Corinthians,0.0,1.0,visitante,0.0,0.0,,,,False,,openfootball
2015,Group,,E,1,2015-03-17,Danubio,URU,Danubio,Corinthians SP,BRA,Corinthians,1.0,2.0,visitante,0.0,0.0,,,,False,,openfootball
2015,Group,,E,1,2015-03-18,São Paulo FC,BRA,São Paulo,San Lorenzo,ARG,San Lorenzo,1.0,0.0,mandante,0.0,0.0,,,,False,,openfootball
2015,Group,,E,1,2015-04-01,San Lorenzo,ARG,San Lorenzo,São Paulo FC,BRA,São Paulo,1.0,0.0,mandante,0.0,0.0,,,,False,,openfootball
2015,Group,,E,1,2015-04-01,Corinthians SP,BRA,Corinthians,Danubio,URU,Danubio,4.0,0.0,mandante,2.0,0.0,,,,False,,openfootball
2015,Group,,E,1,2015-04-15,Danubio,URU,Danubio,São Paulo FC,BRA,São Paulo,1.0,2.0,visitante,0.0,0.0,,,,False,,openfootball
2015,Group,,E,1,2015-04-16,Corinthians SP,BRA,Corinthians,San Lorenzo,ARG,San Lorenzo,0.0,0.0,empate,,,,,,False,,openfootball
2015,Group,,E,1,2015-04-22,São Paulo FC,BRA,São Paulo,Corinthians SP,BRA,Corinthians,2.0,0.0,mandante,2.0,0.0,,,,False,,openfootball
2015,Group,,E,1,2015-04-22,San Lorenzo,ARG,San Lorenzo,Danubio,URU,Danubio,0.0,1.0,visitante,0.0,0.0,,,,False,,openfootball
2015,Group,,H,1,2015-02-24,Huracán,ARG,Huracán,Mineros de Guayana,VEN,Mineros de Guayana,2.0,2.0,empate,1.0,1.0,,,,False,,openfootball
2015,Group,,H,1,2015-02-25,Universitario de Sucre,BOL,Universitario de Sucre,Cruzeiro,BRA,Cruzeiro,0.0,0.0,empate,,,,,,False,,openfootball
2015,Group,,H,1,2015-03-03,Mineros de Guayana,VEN,Mineros de Guayana,Universitario de Sucre,BOL,Universitario de Sucre,0.0,1.0,visitante,0.0,0.0,,,,False,,openfootball
2015,Group,,H,1,2015-03-03,Cruzeiro,BRA,Cruzeiro,Huracán,ARG,Huracán,0.0,0.0,empate,,,,,,False,,openfootball
2015,Group,,H,1,2015-03-10,Universitario de Sucre,BOL,Universitario de Sucre,Huracán,ARG,Huracán,0.0,0.0,empate,,,,,,False,,openfootball
2015,Group,,H,1,2015-03-19,Mineros de Guayana,VEN,Mineros de Guayana,Cruzeiro,BRA,Cruzeiro,0.0,2.0,visitante,0.0,1.0,,,,False,,openfootball
2015,Group,,H,1,2015-04-08,Huracán,ARG,Huracán,Universitario de Sucre,BOL,Universitario de Sucre,1.0,1.0,empate,1.0,1.0,,,,False,,openfootball
2015,Group,,H,1,2015-04-08,Cruzeiro,BRA,Cruzeiro,Mineros de Guayana,VEN,Mineros de Guayana,3.0,0.0,mandante,2.0,0.0,,,,False,,openfootball
2015,Group,,H,1,2015-04-14,Huracán,ARG,Huracán,Cruzeiro,BRA,Cruzeiro,3.0,1.0,mandante,2.0,0.0,,,,False,,openfootball
2015,Group,,H,1,2015-04-14,Universitario de Sucre,BOL,Universitario de Sucre,Mineros de Guayana,VEN,Mineros de Guayana,2.0,0.0,mandante,1.0,0.0,,,,False,,openfootball
2015,Group,,H,1,2015-04-21,Cruzeiro,BRA,Cruzeiro,Universitario de Sucre,BOL,Universitario de Sucre,2.0,0.0,mandante,1.0,0.0,,,,False,,openfootball
2015,Group,,H,1,2015-04-21,Mineros de Guayana,VEN,Mineros de Guayana,Huracán,ARG,Huracán,3.0,0.0,mandante,2.0,0.0,,,,False,,openfootball
2015,Group,,A,1,2015-02-17,Universidad de Chile,CHI,Universidad de Chile,Emelec,ECU,Emelec,0.0,1.0,visitante,0.0,0.0,,,,False,,openfootball
2015,Group,,A,1,2015-02-17,The Strongest,BOL,The Strongest,Internacional,BRA,Internacional,3.0,1.0,mandante,2.0,0.0,,,,False,,openfootball
2015,Group,,A,1,2015-02-24,Emelec,ECU,Emelec,The Strongest,BOL,The Strongest,3.0,0.0,mandante,2.0,0.0,,,,False,,openfootball
2015,Group,,A,1,2015-02-26,Internacional,BRA,Internacional,Universidad de Chile,CHI,Universidad de Chile,3.0,1.0,mandante,1.0,0.0,,,,False,,openfootball
2015,Group,,A,1,2015-03-04,Internacional,BRA,Internacional,Emelec,ECU,Emelec,3.0,2.0,mandante,1.0,2.0,,,,False,,openfootball
2015,Group,,A,1,2015-03-05,Universidad de Chile,CHI,Universidad de Chile,The Strongest,BOL,The Strongest,3.0,1.0,mandante,1.0,1.0,,,,False,,openfootball
2015,Group,,A,1,2015-03-17,The Strongest,BOL,The Strongest,Universidad de Chile,CHI,Universidad de Chile,5.0,3.0,mandante,1.0,1.0,,,,False,,openfootball
2015,Group,,A,1,2015-03-18,Emelec,ECU,Emelec,Internacional,BRA,Internacional,1.0,1.0,empate,1.0,0.0,,,,False,,openfootball
2015,Group,,A,1,2015-04-15,The Strongest,BOL,The Strongest,Emelec,ECU,Emelec,1.0,0.0,mandante,0.0,0.0,,,,False,,openfootball
2015,Group,,A,1,2015-04-16,Universidad de Chile,CHI,Universidad de Chile,Internacional,BRA,Internacional,0.0,4.0,visitante,0.0,3.0,,,,False,,openfootball
2015,Group,,A,1,2015-04-22,Internacional,BRA,Internacional,The Strongest,BOL,The Strongest,1.0,0.0,mandante,1.0,0.0,,,,False,,openfootball
2015,Group,,A,1,2015-04-22,Emelec,ECU,Emelec,Universidad de Chile,CHI,Universidad de Chile,2.0,0.0,mandante,1.0,0.0,,,,False,,openfootball
2015,Group,,B,1,2015-02-17,Montevideo Wanderers,URU,Montevideo Wanderers,Zamora FC,VEN,Zamora,3.0,2.0,mandante,1.0,1.0,,,,False,,openfootball
2015,Group,,B,1,2015-02-18,Palestino,CHI,Palestino,Boca Juniors,ARG,Boca Juniors,0.0,2.0,visitante,0.0,1.0,,,,False,,openfootball
2015,Group,,B,1,2015-02-26,Boca Juniors,ARG,Boca Juniors,Montevideo Wanderers,URU,Montevideo Wanderers,2.0,1.0,mandante,2.0,1.0,,,,False,,openfootball
2015,Group,,B,1,2015-02-26,Zamora FC,VEN,Zamora,Palestino,CHI,Palestino,0.0,1.0,visitante,0.0,1.0,,,,False,,openfootball
2015,Group,,B,1,2015-03-10,Montevideo Wanderers,URU,Montevideo Wanderers,Palestino,CHI,Palestino,1.0,0.0,mandante,1.0,0.0,,,,False,,openfootball
2015,Group,,B,1,2015-03-11,Boca Juniors,ARG,Boca Juniors,Zamora FC,VEN,Zamora,5.0,0.0,mandante,3.0,0.0,,,,False,,openfootball
2015,Group,,B,1,2015-03-17,Zamora FC,VEN,Zamora,Boca Juniors,ARG,Boca Juniors,1.0,5.0,visitante,1.0,0.0,,,,False,,openfootball
2015,Group,,B,1,2015-03-19,Palestino,CHI,Palestino,Montevideo Wanderers,URU,Montevideo Wanderers,1.0,1.0,empate,0.0,1.0,,,,False,,openfootball
2015,Group,,B,1,2015-04-07,Palestino,CHI,Palestino,Zamora FC,VEN,Zamora,4.0,0.0,mandante,0.0,0.0,,,,False,,openfootball
2015,Group,,B,1,2015-04-09,Montevideo Wanderers,URU,Montevideo Wanderers,Boca Juniors,ARG,Boca Juniors,0.0,3.0,visitante,0.0,1.0,,,,False,,openfootball
2015,Group,,B,1,2015-04-16,Boca Juniors,ARG,Boca Juniors,Palestino,CHI,Palestino,2.0,0.0,mandante,0.0,0.0,,,,False,,openfootball
2015,Group,,B,1,2015-04-16,Zamora FC,VEN,Zamora,Montevideo Wanderers,URU,Montevideo Wanderers,0.0,3.0,visitante,0.0,1.0,,,,False,,openfootball
2015,Group,,F,1,2015-02-19,UANL Tigres,MEX,Tigres UANL,Juan Aurich,PER,Juan Aurich,3.0,0.0,mandante,1.0,0.0,,,,False,,openfootball
2015,Group,,F,1,2015-02-19,Club San José,BOL,San José,River Plate,ARG,River Plate,2.0,0.0,mandante,0.0,0.0,,,,False,,openfootball
2015,Group,,F,1,2015-03-05,River Plate,ARG,River Plate,UANL Tigres,MEX,Tigres UANL,1.0,1.0,empate,0.0,1.0,,,,False,,openfootball
2015,Group,,F,1,2015-03-05,Juan Aurich,PER,Juan Aurich,Club San José,BOL,San José,2.0,0.0,mandante,2.0,0.0,,,,False,,openfootball
2015,Group,,F,1,2015-03-11,Club San José,BOL,San José,UANL Tigres,MEX,Tigres UANL,0.0,1.0,visitante,0.0,1.0,,,,False,,openfootball
2015,Group,,F,1,2015-03-12,Juan Aurich,PER,Juan Aurich,River Plate,ARG,River Plate,1.0,1.0,empate,0.0,1.0,,,,False,,openfootball
2015,Group,,F,1,2015-03-18,UANL Tigres,MEX,Tigres UANL,Club San José,BOL,San José,4.0,0.0,mandante,2.0,0.0,,,,False,,openfootball
2015,Group,,F,1,2015-03-19,River Plate,ARG,River Plate,Juan Aurich,PER,Juan Aurich,1.0,1.0,empate,1.0,0.0,,,,False,,openfootball
2015,Group,,F,1,2015-04-07,Club San José,BOL,San José,Juan Aurich,PER,Juan Aurich,1.0,1.0,empate,1.0,1.0,,,,False,,openfootball
2015,Group,,F,1,2015-04-08,UANL Tigres,MEX,Tigres UANL,River Plate,ARG,River Plate,2.0,2.0,empate,1.0,0.0,,,,False,,openfootball
2015,Group,,F,1,2015-04-15,River Plate,ARG,River Plate,Club San José,BOL,San José,3.0,0.0,mandante,1.0,0.0,,,,False,,openfootball
2015,Group,,F,1,2015-04-15,Juan Aurich,PER,Juan Aurich,UANL Tigres,MEX,Tigres UANL,4.0,5.0,visitante,2.0,2.0,,,,False,,openfootball
2015,Group,,G,1,2015-02-19,Libertad,PAR,Libertad,Atlético Nacional,COL,Atlético Nacional,2.0,2.0,empate,2.0,1.0,,,,False,,openfootball
2015,Group,,G,1,2015-02-25,Estudiantes,ARG,Estudiantes,Barcelona,ECU,Barcelona SC,3.0,0.0,mandante,2.0,0.0,,,,False,,openfootball
2015,Group,,G,1,2015-03-03,Barcelona,ECU,Barcelona SC,Libertad,PAR,Libertad,0.0,1.0,visitante,0.0,0.0,,,,False,,openfootball
2015,Group,,G,1,2015-03-05,Atlético Nacional,COL,Atlético Nacional,Estudiantes,ARG,Estudiantes,1.0,1.0,empate,1.0,0.0,,,,False,,openfootball
2015,Group,,G,1,2015-03-11,Barcelona,ECU,Barcelona SC,Atlético Nacional,COL,Atlético Nacional,1.0,2.0,visitante,1.0,0.0,,,,False,,openfootball
2015,Group,,G,1,2015-03-12,Libertad,PAR,Libertad,Estudiantes,ARG,Estudiantes,1.0,0.0,mandante,0.0,0.0,,,,False,,openfootball
2015,Group,,G,1,2015-03-18,Estudiantes,ARG,Estudiantes,Libertad,PAR,Libertad,1.0,0.0,mandante,0.0,0.0,,,,False,,openfootball
2015,Group,,G,1,2015-03-19,Atlético Nacional,COL,Atlético Nacional,Barcelona,ECU,Barcelona SC,2.0,3.0,visitante,1.0,1.0,,,,False,,openfootball
2015,Group,,G,1,2015-04-09,Estudiantes,ARG,Estudiantes,Atlético Nacional,COL,Atlético Nacional,0.0,1.0,visitante,0.0,1.0,,,,False,,openfootball
2015,Group,,G,1,2015-04-09,Libertad,PAR,Libertad,Barcelona,ECU,Barcelona SC,1.0,1.0,empate,0.0,1.0,,,,False,,openfootball
2015,Group,,G,1,2015-04-21,Atlético Nacional,COL,Atlético Nacional,Libertad,PAR,Libertad,4.0,0.0,mandante,1.0,0.0,,,,False,,openfootball
2015,Group,,G,1,2015-04-21,Barcelona,ECU,Barcelona SC,Estudiantes,ARG,Estudiantes,0.0,2.0,visitante,0.0,0.0,,,,False,,openfootball
2015,Group,,C,1,2015-02-17,Deportivo Táchira,VEN,Deportivo Táchira,Racing Club,ARG,Racing,0.0,5.0,visitante,0.0,2.0,,,,False,,openfootball
2015,Group,,C,1,2015-02-18,Guaraní,PAR,Guaraní,Sporting Cristal,PER,Sporting Cristal,2.0,2.0,empate,0.0,1.0,,,,False,,openfootball
2015,Group,,C,1,2015-02-24,Racing Club,ARG,Racing,Guaraní,PAR,Guaraní,4.0,1.0,mandante,1.0,0.0,,,,False,,openfootball
2015,Group,,C,1,2015-02-24,Sporting Cristal,PER,Sporting Cristal,Deportivo Táchira,VEN,Deportivo Táchira,1.0,1.0,empate,1.0,0.0,,,,False,,openfootball
2015,Group,,C,1,2015-03-10,Racing Club,ARG,Racing,Sporting Cristal,PER,Sporting Cristal,1.0,2.0,visitante,0.0,0.0,,,,False,,openfootball
2015,Group,,C,1,2015-03-10,Guaraní,PAR,Guaraní,Deportivo Táchira,VEN,Deportivo Táchira,5.0,2.0,mandante,4.0,1.0,,,,False,,openfootball
2015,Group,,C,1,2015-03-17,Sporting Cristal,PER,Sporting Cristal,Racing Club,ARG,Racing,0.0,2.0,visitante,0.0,0.0,,,,False,,openfootball
2015,Group,,C,1,2015-03-18,Deportivo Táchira,VEN,Deportivo Táchira,Guaraní,PAR,Guaraní,1.0,1.0,empate,1.0,1.0,,,,False,,openfootball
2015,Group,,C,1,2015-04-07,Guaraní,PAR,Guaraní,Racing Club,ARG,Racing,2.0,0.0,mandante,0.0,0.0,,,,False,,openfootball
2015,Group,,C,1,2015-04-08,Deportivo Táchira,VEN,Deportivo Táchira,Sporting Cristal,PER,Sporting Cristal,0.0,0.0,empate,,,,,,False,,openfootball
2015,Group,,C,1,2015-04-14,Racing Club,ARG,Racing,Deportivo Táchira,VEN,Deportivo Táchira,3.0,2.0,mandante,0.0,1.0,,,,False,,openfootball
2015,Group,,C,1,2015-04-14,Sporting Cristal,PER,Sporting Cristal,Guaraní,PAR,Guaraní,1.0,1.0,empate,0.0,1.0,,,,False,,openfootball
2015,Playoffs,Round of 16,,1,2015-04-28,Universitario de Sucre,BOL,Universitario de Sucre,UANL Tigres,MEX,Tigres UANL,1.0,2.0,visitante,1.0,0.0,,,,False,,openfootball
2015,Playoffs,Round of 16,,1,2015-05-05,Estudiantes,ARG,Estudiantes,Santa Fe,COL,Santa Fe,2.0,1.0,mandante,2.0,0.0,,,,False,,openfootball
2015,Playoffs,Round of 16,,1,2015-05-06,Guaraní,PAR,Guaraní,Corinthians SP,BRA,Corinthians,2.0,0.0,mandante,0.0,0.0,,,,False,,openfootball
2015,Playoffs,Round of 16,,1,2015-05-06,Atlético Mineiro,BRA,Atlético Mineiro,Internacional,BRA,Internacional,2.0,2.0,empate,1.0,1.0,,,,False,,openfootball
2015,Playoffs,Round of 16,,1,2015-05-06,São Paulo FC,BRA,São Paulo,Cruzeiro,BRA,Cruzeiro,1.0,0.0,mandante,0.0,0.0,,,,False,,openfootball
2015,Playoffs,Round of 16,,1,2015-05-07,Montevideo Wanderers,URU,Montevideo Wanderers,Racing Club,ARG,Racing,1.0,1.0,empate,0.0,0.0,,,,False,,openfootball
2015,Playoffs,Round of 16,,1,2015-05-07,River Plate,ARG,River Plate,Boca Juniors,ARG,Boca Juniors,1.0,0.0,mandante,0.0,0.0,,,,False,,openfootball
2015,Playoffs,Round of 16,,1,2015-05-07,Emelec,ECU,Emelec,Atlético Nacional,COL,Atlético Nacional,2.0,0.0,mandante,1.0,0.0,,,,False,,openfootball
2015,Playoffs,Round of 16,,2,2015-05-05,UANL Tigres,MEX,Tigres UANL,Universitario de Sucre,BOL,Universitario de Sucre,1.0,1.0,empate,0.0,1.0,,,,False,,openfootball
2015,Playoffs,Round of 16,,2,2015-05-12,Santa Fe,COL,Santa Fe,Estudiantes,ARG,Estudiantes,2.0,0.0,mandante,1.0,0.0,,,,False,,openfootball
2015,Playoffs,Round of 16,,2,2015-05-13,Cruzeiro,BRA,Cruzeiro,São Paulo FC,BRA,São Paulo,4.0,3.0,mandante,0.0,0.0,4.0,3.0,Cruzeiro,True,,openfootball
2015,Playoffs,Round of 16,,2,2015-05-13,Internacional,BRA,Internacional,Atlético Mineiro,BRA,Atlético Mineiro,3.0,1.0,mandante,2.0,0.0,,,,False,,openfootball
2015,Playoffs,Round of 16,,2,2015-05-13,Corinthians SP,BRA,Corinthians,Guaraní,PAR,Guaraní,0.0,1.0,visitante,0.0,0.0,,,,False,,openfootball
2015,Playoffs,Round of 16,,2,2015-05-14,Racing Club,ARG,Racing,Montevideo Wanderers,URU,Montevideo Wanderers,2.0,1.0,mandante,2.0,0.0,,,,False,,openfootball
2015,Playoffs,Round of 16,,2,2015-05-15,Boca Juniors,ARG,Boca Juniors,River Plate,ARG,River Plate,0.0,3.0,visitante,,,,,,False,awarded,openfootball
2015,Playoffs,Round of 16,,2,2015-05-14,Atlético Nacional,COL,Atlético Nacional,Emelec,ECU,Emelec,1.0,0.0,mandante,0.0,0.0,,,,False,,openfootball
2015,Finals,Quarterfinals,,1,2015-05-19,Emelec,ECU,Emelec,UANL Tigres,MEX,Tigres UANL,1.0,0.0,mandante,0.0,0.0,,,,False,,openfootball
2015,Finals,Quarterfinals,,1,2015-05-20,Santa Fe,COL,Santa Fe,Internacional,BRA,Internacional,1.0,0.0,mandante,0.0,0.0,,,,False,,openfootball
2015,Finals,Quarterfinals,,1,2015-05-21,Guaraní,PAR,Guaraní,Racing Club,ARG,Racing,1.0,0.0,mandante,0.0,0.0,,,,False,,openfootball
2015,Finals,Quarterfinals,,1,2015-05-21,River Plate,ARG,River Plate,Cruzeiro,BRA,Cruzeiro,0.0,1.0,visitante,0.0,0.0,,,,False,,openfootball
2015,Finals,Quarterfinals,,2,2015-05-26,UANL Tigres,MEX,Tigres UANL,Emelec,ECU,Emelec,2.0,0.0,mandante,1.0,0.0,,,,False,,openfootball
2015,Finals,Quarterfinals,,2,2015-05-27,Internacional,BRA,Internacional,Santa Fe,COL,Santa Fe,2.0,0.0,mandante,1.0,0.0,,,,False,,openfootball
2015,Finals,Quarterfinals,,2,2015-05-27,Cruzeiro,BRA,Cruzeiro,River Plate,ARG,River Plate,0.0,3.0,visitante,0.0,2.0,,,,False,,openfootball
2015,Finals,Quarterfinals,,2,2015-05-28,Racing Club,ARG,Racing,Guaraní,PAR,Guaraní,0.0,0.0,empate,,,,,,False,,openfootball
2015,Finals,Semifinals,,1,2015-07-14,River Plate,ARG,River Plate,Guaraní,PAR,Guaraní,2.0,0.0,mandante,0.0,0.0,,,,False,,openfootball
2015,Finals,Semifinals,,1,2015-07-15,Internacional,BRA,Internacional,UANL Tigres,MEX,Tigres UANL,2.0,1.0,mandante,2.0,1.0,,,,False,,openfootball
2015,Finals,Semifinals,,2,2015-07-21,Guaraní,PAR,Guaraní,River Plate,ARG,River Plate,1.0,1.0,empate,0.0,0.0,,,,False,,openfootball
2015,Finals,Semifinals,,2,2015-07-22,UANL Tigres,MEX,Tigres UANL,Internacional,BRA,Internacional,3.0,1.0,mandante,2.0,0.0,,,,False,,openfootball
2015,Finals,Final,,1,2015-07-29,UANL Tigres,MEX,Tigres UANL,River Plate,ARG,River Plate,0.0,0.0,empate,,,,,,False,,openfootball
2015,Finals,Final,,2,2015-08-05,River Plate,ARG,River Plate,UANL Tigres,MEX,Tigres UANL,3.0,0.0,mandante,1.0,0.0,,,,False,,openfootball
2016,Qualifying,Round 1,,1,2016-02-02,Huracán,ARG,Huracán,Caracas FC,VEN,Caracas,1.0,0.0,mandante,0.0,0.0,,,,False,,openfootball
2016,Qualifying,Round 1,,1,2016-02-02,River Plate,URU,River Plate,Universidad de Chile,CHI,Universidad de Chile,2.0,0.0,mandante,0.0,0.0,,,,False,,openfootball
2016,Qualifying,Round 1,,1,2016-02-03,Universidad Cesar Vallejo,PER,Universidad César Vallejo,São Paulo FC,BRA,São Paulo,1.0,1.0,empate,1.0,0.0,,,,False,,openfootball
2016,Qualifying,Round 1,,1,2016-02-04,Puebla FC,MEX,Puebla,Racing Club,ARG,Racing,2.0,2.0,empate,1.0,1.0,,,,False,,openfootball
2016,Qualifying,Round 1,,1,2016-02-04,Independiente del Valle,ECU,Independiente del Valle,Guaraní,PAR,Guaraní,1.0,0.0,mandante,1.0,0.0,,,,False,,openfootball
2016,Qualifying,Round 1,,1,2016-02-04,Oriente Petrolero,BOL,Oriente Petrolero,Santa Fe,COL,Santa Fe,1.0,3.0,visitante,0.0,2.0,,,,False,,openfootball
2016,Qualifying,Round 1,,2,2016-02-09,Universidad de Chile,CHI,Universidad de Chile,River Plate,URU,River Plate,0.0,0.0,empate,,,,,,False,,openfootball
2016,Qualifying,Round 1,,2,2016-02-09,Caracas FC,VEN,Caracas,Huracán,ARG,Huracán,2.0,1.0,mandante,1.0,0.0,,,,False,,openfootball
2016,Qualifying,Round 1,,2,2016-02-10,São Paulo FC,BRA,São Paulo,Universidad Cesar Vallejo,PER,Universidad César Vallejo,1.0,0.0,mandante,0.0,0.0,,,,False,,openfootball
2016,Qualifying,Round 1,,2,2016-02-10,Racing Club,ARG,Racing,Puebla FC,MEX,Puebla,1.0,0.0,mandante,0.0,0.0,,,,False,,openfootball
2016,Qualifying,Round 1,,2,2016-02-11,Guaraní,PAR,Guaraní,Independiente del Valle,ECU,Independiente del Valle,2.0,1.0,mandante,0.0,0.0,,,,False,,openfootball
2016,Qualifying,Round 1,,2,2016-02-11,Santa Fe,COL,Santa Fe,Oriente Petrolero,BOL,Oriente Petrolero,3.0,0.0,mandante,2.0,0.0,,,,False,,openfootball
2016,Group,,A,1,2016-02-17,São Paulo FC,BRA,São Paulo,The Strongest,BOL,The Strongest,0.0,1.0,visitante,0.0,0.0,,,,False,,openfootball
2016,Group,,A,1,2016-02-25,Trujillanos FC,VEN,Trujillanos,River Plate,URU,River Plate,0.0,4.0,visitante,0.0,0.0,,,,False,,openfootball
2016,Group,,A,1,2016-03-02,The Strongest,BOL,The Strongest,Trujillanos FC,VEN,Trujillanos,2.0,1.0,mandante,2.0,1.0,,,,False,,openfootball
2016,Group,,A,1,2016-03-10,River Plate,URU,River Plate,São Paulo FC,BRA,São Paulo,1.0,1.0,empate,1.0,1.0,,,,False,,openfootball
2016,Group,,A,1,2016-03-16,The Strongest,BOL,The Strongest,River Plate,URU,River Plate,1.0,1.0,empate,0.0,1.0,,,,False,,openfootball
2016,Group,,A,1,2016-03-16,Trujillanos FC,VEN,Trujillanos,São Paulo FC,BRA,São Paulo,1.0,1.0,empate,1.0,1.0,,,,False,,openfootball
2016,Group,,A,1,2016-04-05,São Paulo FC,BRA,São Paulo,Trujillanos FC,VEN,Trujillanos,6.0,0.0,mandante,3.0,0.0,,,,False,,openfootball
2016,Group,,A,1,2016-04-06,River Plate,URU,River Plate,The Strongest,BOL,The Strongest,6.0,0.0,mandante,5.0,0.0,,,,False,,openfootball
2016,Group,,A,1,2016-04-12,Trujillanos FC,VEN,Trujillanos,The Strongest,BOL,The Strongest,2.0,1.0,mandante,1.0,0.0,,,,False,,openfootball
2016,Group,,A,1,2016-04-13,São Paulo FC,BRA,São Paulo,River Plate,URU,River Plate,2.0,1.0,mandante,1.0,0.0,,,,False,,openfootball
2016,Group,,A,1,2016-04-21,River Plate,URU,River Plate,Trujillanos FC,VEN,Trujillanos,4.0,3.0,mandante,2.0,1.0,,,,False,,openfootball
2016,Group,,A,1,2016-04-21,The Strongest,BOL,The Strongest,São Paulo FC,BRA,São Paulo,1.0,1.0,empate,1.0,1.0,,,,False,,openfootball
2016,Group,,A,1,2016-02-16,River Plate,URU,River Plate,Palmeiras,BRA,Palmeiras,2.0,2.0,empate,0.0,1.0,,,,False,,openfootball
2016,Group,,A,1,2016-02-25,Rosario Central,ARG,Rosario Central,Nacional,URU,Nacional,1.0,1.0,empate,0.0,0.0,,,,False,,openfootball
2016,Group,,A,1,2016-03-02,Nacional,URU,Nacional,River Plate,URU,River Plate,0.0,0.0,empate,,,,,,False,,openfootball
2016,Group,,A,1,2016-03-03,Palmeiras,BRA,Palmeiras,Rosario Central,ARG,Rosario Central,2.0,0.0,mandante,1.0,0.0,,,,False,,openfootball
2016,Group,,A,1,2016-03-09,Rosario Central,ARG,Rosario Central,River Plate,URU,River Plate,4.0,1.0,mandante,1.0,0.0,,,,False,,openfootball
2016,Group,,A,1,2016-03-09,Palmeiras,BRA,Palmeiras,Nacional,URU,Nacional,1.0,2.0,visitante,1.0,2.0,,,,False,,openfootball
2016,Group,,A,1,2016-03-17,River Plate,URU,River Plate,Rosario Central,ARG,Rosario Central,1.0,3.0,visitante,1.0,1.0,,,,False,,openfootball
2016,Group,,A,1,2016-03-17,Nacional,URU,Nacional,Palmeiras,BRA,Palmeiras,1.0,0.0,mandante,0.0,0.0,,,,False,,openfootball
2016,Group,,A,1,2016-04-06,Rosario Central,ARG,Rosario Central,Palmeiras,BRA,Palmeiras,3.0,3.0,empate,1.0,2.0,,,,False,,openfootball
2016,Group,,A,1,2016-04-07,River Plate,URU,River Plate,Nacional,URU,Nacional,2.0,2.0,empate,1.0,1.0,,,,False,,openfootball
2016,Group,,A,1,2016-04-14,Nacional,URU,Nacional,Rosario Central,ARG,Rosario Central,0.0,2.0,visitante,0.0,1.0,,,,False,,openfootball
2016,Group,,A,1,2016-04-14,Palmeiras,BRA,Palmeiras,River Plate,URU,River Plate,4.0,0.0,mandante,2.0,0.0,,,,False,,openfootball
2016,Group,,G,1,2016-02-24,Racing Club,ARG,Racing,Bolívar,BOL,Bolívar,4.0,1.0,mandante,3.0,0.0,,,,False,,openfootball
2016,Group,,G,1,2016-02-24,Deportivo Cali,COL,Deportivo Cali,Boca Juniors,ARG,Boca Juniors,0.0,0.0,empate,,,,,,False,,openfootball
2016,Group,,G,1,2016-03-03,Boca Juniors,ARG,Boca Juniors,Racing Club,ARG,Racing,0.0,0.0,empate,,,,,,False,,openfootball
2016,Group,,G,1,2016-03-03,Bolívar,BOL,Bolívar,Deportivo Cali,COL,Deportivo Cali,5.0,0.0,mandante,3.0,0.0,,,,False,,openfootball
2016,Group,,G,1,2016-03-10,Bolívar,BOL,Bolívar,Boca Juniors,ARG,Boca Juniors,1.0,1.0,empate,1.0,0.0,,,,False,,openfootball
2016,Group,,G,1,2016-03-17,Deportivo Cali,COL,Deportivo Cali,Racing Club,ARG,Racing,2.0,2.0,empate,2.0,0.0,,,,False,,openfootball
2016,Group,,G,1,2016-04-07,Boca Juniors,ARG,Boca Juniors,Bolívar,BOL,Bolívar,3.0,1.0,mandante,2.0,0.0,,,,False,,openfootball
2016,Group,,G,1,2016-04-07,Racing Club,ARG,Racing,Deportivo Cali,COL,Deportivo Cali,4.0,2.0,mandante,3.0,0.0,,,,False,,openfootball
2016,Group,,G,1,2016-04-13,Racing Club,ARG,Racing,Boca Juniors,ARG,Boca Juniors,0.0,1.0,visitante,0.0,0.0,,,,False,,openfootball
2016,Group,,G,1,2016-04-14,Deportivo Cali,COL,Deportivo Cali,Bolívar,BOL,Bolívar,1.0,1.0,empate,1.0,0.0,,,,False,,openfootball
2016,Group,,G,1,2016-04-20,Boca Juniors,ARG,Boca Juniors,Deportivo Cali,COL,Deportivo Cali,6.0,2.0,mandante,2.0,2.0,,,,False,,openfootball
2016,Group,,G,1,2016-04-20,Bolívar,BOL,Bolívar,Racing Club,ARG,Racing,1.0,1.0,empate,0.0,0.0,,,,False,,openfootball
2016,Group,,E,1,2016-02-18,Sporting Cristal,PER,Sporting Cristal,Peñarol,URU,Peñarol,1.0,1.0,empate,0.0,1.0,,,,False,,openfootball
2016,Group,,E,1,2016-02-23,Huracán,ARG,Huracán,Atlético Nacional,COL,Atlético Nacional,0.0,2.0,visitante,0.0,1.0,,,,False,,openfootball
2016,Group,,E,1,2016-03-01,Atlético Nacional,COL,Atlético Nacional,Sporting Cristal,PER,Sporting Cristal,3.0,0.0,mandante,2.0,0.0,,,,False,,openfootball
2016,Group,,E,1,2016-03-01,Peñarol,URU,Peñarol,Huracán,ARG,Huracán,0.0,1.0,visitante,0.0,1.0,,,,False,,openfootball
2016,Group,,E,1,2016-03-08,Atlético Nacional,COL,Atlético Nacional,Peñarol,URU,Peñarol,2.0,0.0,mandante,0.0,0.0,,,,False,,openfootball
2016,Group,,E,1,2016-03-08,Sporting Cristal,PER,Sporting Cristal,Huracán,ARG,Huracán,3.0,2.0,mandante,2.0,0.0,,,,False,,openfootball
2016,Group,,E,1,2016-03-15,Peñarol,URU,Peñarol,Atlético Nacional,COL,Atlético Nacional,0.0,4.0,visitante,0.0,2.0,,,,False,,openfootball
2016,Group,,E,1,2016-04-05,Huracán,ARG,Huracán,Sporting Cristal,PER,Sporting Cristal,4.0,2.0,mandante,2.0,2.0,,,,False,,openfootball
2016,Group,,E,1,2016-04-12,Huracán,ARG,Huracán,Peñarol,URU,Peñarol,0.0,0.0,empate,,,,,,False,,openfootball
2016,Group,,E,1,2016-04-12,Sporting Cristal,PER,Sporting Cristal,Atlético Nacional,COL,Atlético Nacional,0.0,1.0,visitante,0.0,1.0,,,,False,,openfootball
2016,Group,,E,1,2016-04-19,Atlético Nacional,COL,Atlético Nacional,Huracán,ARG,Huracán,0.0,0.0,empate,,,,,,False,,openfootball
2016,Group,,E,1,2016-04-19,Peñarol,URU,Peñarol,Sporting Cristal,PER,Sporting Cristal,4.0,3.0,mandante,1.0,3.0,,,,False,,openfootball
2016,Group,,B,1,2016-02-17,FBC Melgar,PER,Melgar,Atlético Mineiro,BRA,Atlético Mineiro,1.0,2.0,visitante,1.0,2.0,,,,False,,openfootball
2016,Group,,B,1,2016-02-18,Independiente del Valle,ECU,Independiente del Valle,Colo-Colo,CHI,Colo-Colo,1.0,1.0,empate,0.0,0.0,,,,False,,openfootball
2016,Group,,B,1,2016-02-24,Colo-Colo,CHI,Colo-Colo,FBC Melgar,PER,Melgar,1.0,0.0,mandante,0.0,0.0,,,,False,,openfootball
2016,Group,,B,1,2016-02-24,Atlético Mineiro,BRA,Atlético Mineiro,Independiente del Valle,ECU,Independiente del Valle,1.0,0.0,mandante,1.0,0.0,,,,False,,openfootball
2016,Group,,B,1,2016-03-01,FBC Melgar,PER,Melgar,Independiente del Valle,ECU,Independiente del Valle,0.0,1.0,visitante,0.0,1.0,,,,False,,openfootball
2016,Group,,B,1,2016-03-10,Colo-Colo,CHI,Colo-Colo,Atlético Mineiro,BRA,Atlético Mineiro,0.0,0.0,empate,,,,,,False,,openfootball
2016,Group,,B,1,2016-03-15,Independiente del Valle,ECU,Independiente del Valle,FBC Melgar,PER,Melgar,2.0,0.0,mandante,1.0,0.0,,,,False,,openfootball
2016,Group,,B,1,2016-03-16,Atlético Mineiro,BRA,Atlético Mineiro,Colo-Colo,CHI,Colo-Colo,3.0,0.0,mandante,2.0,0.0,,,,False,,openfootball
2016,Group,,B,1,2016-04-06,Independiente del Valle,ECU,Independiente del Valle,Atlético Mineiro,BRA,Atlético Mineiro,3.0,2.0,mandante,3.0,1.0,,,,False,,openfootball
2016,Group,,B,1,2016-04-07,FBC Melgar,PER,Melgar,Colo-Colo,CHI,Colo-Colo,1.0,2.0,visitante,0.0,0.0,,,,False,,openfootball
2016,Group,,B,1,2016-04-14,Atlético Mineiro,BRA,Atlético Mineiro,FBC Melgar,PER,Melgar,4.0,0.0,mandante,3.0,0.0,,,,False,,openfootball
2016,Group,,B,1,2016-04-14,Colo-Colo,CHI,Colo-Colo,Independiente del Valle,ECU,Independiente del Valle,0.0,0.0,empate,,,,,,False,,openfootball
2016,Group,,F,1,2016-02-18,Deportivo Toluca,MEX,Toluca,Grêmio Porto Alegre,BRA,Grêmio,2.0,0.0,mandante,0.0,0.0,,,,False,,openfootball
2016,Group,,F,1,2016-02-23,LDU Quito,ECU,LDU,San Lorenzo,ARG,San Lorenzo,2.0,0.0,mandante,0.0,0.0,,,,False,,openfootball
2016,Group,,F,1,2016-03-02,San Lorenzo,ARG,San Lorenzo,Deportivo Toluca,MEX,Toluca,1.0,1.0,empate,1.0,1.0,,,,False,,openfootball
2016,Group,,F,1,2016-03-02,Grêmio Porto Alegre,BRA,Grêmio,LDU Quito,ECU,LDU,4.0,0.0,mandante,2.0,0.0,,,,False,,openfootball
2016,Group,,F,1,2016-03-09,Grêmio Porto Alegre,BRA,Grêmio,San Lorenzo,ARG,San Lorenzo,1.0,1.0,empate,1.0,1.0,,,,False,,openfootball
2016,Group,,F,1,2016-03-10,LDU Quito,ECU,LDU,Deportivo Toluca,MEX,Toluca,1.0,2.0,visitante,0.0,1.0,,,,False,,openfootball
2016,Group,,F,1,2016-03-15,San Lorenzo,ARG,San Lorenzo,Grêmio Porto Alegre,BRA,Grêmio,1.0,1.0,empate,1.0,0.0,,,,False,,openfootball
2016,Group,,F,1,2016-04-05,Deportivo Toluca,MEX,Toluca,LDU Quito,ECU,LDU,2.0,1.0,mandante,1.0,1.0,,,,False,,openfootball
2016,Group,,F,1,2016-04-12,Deportivo Toluca,MEX,Toluca,San Lorenzo,ARG,San Lorenzo,2.0,1.0,mandante,0.0,1.0,,,,False,,openfootball
2016,Group,,F,1,2016-04-13,LDU Quito,ECU,LDU,Grêmio Porto Alegre,BRA,Grêmio,2.0,3.0,visitante,0.0,2.0,,,,False,,openfootball
2016,Group,,F,1,2016-04-19,Grêmio Porto Alegre,BRA,Grêmio,Deportivo Toluca,MEX,Toluca,1.0,0.0,mandante,1.0,0.0,,,,False,,openfootball
2016,Group,,F,1,2016-04-19,San Lorenzo,ARG,San Lorenzo,LDU Quito,ECU,LDU,1.0,1.0,empate,0.0,0.0,,,,False,,openfootball
2016,Group,,C,1,2016-02-17,Deportivo Táchira,VEN,Deportivo Táchira,Club Olimpia,PAR,Olimpia,2.0,1.0,mandante,1.0,0.0,,,,False,,openfootball
2016,Group,,C,1,2016-02-19,Pumas UNAM,MEX,Pumas UNAM,Emelec,ECU,Emelec,4.0,2.0,mandante,2.0,1.0,,,,False,,openfootball
2016,Group,,C,1,2016-02-25,Emelec,ECU,Emelec,Deportivo Táchira,VEN,Deportivo Táchira,2.0,0.0,mandante,0.0,0.0,,,,False,,openfootball
2016,Group,,C,1,2016-03-01,Club Olimpia,PAR,Olimpia,Pumas UNAM,MEX,Pumas UNAM,0.0,2.0,visitante,0.0,0.0,,,,False,,openfootball
2016,Group,,C,1,2016-03-08,Emelec,ECU,Emelec,Club Olimpia,PAR,Olimpia,2.0,2.0,empate,1.0,2.0,,,,False,,openfootball
2016,Group,,C,1,2016-03-09,Deportivo Táchira,VEN,Deportivo Táchira,Pumas UNAM,MEX,Pumas UNAM,2.0,0.0,mandante,2.0,0.0,,,,False,,openfootball
2016,Group,,C,1,2016-03-17,Club Olimpia,PAR,Olimpia,Emelec,ECU,Emelec,4.0,2.0,mandante,1.0,1.0,,,,False,,openfootball
2016,Group,,C,1,2016-03-18,Pumas UNAM,MEX,Pumas UNAM,Deportivo Táchira,VEN,Deportivo Táchira,4.0,1.0,mandante,1.0,0.0,,,,False,,openfootball
2016,Group,,C,1,2016-04-05,Deportivo Táchira,VEN,Deportivo Táchira,Emelec,ECU,Emelec,1.0,0.0,mandante,1.0,0.0,,,,False,,openfootball
2016,Group,,C,1,2016-04-07,Pumas UNAM,MEX,Pumas UNAM,Club Olimpia,PAR,Olimpia,4.0,1.0,mandante,0.0,1.0,,,,False,,openfootball
2016,Group,,C,1,2016-04-13,Club Olimpia,PAR,Olimpia,Deportivo Táchira,VEN,Deportivo Táchira,4.0,0.0,mandante,2.0,0.0,,,,False,,openfootball
2016,Group,,C,1,2016-04-13,Emelec,ECU,Emelec,Pumas UNAM,MEX,Pumas UNAM,2.0,3.0,visitante,1.0,2.0,,,,False,,openfootball
2016,Group,,D,1,2016-02-17,Santa Fe,COL,Santa Fe,Cerro Porteño,PAR,Cerro Porteño,0.0,0.0,empate,,,,,,False,,openfootball
2016,Group,,D,1,2016-02-17,Cobresal,CHI,Cobresal,Corinthians SP,BRA,Corinthians,0.0,1.0,visitante,0.0,0.0,,,,False,,openfootball
2016,Group,,D,1,2016-02-25,Cerro Porteño,PAR,Cerro Porteño,Cobresal,CHI,Cobresal,2.0,1.0,mandante,0.0,0.0,,,,False,,openfootball
2016,Group,,D,1,2016-03-02,Corinthians SP,BRA,Corinthians,Santa Fe,COL,Santa Fe,1.0,0.0,mandante,0.0,0.0,,,,False,,openfootball
2016,Group,,D,1,2016-03-09,Cobresal,CHI,Cobresal,Santa Fe,COL,Santa Fe,1.0,2.0,visitante,0.0,2.0,,,,False,,openfootball
2016,Group,,D,1,2016-03-09,Cerro Porteño,PAR,Cerro Porteño,Corinthians SP,BRA,Corinthians,3.0,2.0,mandante,0.0,1.0,,,,False,,openfootball
2016,Group,,D,1,2016-03-15,Santa Fe,COL,Santa Fe,Cobresal,CHI,Cobresal,3.0,0.0,mandante,2.0,0.0,,,,False,,openfootball
2016,Group,,D,1,2016-03-16,Corinthians SP,BRA,Corinthians,Cerro Porteño,PAR,Cerro Porteño,2.0,0.0,mandante,1.0,0.0,,,,False,,openfootball
2016,Group,,D,1,2016-04-06,Santa Fe,COL,Santa Fe,Corinthians SP,BRA,Corinthians,1.0,1.0,empate,1.0,0.0,,,,False,,openfootball
2016,Group,,D,1,2016-04-13,Cobresal,CHI,Cobresal,Cerro Porteño,PAR,Cerro Porteño,2.0,0.0,mandante,0.0,0.0,,,,False,,openfootball
2016,Group,,D,1,2016-04-20,Corinthians SP,BRA,Corinthians,Cobresal,CHI,Cobresal,6.0,0.0,mandante,4.0,0.0,,,,False,,openfootball
2016,Group,,D,1,2016-04-20,Cerro Porteño,PAR,Cerro Porteño,Santa Fe,COL,Santa Fe,1.0,0.0,mandante,1.0,0.0,,,,False,,openfootball
2016,Playoffs,Round of 16,,1,2016-04-26,Huracán,ARG,Huracán,Atlético Nacional,COL,Atlético Nacional,0.0,0.0,empate,,,,,,False,,openfootball
2016,Playoffs,Round of 16,,1,2016-04-26,Deportivo Táchira,VEN,Deportivo Táchira,Pumas UNAM,MEX,Pumas UNAM,1.0,0.0,mandante,0.0,0.0,,,,False,,openfootball
2016,Playoffs,Round of 16,,1,2016-04-27,Racing Club,ARG,Racing,Atlético Mineiro,BRA,Atlético Mineiro,0.0,0.0,empate,,,,,,False,,openfootball
2016,Playoffs,Round of 16,,1,2016-04-27,Nacional,URU,Nacional,Corinthians SP,BRA,Corinthians,0.0,0.0,empate,,,,,,False,,openfootball
2016,Playoffs,Round of 16,,1,2016-04-27,Grêmio Porto Alegre,BRA,Grêmio,Rosario Central,ARG,Rosario Central,0.0,1.0,visitante,0.0,1.0,,,,False,,openfootball
2016,Playoffs,Round of 16,,1,2016-04-28,Independiente del Valle,ECU,Independiente del Valle,River Plate,URU,River Plate,2.0,0.0,mandante,0.0,0.0,,,,False,,openfootball
2016,Playoffs,Round of 16,,1,2016-04-28,São Paulo FC,BRA,São Paulo,Deportivo Toluca,MEX,Toluca,4.0,0.0,mandante,2.0,0.0,,,,False,,openfootball
2016,Playoffs,Round of 16,,1,2016-04-28,Cerro Porteño,PAR,Cerro Porteño,Boca Juniors,ARG,Boca Juniors,1.0,2.0,visitante,0.0,1.0,,,,False,,openfootball
2016,Playoffs,Round of 16,,2,2016-05-03,Atlético Nacional,COL,Atlético Nacional,Huracán,ARG,Huracán,4.0,2.0,mandante,1.0,1.0,,,,False,,openfootball
2016,Playoffs,Round of 16,,2,2016-05-03,Pumas UNAM,MEX,Pumas UNAM,Deportivo Táchira,VEN,Deportivo Táchira,2.0,0.0,mandante,1.0,0.0,,,,False,,openfootball
2016,Playoffs,Round of 16,,2,2016-05-04,Deportivo Toluca,MEX,Toluca,São Paulo FC,BRA,São Paulo,3.0,1.0,mandante,1.0,0.0,,,,False,,openfootball
2016,Playoffs,Round of 16,,2,2016-05-04,River Plate,URU,River Plate,Independiente del Valle,ECU,Independiente del Valle,1.0,0.0,mandante,0.0,0.0,,,,False,,openfootball
2016,Playoffs,Round of 16,,2,2016-05-04,Corinthians SP,BRA,Corinthians,Nacional,URU,Nacional,2.0,2.0,empate,1.0,1.0,,,,False,,openfootball
2016,Playoffs,Round of 16,,2,2016-05-04,Atlético Mineiro,BRA,Atlético Mineiro,Racing Club,ARG,Racing,2.0,1.0,mandante,1.0,1.0,,,,False,,openfootball
2016,Playoffs,Round of 16,,2,2016-05-05,Rosario Central,ARG,Rosario Central,Grêmio Porto Alegre,BRA,Grêmio,3.0,0.0,mandante,2.0,0.0,,,,False,,openfootball
2016,Playoffs,Round of 16,,2,2016-05-05,Boca Juniors,ARG,Boca Juniors,Cerro Porteño,PAR,Cerro Porteño,3.0,1.0,mandante,1.0,1.0,,,,False,,openfootball
2016,Finals,Quarterfinals,,1,2016-05-11,São Paulo FC,BRA,São Paulo,Atlético Mineiro,BRA,Atlético Mineiro,1.0,0.0,mandante,0.0,0.0,,,,False,,openfootball
2016,Finals,Quarterfinals,,1,2016-05-12,Nacional,URU,Nacional,Boca Juniors,ARG,Boca Juniors,1.0,1.0,empate,0.0,0.0,,,,False,,openfootball
2016,Finals,Quarterfinals,,1,2016-05-12,Rosario Central,ARG,Rosario Central,Atlético Nacional,COL,Atlético Nacional,1.0,0.0,mandante,1.0,0.0,,,,False,,openfootball
2016,Finals,Quarterfinals,,1,2016-05-17,Independiente del Valle,ECU,Independiente del Valle,Pumas UNAM,MEX,Pumas UNAM,2.0,1.0,mandante,1.0,0.0,,,,False,,openfootball
2016,Finals,Quarterfinals,,2,2016-05-18,Atlético Mineiro,BRA,Atlético Mineiro,São Paulo FC,BRA,São Paulo,2.0,1.0,mandante,2.0,1.0,,,,False,,openfootball
2016,Finals,Quarterfinals,,2,2016-05-19,Boca Juniors,ARG,Boca Juniors,Nacional,URU,Nacional,1.0,1.0,empate,0.0,1.0,4.0,3.0,Boca Juniors,False,,openfootball
2016,Finals,Quarterfinals,,2,2016-05-19,Atlético Nacional,COL,Atlético Nacional,Rosario Central,ARG,Rosario Central,3.0,1.0,mandante,1.0,1.0,,,,False,,openfootball
2016,Finals,Quarterfinals,,2,2016-05-24,Pumas UNAM,MEX,Pumas UNAM,Independiente del Valle,ECU,Independiente del Valle,2.0,1.0,mandante,2.0,0.0,3.0,5.0,Independiente del Valle,False,,openfootball
2016,Finals,Semifinals,,1,2016-07-06,São Paulo FC,BRA,São Paulo,Atlético Nacional,COL,Atlético Nacional,0.0,2.0,visitante,0.0,0.0,,,,False,,openfootball
2016,Finals,Semifinals,,1,2016-07-07,Independiente del Valle,ECU,Independiente del Valle,Boca Juniors,ARG,Boca Juniors,2.0,1.0,mandante,0.0,1.0,,,,False,,openfootball
2016,Finals,Semifinals,,2,2016-07-13,Atlético Nacional,COL,Atlético Nacional,São Paulo FC,BRA,São Paulo,2.0,1.0,mandante,1.0,1.0,,,,False,,openfootball
2016,Finals,Semifinals,,2,2016-07-14,Boca Juniors,ARG,Boca Juniors,Independiente del Valle,ECU,Independiente del Valle,2.0,3.0,visitante,1.0,1.0,,,,False,,openfootball
2016,Finals,Final,,1,2016-07-20,Independiente del Valle,ECU,Independiente del Valle,Atlético Nacional,COL,Atlético Nacional,1.0,1.0,empate,0.0,1.0,,,,False,,openfootball
2016,Finals,Final,,2,2016-07-27,Atlético Nacional,COL,Atlético Nacional,Independiente del Valle,ECU,Independiente del Valle,1.0,0.0,mandante,1.0,0.0,,,,False,,openfootball
2017,Qualifying,Round 1,,1,2017-01-23,Universitario de Sucre,BOL,Universitario de Sucre,Montevideo Wanderers,URU,Montevideo Wanderers,3.0,2.0,mandante,2.0,1.0,,,,False,,openfootball
2017,Qualifying,Round 1,,1,2017-01-23,Deportivo Capiatá,PAR,Deportivo Capiatá,Deportivo Táchira,VEN,Deportivo Táchira,1.0,0.0,mandante,1.0,0.0,,,,False,,openfootball
2017,Qualifying,Round 1,,1,2017-01-23,Deportivo Municipal,PER,Deportivo Municipal,Independiente del Valle,ECU,Independiente del Valle,0.0,1.0,visitante,0.0,1.0,,,,False,,openfootball
2017,Qualifying,Round 1,,2,2017-01-27,Montevideo Wanderers,URU,Montevideo Wanderers,Universitario de Sucre,BOL,Universitario de Sucre,5.0,2.0,mandante,2.0,1.0,,,,False,,openfootball
2017,Qualifying,Round 1,,2,2017-01-27,Independiente del Valle,ECU,Independiente del Valle,Deportivo Municipal,PER,Deportivo Municipal,2.0,2.0,empate,0.0,1.0,,,,False,,openfootball
2017,Qualifying,Round 1,,2,2017-01-27,Deportivo Táchira,VEN,Deportivo Táchira,Deportivo Capiatá,PAR,Deportivo Capiatá,0.0,0.0,empate,,,,,,False,,openfootball
2017,Qualifying,Round 2,,1,2017-01-31,CA Cerro,URU,Cerro (URU),Unión Española,CHI,Unión Española,2.0,3.0,visitante,1.0,2.0,,,,False,,openfootball
2017,Qualifying,Round 2,,1,2017-01-31,Carabobo FC,VEN,Carabobo,Atlético Junior,COL,Junior,0.0,1.0,visitante,0.0,1.0,,,,False,,openfootball
2017,Qualifying,Round 2,,1,2017-01-31,Atlético Tucumán,ARG,Atlético Tucumán,El Nacional,ECU,El Nacional,2.0,2.0,empate,1.0,1.0,,,,False,,openfootball
2017,Qualifying,Round 2,,1,2017-02-01,Athletico Paranaense,BRA,Athletico-PR,Millonarios,COL,Millonarios,1.0,0.0,mandante,0.0,0.0,,,,False,,openfootball
2017,Qualifying,Round 2,,1,2017-02-01,Botafogo RJ,BRA,Botafogo,Colo-Colo,CHI,Colo-Colo,2.0,1.0,mandante,2.0,0.0,,,,False,,openfootball
2017,Qualifying,Round 2,,1,2017-02-02,Montevideo Wanderers,URU,Montevideo Wanderers,The Strongest,BOL,The Strongest,0.0,2.0,visitante,0.0,1.0,,,,False,,openfootball
2017,Qualifying,Round 2,,1,2017-02-02,Independiente del Valle,ECU,Independiente del Valle,Club Olimpia,PAR,Olimpia,1.0,0.0,mandante,1.0,0.0,,,,False,,openfootball
2017,Qualifying,Round 2,,1,2017-02-02,Deportivo Capiatá,PAR,Deportivo Capiatá,Universitario de Deportes,PER,Universitario,1.0,3.0,visitante,0.0,2.0,,,,False,,openfootball
2017,Qualifying,Round 2,,2,2017-02-07,Atlético Junior,COL,Junior,Carabobo FC,VEN,Carabobo,3.0,0.0,mandante,2.0,0.0,,,,False,,openfootball
2017,Qualifying,Round 2,,2,2017-02-07,Unión Española,CHI,Unión Española,CA Cerro,URU,Cerro (URU),2.0,0.0,mandante,1.0,0.0,,,,False,,openfootball
2017,Qualifying,Round 2,,2,2017-02-07,El Nacional,ECU,El Nacional,Atlético Tucumán,ARG,Atlético Tucumán,0.0,1.0,visitante,0.0,0.0,,,,False,,openfootball
2017,Qualifying,Round 2,,2,2017-02-08,Millonarios,COL,Millonarios,Athletico Paranaense,BRA,Athletico-PR,1.0,0.0,mandante,0.0,0.0,2.0,4.0,Athletico Paranaense,False,,openfootball
2017,Qualifying,Round 2,,2,2017-02-08,Colo-Colo,CHI,Colo-Colo,Botafogo RJ,BRA,Botafogo,1.0,1.0,empate,1.0,0.0,,,,False,,openfootball
2017,Qualifying,Round 2,,2,2017-02-09,The Strongest,BOL,The Strongest,Montevideo Wanderers,URU,Montevideo Wanderers,4.0,0.0,mandante,2.0,0.0,,,,False,,openfootball
2017,Qualifying,Round 2,,2,2017-02-09,Club Olimpia,PAR,Olimpia,Independiente del Valle,ECU,Independiente del Valle,3.0,1.0,mandante,2.0,1.0,,,,False,,openfootball
2017,Qualifying,Round 2,,2,2017-02-09,Universitario de Deportes,PER,Universitario,Deportivo Capiatá,PAR,Deportivo Capiatá,0.0,3.0,visitante,0.0,2.0,,,,False,,openfootball
2017,Qualifying,Round 3,,1,2017-02-15,Athletico Paranaense,BRA,Athletico-PR,Deportivo Capiatá,PAR,Deportivo Capiatá,3.0,3.0,empate,1.0,1.0,,,,False,,openfootball
2017,Qualifying,Round 3,,1,2017-02-15,Botafogo RJ,BRA,Botafogo,Club Olimpia,PAR,Olimpia,1.0,0.0,mandante,1.0,0.0,,,,False,,openfootball
2017,Qualifying,Round 3,,1,2017-02-16,Atlético Junior,COL,Junior,Atlético Tucumán,ARG,Atlético Tucumán,1.0,0.0,mandante,0.0,0.0,,,,False,,openfootball
2017,Qualifying,Round 3,,1,2017-02-16,Unión Española,CHI,Unión Española,The Strongest,BOL,The Strongest,1.0,1.0,empate,0.0,1.0,,,,False,,openfootball
2017,Qualifying,Round 3,,2,2017-02-22,Deportivo Capiatá,PAR,Deportivo Capiatá,Athletico Paranaense,BRA,Athletico-PR,0.0,1.0,visitante,0.0,1.0,,,,False,,openfootball
2017,Qualifying,Round 3,,2,2017-02-22,Club Olimpia,PAR,Olimpia,Botafogo RJ,BRA,Botafogo,1.0,0.0,mandante,0.0,0.0,1.0,3.0,Botafogo RJ,False,,openfootball
2017,Qualifying,Round 3,,2,2017-02-23,Atlético Tucumán,ARG,Atlético Tucumán,Atlético Junior,COL,Junior,3.0,1.0,mandante,3.0,0.0,,,,False,,openfootball
2017,Qualifying,Round 3,,2,2017-02-23,The Strongest,BOL,The Strongest,Unión Española,CHI,Unión Española,5.0,0.0,mandante,2.0,0.0,,,,False,,openfootball
2017,Group,,G,1,2017-03-14,Botafogo RJ,BRA,Botafogo,Estudiantes,ARG,Estudiantes,2.0,1.0,mandante,1.0,0.0,,,,False,,openfootball
2017,Group,,G,1,2017-03-14,Barcelona,ECU,Barcelona SC,Atlético Nacional,COL,Atlético Nacional,2.0,1.0,mandante,2.0,1.0,,,,False,,openfootball
2017,Group,,G,1,2017-04-11,Estudiantes,ARG,Estudiantes,Barcelona,ECU,Barcelona SC,0.0,2.0,visitante,0.0,0.0,,,,False,,openfootball
2017,Group,,G,1,2017-04-13,Atlético Nacional,COL,Atlético Nacional,Botafogo RJ,BRA,Botafogo,0.0,2.0,visitante,0.0,1.0,,,,False,,openfootball
2017,Group,,G,1,2017-04-19,Estudiantes,ARG,Estudiantes,Atlético Nacional,COL,Atlético Nacional,1.0,0.0,mandante,1.0,0.0,,,,False,,openfootball
2017,Group,,G,1,2017-04-20,Barcelona,ECU,Barcelona SC,Botafogo RJ,BRA,Botafogo,1.0,1.0,empate,1.0,0.0,,,,False,,openfootball
2017,Group,,G,1,2017-05-02,Atlético Nacional,COL,Atlético Nacional,Estudiantes,ARG,Estudiantes,4.0,1.0,mandante,2.0,0.0,,,,False,,openfootball
2017,Group,,G,1,2017-05-02,Botafogo RJ,BRA,Botafogo,Barcelona,ECU,Barcelona SC,0.0,2.0,visitante,0.0,2.0,,,,False,,openfootball
2017,Group,,G,1,2017-05-18,Barcelona,ECU,Barcelona SC,Estudiantes,ARG,Estudiantes,0.0,3.0,visitante,0.0,1.0,,,,False,,openfootball
2017,Group,,G,1,2017-05-18,Botafogo RJ,BRA,Botafogo,Atlético Nacional,COL,Atlético Nacional,1.0,0.0,mandante,0.0,0.0,,,,False,,openfootball
2017,Group,,G,1,2017-05-25,Atlético Nacional,COL,Atlético Nacional,Barcelona,ECU,Barcelona SC,3.0,1.0,mandante,2.0,1.0,,,,False,,openfootball
2017,Group,,G,1,2017-05-25,Estudiantes,ARG,Estudiantes,Botafogo RJ,BRA,Botafogo,1.0,0.0,mandante,1.0,0.0,,,,False,,openfootball
2017,Group,,F,1,2017-03-09,The Strongest,BOL,The Strongest,Santa Fe,COL,Santa Fe,2.0,0.0,mandante,0.0,0.0,,,,False,,openfootball
2017,Group,,F,1,2017-03-09,Sporting Cristal,PER,Sporting Cristal,Santos FC,BRA,Santos,1.0,1.0,empate,1.0,0.0,,,,False,,openfootball
2017,Group,,F,1,2017-03-16,Santa Fe,COL,Santa Fe,Sporting Cristal,PER,Sporting Cristal,3.0,0.0,mandante,1.0,0.0,,,,False,,openfootball
2017,Group,,F,1,2017-03-16,Santos FC,BRA,Santos,The Strongest,BOL,The Strongest,2.0,0.0,mandante,1.0,0.0,,,,False,,openfootball
2017,Group,,F,1,2017-04-18,Sporting Cristal,PER,Sporting Cristal,The Strongest,BOL,The Strongest,0.0,0.0,empate,,,,,,False,,openfootball
2017,Group,,F,1,2017-04-19,Santa Fe,COL,Santa Fe,Santos FC,BRA,Santos,0.0,0.0,empate,,,,,,False,,openfootball
2017,Group,,F,1,2017-05-04,The Strongest,BOL,The Strongest,Sporting Cristal,PER,Sporting Cristal,5.0,1.0,mandante,3.0,0.0,,,,False,,openfootball
2017,Group,,F,1,2017-05-04,Santos FC,BRA,Santos,Santa Fe,COL,Santa Fe,3.0,2.0,mandante,2.0,2.0,,,,False,,openfootball
2017,Group,,F,1,2017-05-17,Sporting Cristal,PER,Sporting Cristal,Santa Fe,COL,Santa Fe,0.0,2.0,visitante,0.0,1.0,,,,False,,openfootball
2017,Group,,F,1,2017-05-17,The Strongest,BOL,The Strongest,Santos FC,BRA,Santos,1.0,1.0,empate,1.0,0.0,,,,False,,openfootball
2017,Group,,F,1,2017-05-23,Santos FC,BRA,Santos,Sporting Cristal,PER,Sporting Cristal,4.0,0.0,mandante,2.0,0.0,,,,False,,openfootball
2017,Group,,F,1,2017-05-23,Santa Fe,COL,Santa Fe,The Strongest,BOL,The Strongest,1.0,1.0,empate,1.0,1.0,,,,False,,openfootball
2017,Group,,H,1,2017-03-14,FBC Melgar,PER,Melgar,Emelec,ECU,Emelec,1.0,0.0,mandante,0.0,0.0,,,,False,,openfootball
2017,Group,,H,1,2017-03-15,Independiente Medellín,COL,Independiente Medellín,River Plate,ARG,River Plate,1.0,3.0,visitante,0.0,2.0,,,,False,,openfootball
2017,Group,,H,1,2017-04-13,Emelec,ECU,Emelec,Independiente Medellín,COL,Independiente Medellín,1.0,0.0,mandante,0.0,0.0,,,,False,,openfootball
2017,Group,,H,1,2017-04-13,River Plate,ARG,River Plate,FBC Melgar,PER,Melgar,4.0,2.0,mandante,3.0,2.0,,,,False,,openfootball
2017,Group,,H,1,2017-04-20,Independiente Medellín,COL,Independiente Medellín,FBC Melgar,PER,Melgar,2.0,0.0,mandante,1.0,0.0,,,,False,,openfootball
2017,Group,,H,1,2017-04-26,FBC Melgar,PER,Melgar,Independiente Medellín,COL,Independiente Medellín,1.0,2.0,visitante,0.0,0.0,,,,False,,openfootball
2017,Group,,H,1,2017-04-27,Emelec,ECU,Emelec,River Plate,ARG,River Plate,1.0,2.0,visitante,1.0,1.0,,,,False,,openfootball
2017,Group,,H,1,2017-05-10,River Plate,ARG,River Plate,Emelec,ECU,Emelec,1.0,1.0,empate,0.0,0.0,,,,False,,openfootball
2017,Group,,H,1,2017-05-16,Independiente Medellín,COL,Independiente Medellín,Emelec,ECU,Emelec,1.0,2.0,visitante,1.0,2.0,,,,False,,openfootball
2017,Group,,H,1,2017-05-18,FBC Melgar,PER,Melgar,River Plate,ARG,River Plate,2.0,3.0,visitante,1.0,2.0,,,,False,,openfootball
2017,Group,,H,1,2017-05-25,River Plate,ARG,River Plate,Independiente Medellín,COL,Independiente Medellín,1.0,2.0,visitante,0.0,0.0,,,,False,,openfootball
2017,Group,,H,1,2017-05-25,Emelec,ECU,Emelec,FBC Melgar,PER,Melgar,3.0,0.0,mandante,1.0,0.0,,,,False,,openfootball
2017,Group,,A,1,2017-03-07,Athletico Paranaense,BRA,Athletico-PR,Universidad Católica,CHI,Universidad Católica,2.0,2.0,empate,1.0,0.0,,,,False,,openfootball
2017,Group,,A,1,2017-03-08,Flamengo RJ,BRA,Flamengo,San Lorenzo,ARG,San Lorenzo,4.0,0.0,mandante,0.0,0.0,,,,False,,openfootball
2017,Group,,A,1,2017-03-15,San Lorenzo,ARG,San Lorenzo,Athletico Paranaense,BRA,Athletico-PR,0.0,1.0,visitante,0.0,1.0,,,,False,,openfootball
2017,Group,,A,1,2017-03-15,Universidad Católica,CHI,Universidad Católica,Flamengo RJ,BRA,Flamengo,1.0,0.0,mandante,0.0,0.0,,,,False,,openfootball
2017,Group,,A,1,2017-04-12,Universidad Católica,CHI,Universidad Católica,San Lorenzo,ARG,San Lorenzo,1.0,1.0,empate,0.0,1.0,,,,False,,openfootball
2017,Group,,A,1,2017-04-12,Flamengo RJ,BRA,Flamengo,Athletico Paranaense,BRA,Athletico-PR,2.0,1.0,mandante,2.0,0.0,,,,False,,openfootball
2017,Group,,A,1,2017-04-25,San Lorenzo,ARG,San Lorenzo,Universidad Católica,CHI,Universidad Católica,2.0,1.0,mandante,1.0,0.0,,,,False,,openfootball
2017,Group,,A,1,2017-04-26,Athletico Paranaense,BRA,Athletico-PR,Flamengo RJ,BRA,Flamengo,2.0,1.0,mandante,1.0,0.0,,,,False,,openfootball
2017,Group,,A,1,2017-05-03,Athletico Paranaense,BRA,Athletico-PR,San Lorenzo,ARG,San Lorenzo,0.0,3.0,visitante,0.0,1.0,,,,False,,openfootball
2017,Group,,A,1,2017-05-03,Flamengo RJ,BRA,Flamengo,Universidad Católica,CHI,Universidad Católica,3.0,1.0,mandante,0.0,0.0,,,,False,,openfootball
2017,Group,,A,1,2017-05-17,San Lorenzo,ARG,San Lorenzo,Flamengo RJ,BRA,Flamengo,2.0,1.0,mandante,0.0,1.0,,,,False,,openfootball
2017,Group,,A,1,2017-05-17,Universidad Católica,CHI,Universidad Católica,Athletico Paranaense,BRA,Athletico-PR,2.0,3.0,visitante,1.0,0.0,,,,False,,openfootball
2017,Group,,B,1,2017-03-07,Jorge Wilstermann,BOL,Jorge Wilstermann,Peñarol,URU,Peñarol,6.0,2.0,mandante,3.0,0.0,,,,False,,openfootball
2017,Group,,B,1,2017-03-08,Atlético Tucumán,ARG,Atlético Tucumán,Palmeiras,BRA,Palmeiras,1.0,1.0,empate,1.0,1.0,,,,False,,openfootball
2017,Group,,B,1,2017-03-15,Palmeiras,BRA,Palmeiras,Jorge Wilstermann,BOL,Jorge Wilstermann,1.0,0.0,mandante,0.0,0.0,,,,False,,openfootball
2017,Group,,B,1,2017-03-16,Peñarol,URU,Peñarol,Atlético Tucumán,ARG,Atlético Tucumán,2.0,1.0,mandante,0.0,0.0,,,,False,,openfootball
2017,Group,,B,1,2017-04-11,Jorge Wilstermann,BOL,Jorge Wilstermann,Atlético Tucumán,ARG,Atlético Tucumán,2.0,1.0,mandante,0.0,0.0,,,,False,,openfootball
2017,Group,,B,1,2017-04-12,Palmeiras,BRA,Palmeiras,Peñarol,URU,Peñarol,3.0,2.0,mandante,0.0,1.0,,,,False,,openfootball
2017,Group,,B,1,2017-04-25,Atlético Tucumán,ARG,Atlético Tucumán,Jorge Wilstermann,BOL,Jorge Wilstermann,2.0,1.0,mandante,0.0,0.0,,,,False,,openfootball
2017,Group,,B,1,2017-04-26,Peñarol,URU,Peñarol,Palmeiras,BRA,Palmeiras,2.0,3.0,visitante,2.0,0.0,,,,False,,openfootball
2017,Group,,B,1,2017-05-02,Atlético Tucumán,ARG,Atlético Tucumán,Peñarol,URU,Peñarol,2.0,1.0,mandante,0.0,0.0,,,,False,,openfootball
2017,Group,,B,1,2017-05-03,Jorge Wilstermann,BOL,Jorge Wilstermann,Palmeiras,BRA,Palmeiras,3.0,2.0,mandante,2.0,1.0,,,,False,,openfootball
2017,Group,,B,1,2017-05-24,Peñarol,URU,Peñarol,Jorge Wilstermann,BOL,Jorge Wilstermann,2.0,0.0,mandante,2.0,0.0,,,,False,,openfootball
2017,Group,,B,1,2017-05-24,Palmeiras,BRA,Palmeiras,Atlético Tucumán,ARG,Atlético Tucumán,3.0,1.0,mandante,1.0,0.0,,,,False,,openfootball
2017,Group,,E,1,2017-03-08,Godoy Cruz,ARG,Godoy Cruz,Atlético Mineiro,BRA,Atlético Mineiro,1.0,1.0,empate,1.0,0.0,,,,False,,openfootball
2017,Group,,E,1,2017-03-08,Sport Boys Warnes,BOL,Sport Boys Warnes,Libertad,PAR,Libertad,3.0,3.0,empate,1.0,1.0,,,,False,,openfootball
2017,Group,,E,1,2017-04-11,Libertad,PAR,Libertad,Godoy Cruz,ARG,Godoy Cruz,1.0,2.0,visitante,1.0,1.0,,,,False,,openfootball
2017,Group,,E,1,2017-04-13,Atlético Mineiro,BRA,Atlético Mineiro,Sport Boys Warnes,BOL,Sport Boys Warnes,5.0,2.0,mandante,1.0,1.0,,,,False,,openfootball
2017,Group,,E,1,2017-04-19,Libertad,PAR,Libertad,Atlético Mineiro,BRA,Atlético Mineiro,1.0,0.0,mandante,1.0,0.0,,,,False,,openfootball
2017,Group,,E,1,2017-04-20,Godoy Cruz,ARG,Godoy Cruz,Sport Boys Warnes,BOL,Sport Boys Warnes,2.0,0.0,mandante,0.0,0.0,,,,False,,openfootball
2017,Group,,E,1,2017-04-26,Atlético Mineiro,BRA,Atlético Mineiro,Libertad,PAR,Libertad,2.0,0.0,mandante,0.0,0.0,,,,False,,openfootball
2017,Group,,E,1,2017-04-27,Sport Boys Warnes,BOL,Sport Boys Warnes,Godoy Cruz,ARG,Godoy Cruz,1.0,3.0,visitante,0.0,1.0,,,,False,,openfootball
2017,Group,,E,1,2017-05-03,Sport Boys Warnes,BOL,Sport Boys Warnes,Atlético Mineiro,BRA,Atlético Mineiro,1.0,5.0,visitante,1.0,2.0,,,,False,,openfootball
2017,Group,,E,1,2017-05-04,Godoy Cruz,ARG,Godoy Cruz,Libertad,PAR,Libertad,1.0,1.0,empate,1.0,1.0,,,,False,,openfootball
2017,Group,,E,1,2017-05-16,Libertad,PAR,Libertad,Sport Boys Warnes,BOL,Sport Boys Warnes,1.0,1.0,empate,1.0,0.0,,,,False,,openfootball
2017,Group,,E,1,2017-05-16,Atlético Mineiro,BRA,Atlético Mineiro,Godoy Cruz,ARG,Godoy Cruz,4.0,1.0,mandante,3.0,0.0,,,,False,,openfootball
2017,Group,,C,1,2017-03-07,Zulia FC,VEN,Zulia,Chapecoense,BRA,Chapecoense,1.0,2.0,visitante,0.0,1.0,,,,False,,openfootball
2017,Group,,C,1,2017-03-09,Lanús,ARG,Lanús,Nacional,URU,Nacional,0.0,1.0,visitante,0.0,1.0,,,,False,,openfootball
2017,Group,,C,1,2017-03-15,Nacional,URU,Nacional,Zulia FC,VEN,Zulia,0.0,1.0,visitante,0.0,1.0,,,,False,,openfootball
2017,Group,,C,1,2017-03-16,Chapecoense,BRA,Chapecoense,Lanús,ARG,Lanús,1.0,3.0,visitante,0.0,0.0,,,,False,,openfootball
2017,Group,,C,1,2017-04-18,Lanús,ARG,Lanús,Zulia FC,VEN,Zulia,5.0,0.0,mandante,1.0,0.0,,,,False,,openfootball
2017,Group,,C,1,2017-04-18,Chapecoense,BRA,Chapecoense,Nacional,URU,Nacional,1.0,1.0,empate,1.0,1.0,,,,False,,openfootball
2017,Group,,C,1,2017-04-27,Nacional,URU,Nacional,Chapecoense,BRA,Chapecoense,3.0,0.0,mandante,1.0,0.0,,,,False,,openfootball
2017,Group,,C,1,2017-04-27,Zulia FC,VEN,Zulia,Lanús,ARG,Lanús,1.0,1.0,empate,1.0,0.0,,,,False,,openfootball
2017,Group,,C,1,2017-05-16,Zulia FC,VEN,Zulia,Nacional,URU,Nacional,0.0,0.0,empate,,,,,,False,,openfootball
2017,Group,,C,1,2017-05-17,Lanús,ARG,Lanús,Chapecoense,BRA,Chapecoense,3.0,0.0,mandante,,,,,,False,awarded,openfootball
2017,Group,,C,1,2017-05-23,Nacional,URU,Nacional,Lanús,ARG,Lanús,0.0,1.0,visitante,0.0,1.0,,,,False,,openfootball
2017,Group,,C,1,2017-05-23,Chapecoense,BRA,Chapecoense,Zulia FC,VEN,Zulia,2.0,1.0,mandante,0.0,1.0,,,,False,,openfootball
2017,Group,,D,1,2017-03-07,Deportes Iquique,CHI,Iquique,Guaraní,PAR,Guaraní,0.0,1.0,visitante,0.0,0.0,,,,False,,openfootball
2017,Group,,D,1,2017-03-09,Zamora FC,VEN,Zamora,Grêmio Porto Alegre,BRA,Grêmio,0.0,2.0,visitante,0.0,1.0,,,,False,,openfootball
2017,Group,,D,1,2017-04-11,Grêmio Porto Alegre,BRA,Grêmio,Deportes Iquique,CHI,Iquique,3.0,2.0,mandante,3.0,0.0,,,,False,,openfootball
2017,Group,,D,1,2017-04-12,Guaraní,PAR,Guaraní,Zamora FC,VEN,Zamora,3.0,1.0,mandante,1.0,1.0,,,,False,,openfootball
2017,Group,,D,1,2017-04-19,Zamora FC,VEN,Zamora,Deportes Iquique,CHI,Iquique,1.0,4.0,visitante,0.0,2.0,,,,False,,openfootball
2017,Group,,D,1,2017-04-20,Guaraní,PAR,Guaraní,Grêmio Porto Alegre,BRA,Grêmio,1.0,1.0,empate,0.0,0.0,,,,False,,openfootball
2017,Group,,D,1,2017-04-25,Deportes Iquique,CHI,Iquique,Zamora FC,VEN,Zamora,4.0,3.0,mandante,1.0,0.0,,,,False,,openfootball
2017,Group,,D,1,2017-04-27,Grêmio Porto Alegre,BRA,Grêmio,Guaraní,PAR,Guaraní,4.0,1.0,mandante,3.0,1.0,,,,False,,openfootball
2017,Group,,D,1,2017-05-03,Deportes Iquique,CHI,Iquique,Grêmio Porto Alegre,BRA,Grêmio,2.0,1.0,mandante,1.0,1.0,,,,False,,openfootball
2017,Group,,D,1,2017-05-04,Zamora FC,VEN,Zamora,Guaraní,PAR,Guaraní,1.0,3.0,visitante,1.0,2.0,,,,False,,openfootball
2017,Group,,D,1,2017-05-25,Guaraní,PAR,Guaraní,Deportes Iquique,CHI,Iquique,0.0,0.0,empate,,,,,,False,,openfootball
2017,Group,,D,1,2017-05-25,Grêmio Porto Alegre,BRA,Grêmio,Zamora FC,VEN,Zamora,4.0,0.0,mandante,3.0,0.0,,,,False,,openfootball
2017,Playoffs,Round of 16,,1,2017-07-04,Godoy Cruz,ARG,Godoy Cruz,Grêmio Porto Alegre,BRA,Grêmio,0.0,1.0,visitante,0.0,1.0,,,,False,,openfootball
2017,Playoffs,Round of 16,,1,2017-07-04,Guaraní,PAR,Guaraní,River Plate,ARG,River Plate,0.0,2.0,visitante,0.0,1.0,,,,False,,openfootball
2017,Playoffs,Round of 16,,1,2017-07-05,Athletico Paranaense,BRA,Athletico-PR,Santos FC,BRA,Santos,2.0,3.0,visitante,1.0,1.0,,,,False,,openfootball
2017,Playoffs,Round of 16,,1,2017-07-05,Barcelona,ECU,Barcelona SC,Palmeiras,BRA,Palmeiras,1.0,0.0,mandante,0.0,0.0,,,,False,,openfootball
2017,Playoffs,Round of 16,,1,2017-07-05,Jorge Wilstermann,BOL,Jorge Wilstermann,Atlético Mineiro,BRA,Atlético Mineiro,1.0,0.0,mandante,1.0,0.0,,,,False,,openfootball
2017,Playoffs,Round of 16,,1,2017-07-06,The Strongest,BOL,The Strongest,Lanús,ARG,Lanús,1.0,1.0,empate,0.0,1.0,,,,False,,openfootball
2017,Playoffs,Round of 16,,1,2017-07-06,Nacional,URU,Nacional,Botafogo RJ,BRA,Botafogo,0.0,1.0,visitante,0.0,1.0,,,,False,,openfootball
2017,Playoffs,Round of 16,,1,2017-07-06,Emelec,ECU,Emelec,San Lorenzo,ARG,San Lorenzo,0.0,1.0,visitante,0.0,1.0,,,,False,,openfootball
2017,Playoffs,Round of 16,,2,2017-08-08,Lanús,ARG,Lanús,The Strongest,BOL,The Strongest,1.0,0.0,mandante,0.0,0.0,,,,False,,openfootball
2017,Playoffs,Round of 16,,2,2017-08-08,River Plate,ARG,River Plate,Guaraní,PAR,Guaraní,1.0,1.0,empate,0.0,1.0,,,,False,,openfootball
2017,Playoffs,Round of 16,,2,2017-08-09,Grêmio Porto Alegre,BRA,Grêmio,Godoy Cruz,ARG,Godoy Cruz,2.0,1.0,mandante,1.0,1.0,,,,False,,openfootball
2017,Playoffs,Round of 16,,2,2017-08-09,Palmeiras,BRA,Palmeiras,Barcelona,ECU,Barcelona SC,1.0,0.0,mandante,0.0,0.0,4.0,5.0,Barcelona,False,,openfootball
2017,Playoffs,Round of 16,,2,2017-08-09,Atlético Mineiro,BRA,Atlético Mineiro,Jorge Wilstermann,BOL,Jorge Wilstermann,0.0,0.0,empate,,,,,,False,,openfootball
2017,Playoffs,Round of 16,,2,2017-08-10,Botafogo RJ,BRA,Botafogo,Nacional,URU,Nacional,2.0,0.0,mandante,2.0,0.0,,,,False,,openfootball
2017,Playoffs,Round of 16,,2,2017-08-10,Santos FC,BRA,Santos,Athletico Paranaense,BRA,Athletico-PR,1.0,0.0,mandante,0.0,0.0,,,,False,,openfootball
2017,Playoffs,Round of 16,,2,2017-08-10,San Lorenzo,ARG,San Lorenzo,Emelec,ECU,Emelec,0.0,1.0,visitante,0.0,0.0,5.0,4.0,San Lorenzo,False,,openfootball
2017,Finals,Quarterfinals,,1,2017-09-13,San Lorenzo,ARG,San Lorenzo,Lanús,ARG,Lanús,2.0,0.0,mandante,1.0,0.0,,,,False,,openfootball
2017,Finals,Quarterfinals,,1,2017-09-13,Barcelona,ECU,Barcelona SC,Santos FC,BRA,Santos,1.0,1.0,empate,0.0,0.0,,,,False,,openfootball
2017,Finals,Quarterfinals,,1,2017-09-13,Botafogo RJ,BRA,Botafogo,Grêmio Porto Alegre,BRA,Grêmio,0.0,0.0,empate,,,,,,False,,openfootball
2017,Finals,Quarterfinals,,1,2017-09-14,Jorge Wilstermann,BOL,Jorge Wilstermann,River Plate,ARG,River Plate,3.0,0.0,mandante,1.0,0.0,,,,False,,openfootball
2017,Finals,Quarterfinals,,2,2017-09-20,Santos FC,BRA,Santos,Barcelona,ECU,Barcelona SC,0.0,1.0,visitante,0.0,0.0,,,,False,,openfootball
2017,Finals,Quarterfinals,,2,2017-09-20,Grêmio Porto Alegre,BRA,Grêmio,Botafogo RJ,BRA,Botafogo,1.0,0.0,mandante,0.0,0.0,,,,False,,openfootball
2017,Finals,Quarterfinals,,2,2017-09-21,River Plate,ARG,River Plate,Jorge Wilstermann,BOL,Jorge Wilstermann,8.0,0.0,mandante,4.0,0.0,,,,False,,openfootball
2017,Finals,Quarterfinals,,2,2017-09-21,Lanús,ARG,Lanús,San Lorenzo,ARG,San Lorenzo,2.0,0.0,mandante,2.0,0.0,4.0,3.0,Lanús,False,,openfootball
2017,Finals,Semifinals,,1,2017-10-24,River Plate,ARG,River Plate,Lanús,ARG,Lanús,1.0,0.0,mandante,0.0,0.0,,,,False,,openfootball
2017,Finals,Semifinals,,1,2017-10-25,Barcelona,ECU,Barcelona SC,Grêmio Porto Alegre,BRA,Grêmio,0.0,3.0,visitante,0.0,2.0,,,,False,,openfootball
2017,Finals,Semifinals,,2,2017-10-31,Lanús,ARG,Lanús,River Plate,ARG,River Plate,4.0,2.0,mandante,1.0,2.0,,,,False,,openfootball
2017,Finals,Semifinals,,2,2017-11-01,Grêmio Porto Alegre,BRA,Grêmio,Barcelona,ECU,Barcelona SC,0.0,1.0,visitante,0.0,1.0,,,,False,,openfootball
2017,Finals,Final,,1,2017-11-22,Grêmio Porto Alegre,BRA,Grêmio,Lanús,ARG,Lanús,1.0,0.0,mandante,0.0,0.0,,,,False,,openfootball
2017,Finals,Final,,2,2017-11-29,Lanús,ARG,Lanús,Grêmio Porto Alegre,BRA,Grêmio,1.0,2.0,visitante,0.0,2.0,,,,False,,openfootball
2018,Qualifying,Round 1,,1,2018-01-22,Montevideo Wanderers,URU,Montevideo Wanderers,Club Olimpia,PAR,Olimpia,0.0,0.0,empate,,,,,,False,,openfootball
2018,Qualifying,Round 1,,1,2018-01-22,Macará,ECU,Macará,Deportivo Táchira,VEN,Deportivo Táchira,1.0,1.0,empate,1.0,0.0,,,,False,,openfootball
2018,Qualifying,Round 1,,1,2018-01-22,Oriente Petrolero,BOL,Oriente Petrolero,Universitario de Deportes,PER,Universitario,2.0,0.0,mandante,1.0,0.0,,,,False,,openfootball
2018,Qualifying,Round 1,,2,2018-01-26,Club Olimpia,PAR,Olimpia,Montevideo Wanderers,URU,Montevideo Wanderers,2.0,0.0,mandante,0.0,0.0,,,,False,,openfootball
2018,Qualifying,Round 1,,2,2018-01-26,Deportivo Táchira,VEN,Deportivo Táchira,Macará,ECU,Macará,0.0,0.0,empate,,,,,,False,,openfootball
2018,Qualifying,Round 1,,2,2018-01-26,Universitario de Deportes,PER,Universitario,Oriente Petrolero,BOL,Oriente Petrolero,3.0,1.0,mandante,1.0,0.0,,,,False,,openfootball
2018,Qualifying,Round 2,,1,2018-01-30,Carabobo FC,VEN,Carabobo,Guaraní,PAR,Guaraní,1.0,0.0,mandante,1.0,0.0,,,,False,,openfootball
2018,Qualifying,Round 2,,1,2018-01-30,Banfield,ARG,Banfield,Independiente del Valle,ECU,Independiente del Valle,1.0,1.0,empate,0.0,0.0,,,,False,,openfootball
2018,Qualifying,Round 2,,1,2018-01-30,Santiago Wanderers,CHI,Santiago Wanderers,FBC Melgar,PER,Melgar,1.0,1.0,empate,1.0,1.0,,,,False,,openfootball
2018,Qualifying,Round 2,,1,2018-01-31,Chapecoense,BRA,Chapecoense,Nacional,URU,Nacional,0.0,1.0,visitante,0.0,0.0,,,,False,,openfootball
2018,Qualifying,Round 2,,1,2018-01-31,Universidad de Concepción,CHI,Universidad de Concepción,Vasco da Gama RJ,BRA,Vasco,0.0,4.0,visitante,0.0,2.0,,,,False,,openfootball
2018,Qualifying,Round 2,,1,2018-02-01,Deportivo Táchira,VEN,Deportivo Táchira,Santa Fe,COL,Santa Fe,2.0,3.0,visitante,2.0,2.0,,,,False,,openfootball
2018,Qualifying,Round 2,,1,2018-02-01,Oriente Petrolero,BOL,Oriente Petrolero,Jorge Wilstermann,BOL,Jorge Wilstermann,1.0,2.0,visitante,1.0,0.0,,,,False,,openfootball
2018,Qualifying,Round 2,,1,2018-02-01,Club Olimpia,PAR,Olimpia,Atlético Junior,COL,Junior,1.0,0.0,mandante,1.0,0.0,,,,False,,openfootball
2018,Qualifying,Round 2,,2,2018-02-06,Guaraní,PAR,Guaraní,Carabobo FC,VEN,Carabobo,6.0,0.0,mandante,2.0,0.0,,,,False,,openfootball
2018,Qualifying,Round 2,,2,2018-02-06,Independiente del Valle,ECU,Independiente del Valle,Banfield,ARG,Banfield,2.0,2.0,empate,1.0,1.0,,,,False,,openfootball
2018,Qualifying,Round 2,,2,2018-02-06,FBC Melgar,PER,Melgar,Santiago Wanderers,CHI,Santiago Wanderers,0.0,1.0,visitante,0.0,1.0,,,,False,,openfootball
2018,Qualifying,Round 2,,2,2018-02-07,Nacional,URU,Nacional,Chapecoense,BRA,Chapecoense,1.0,0.0,mandante,1.0,0.0,,,,False,,openfootball
2018,Qualifying,Round 2,,2,2018-02-07,Vasco da Gama RJ,BRA,Vasco,Universidad de Concepción,CHI,Universidad de Concepción,2.0,0.0,mandante,2.0,0.0,,,,False,,openfootball
2018,Qualifying,Round 2,,2,2018-02-08,Santa Fe,COL,Santa Fe,Deportivo Táchira,VEN,Deportivo Táchira,0.0,0.0,empate,,,,,,False,,openfootball
2018,Qualifying,Round 2,,2,2018-02-08,Jorge Wilstermann,BOL,Jorge Wilstermann,Oriente Petrolero,BOL,Oriente Petrolero,2.0,2.0,empate,2.0,0.0,,,,False,,openfootball
2018,Qualifying,Round 2,,2,2018-02-09,Atlético Junior,COL,Junior,Club Olimpia,PAR,Olimpia,3.0,1.0,mandante,1.0,1.0,,,,False,,openfootball
2018,Qualifying,Round 3,,1,2018-02-13,Santiago Wanderers,CHI,Santiago Wanderers,Santa Fe,COL,Santa Fe,1.0,2.0,visitante,0.0,2.0,,,,False,,openfootball
2018,Qualifying,Round 3,,1,2018-02-14,Banfield,ARG,Banfield,Nacional,URU,Nacional,2.0,2.0,empate,0.0,0.0,,,,False,,openfootball
2018,Qualifying,Round 3,,1,2018-02-14,Vasco da Gama RJ,BRA,Vasco,Jorge Wilstermann,BOL,Jorge Wilstermann,4.0,0.0,mandante,2.0,0.0,,,,False,,openfootball
2018,Qualifying,Round 3,,1,2018-02-15,Atlético Junior,COL,Junior,Guaraní,PAR,Guaraní,1.0,0.0,mandante,0.0,0.0,,,,False,,openfootball
2018,Qualifying,Round 3,,2,2018-02-20,Santa Fe,COL,Santa Fe,Santiago Wanderers,CHI,Santiago Wanderers,3.0,0.0,mandante,1.0,0.0,,,,False,,openfootball
2018,Qualifying,Round 3,,2,2018-02-21,Nacional,URU,Nacional,Banfield,ARG,Banfield,1.0,0.0,mandante,0.0,0.0,,,,False,,openfootball
2018,Qualifying,Round 3,,2,2018-02-21,Jorge Wilstermann,BOL,Jorge Wilstermann,Vasco da Gama RJ,BRA,Vasco,4.0,0.0,mandante,3.0,0.0,2.0,3.0,Vasco da Gama RJ,False,,openfootball
2018,Qualifying,Round 3,,2,2018-02-22,Guaraní,PAR,Guaraní,Atlético Junior,COL,Junior,0.0,0.0,empate,,,,,,False,,openfootball
2018,Group,,A,1,2018-02-27,Monagas,VEN,Monagas,Cerro Porteño,PAR,Cerro Porteño,0.0,2.0,visitante,0.0,1.0,,,,False,,openfootball
2018,Group,,A,1,2018-02-27,Defensor Sporting,URU,Defensor Sporting,Grêmio Porto Alegre,BRA,Grêmio,1.0,1.0,empate,0.0,0.0,,,,False,,openfootball
2018,Group,,A,1,2018-03-13,Cerro Porteño,PAR,Cerro Porteño,Defensor Sporting,URU,Defensor Sporting,2.0,1.0,mandante,1.0,0.0,,,,False,,openfootball
2018,Group,,A,1,2018-04-04,Grêmio Porto Alegre,BRA,Grêmio,Monagas,VEN,Monagas,4.0,0.0,mandante,0.0,0.0,,,,False,,openfootball
2018,Group,,A,1,2018-04-17,Defensor Sporting,URU,Defensor Sporting,Monagas,VEN,Monagas,3.0,1.0,mandante,0.0,0.0,,,,False,,openfootball
2018,Group,,A,1,2018-04-17,Cerro Porteño,PAR,Cerro Porteño,Grêmio Porto Alegre,BRA,Grêmio,0.0,0.0,empate,,,,,,False,,openfootball
2018,Group,,A,1,2018-04-25,Monagas,VEN,Monagas,Defensor Sporting,URU,Defensor Sporting,1.0,0.0,mandante,0.0,0.0,,,,False,,openfootball
2018,Group,,A,1,2018-05-01,Grêmio Porto Alegre,BRA,Grêmio,Cerro Porteño,PAR,Cerro Porteño,5.0,0.0,mandante,2.0,0.0,,,,False,,openfootball
2018,Group,,A,1,2018-05-15,Defensor Sporting,URU,Defensor Sporting,Cerro Porteño,PAR,Cerro Porteño,0.0,1.0,visitante,0.0,0.0,,,,False,,openfootball
2018,Group,,A,1,2018-05-15,Monagas,VEN,Monagas,Grêmio Porto Alegre,BRA,Grêmio,1.0,2.0,visitante,0.0,0.0,,,,False,,openfootball
2018,Group,,A,1,2018-05-23,Cerro Porteño,PAR,Cerro Porteño,Monagas,VEN,Monagas,3.0,2.0,mandante,1.0,0.0,,,,False,,openfootball
2018,Group,,A,1,2018-05-23,Grêmio Porto Alegre,BRA,Grêmio,Defensor Sporting,URU,Defensor Sporting,1.0,0.0,mandante,0.0,0.0,,,,False,,openfootball
2018,Group,,B,1,2018-02-27,Colo-Colo,CHI,Colo-Colo,Atlético Nacional,COL,Atlético Nacional,0.0,1.0,visitante,0.0,0.0,,,,False,,openfootball
2018,Group,,B,1,2018-02-28,Delfín SC,ECU,Delfín,Bolívar,BOL,Bolívar,1.0,1.0,empate,1.0,1.0,,,,False,,openfootball
2018,Group,,B,1,2018-03-14,Bolívar,BOL,Bolívar,Colo-Colo,CHI,Colo-Colo,1.0,1.0,empate,1.0,1.0,,,,False,,openfootball
2018,Group,,B,1,2018-03-14,Atlético Nacional,COL,Atlético Nacional,Delfín SC,ECU,Delfín,4.0,0.0,mandante,1.0,0.0,,,,False,,openfootball
2018,Group,,B,1,2018-04-05,Colo-Colo,CHI,Colo-Colo,Delfín SC,ECU,Delfín,0.0,2.0,visitante,0.0,0.0,,,,False,,openfootball
2018,Group,,B,1,2018-04-05,Bolívar,BOL,Bolívar,Atlético Nacional,COL,Atlético Nacional,1.0,0.0,mandante,1.0,0.0,,,,False,,openfootball
2018,Group,,B,1,2018-04-24,Atlético Nacional,COL,Atlético Nacional,Bolívar,BOL,Bolívar,4.0,1.0,mandante,3.0,0.0,,,,False,,openfootball
2018,Group,,B,1,2018-05-02,Delfín SC,ECU,Delfín,Colo-Colo,CHI,Colo-Colo,1.0,2.0,visitante,0.0,2.0,,,,False,,openfootball
2018,Group,,B,1,2018-05-15,Delfín SC,ECU,Delfín,Atlético Nacional,COL,Atlético Nacional,1.0,0.0,mandante,1.0,0.0,,,,False,,openfootball
2018,Group,,B,1,2018-05-15,Colo-Colo,CHI,Colo-Colo,Bolívar,BOL,Bolívar,2.0,0.0,mandante,2.0,0.0,,,,False,,openfootball
2018,Group,,B,1,2018-05-24,Atlético Nacional,COL,Atlético Nacional,Colo-Colo,CHI,Colo-Colo,0.0,0.0,empate,,,,,,False,,openfootball
2018,Group,,B,1,2018-05-24,Bolívar,BOL,Bolívar,Delfín SC,ECU,Delfín,2.0,1.0,mandante,1.0,0.0,,,,False,,openfootball
2018,Group,,H,1,2018-03-13,Atlético Tucumán,ARG,Atlético Tucumán,Libertad,PAR,Libertad,0.0,2.0,visitante,0.0,0.0,,,,False,,openfootball
2018,Group,,H,1,2018-03-15,The Strongest,BOL,The Strongest,Peñarol,URU,Peñarol,1.0,0.0,mandante,1.0,0.0,,,,False,,openfootball
2018,Group,,H,1,2018-04-03,Libertad,PAR,Libertad,The Strongest,BOL,The Strongest,3.0,0.0,mandante,0.0,0.0,,,,False,,openfootball
2018,Group,,H,1,2018-04-04,Peñarol,URU,Peñarol,Atlético Tucumán,ARG,Atlético Tucumán,3.0,1.0,mandante,1.0,0.0,,,,False,,openfootball
2018,Group,,H,1,2018-04-18,The Strongest,BOL,The Strongest,Atlético Tucumán,ARG,Atlético Tucumán,1.0,2.0,visitante,1.0,1.0,,,,False,,openfootball
2018,Group,,H,1,2018-04-18,Libertad,PAR,Libertad,Peñarol,URU,Peñarol,2.0,1.0,mandante,0.0,0.0,,,,False,,openfootball
2018,Group,,H,1,2018-04-25,Atlético Tucumán,ARG,Atlético Tucumán,The Strongest,BOL,The Strongest,3.0,0.0,mandante,2.0,0.0,,,,False,,openfootball
2018,Group,,H,1,2018-04-26,Peñarol,URU,Peñarol,Libertad,PAR,Libertad,2.0,0.0,mandante,1.0,0.0,,,,False,,openfootball
2018,Group,,H,1,2018-05-02,Atlético Tucumán,ARG,Atlético Tucumán,Peñarol,URU,Peñarol,1.0,0.0,mandante,0.0,0.0,,,,False,,openfootball
2018,Group,,H,1,2018-05-03,The Strongest,BOL,The Strongest,Libertad,PAR,Libertad,1.0,3.0,visitante,0.0,1.0,,,,False,,openfootball
2018,Group,,H,1,2018-05-17,Libertad,PAR,Libertad,Atlético Tucumán,ARG,Atlético Tucumán,0.0,0.0,empate,,,,,,False,,openfootball
2018,Group,,H,1,2018-05-17,Peñarol,URU,Peñarol,The Strongest,BOL,The Strongest,2.0,0.0,mandante,2.0,0.0,,,,False,,openfootball
2018,Group,,D,1,2018-02-28,Flamengo RJ,BRA,Flamengo,River Plate,ARG,River Plate,2.0,2.0,empate,0.0,0.0,,,,False,,openfootball
2018,Group,,D,1,2018-03-01,Santa Fe,COL,Santa Fe,Emelec,ECU,Emelec,1.0,1.0,empate,1.0,0.0,,,,False,,openfootball
2018,Group,,D,1,2018-03-14,Emelec,ECU,Emelec,Flamengo RJ,BRA,Flamengo,1.0,2.0,visitante,0.0,0.0,,,,False,,openfootball
2018,Group,,D,1,2018-04-05,River Plate,ARG,River Plate,Santa Fe,COL,Santa Fe,0.0,0.0,empate,,,,,,False,,openfootball
2018,Group,,D,1,2018-04-18,Flamengo RJ,BRA,Flamengo,Santa Fe,COL,Santa Fe,1.0,1.0,empate,1.0,1.0,,,,False,,openfootball
2018,Group,,D,1,2018-04-19,Emelec,ECU,Emelec,River Plate,ARG,River Plate,0.0,1.0,visitante,0.0,1.0,,,,False,,openfootball
2018,Group,,D,1,2018-04-25,Santa Fe,COL,Santa Fe,Flamengo RJ,BRA,Flamengo,0.0,0.0,empate,,,,,,False,,openfootball
2018,Group,,D,1,2018-04-26,River Plate,ARG,River Plate,Emelec,ECU,Emelec,2.0,1.0,mandante,0.0,0.0,,,,False,,openfootball
2018,Group,,D,1,2018-05-03,Santa Fe,COL,Santa Fe,River Plate,ARG,River Plate,0.0,1.0,visitante,0.0,1.0,,,,False,,openfootball
2018,Group,,D,1,2018-05-16,Flamengo RJ,BRA,Flamengo,Emelec,ECU,Emelec,2.0,0.0,mandante,0.0,0.0,,,,False,,openfootball
2018,Group,,D,1,2018-05-23,Emelec,ECU,Emelec,Santa Fe,COL,Santa Fe,0.0,3.0,visitante,0.0,1.0,,,,False,,openfootball
2018,Group,,D,1,2018-05-23,River Plate,ARG,River Plate,Flamengo RJ,BRA,Flamengo,0.0,0.0,empate,,,,,,False,,openfootball
2018,Group,,C,1,2018-02-27,Racing Club,ARG,Racing,Cruzeiro,BRA,Cruzeiro,4.0,2.0,mandante,2.0,1.0,,,,False,,openfootball
2018,Group,,C,1,2018-03-13,Vasco da Gama RJ,BRA,Vasco,Universidad de Chile,CHI,Universidad de Chile,0.0,1.0,visitante,0.0,0.0,,,,False,,openfootball
2018,Group,,C,1,2018-04-03,Universidad de Chile,CHI,Universidad de Chile,Racing Club,ARG,Racing,1.0,1.0,empate,1.0,1.0,,,,False,,openfootball
2018,Group,,C,1,2018-04-04,Cruzeiro,BRA,Cruzeiro,Vasco da Gama RJ,BRA,Vasco,0.0,0.0,empate,,,,,,False,,openfootball
2018,Group,,C,1,2018-04-19,Racing Club,ARG,Racing,Vasco da Gama RJ,BRA,Vasco,4.0,0.0,mandante,2.0,0.0,,,,False,,openfootball
2018,Group,,C,1,2018-04-19,Universidad de Chile,CHI,Universidad de Chile,Cruzeiro,BRA,Cruzeiro,0.0,0.0,empate,,,,,,False,,openfootball
2018,Group,,C,1,2018-04-26,Cruzeiro,BRA,Cruzeiro,Universidad de Chile,CHI,Universidad de Chile,7.0,0.0,mandante,3.0,0.0,,,,False,,openfootball
2018,Group,,C,1,2018-04-26,Vasco da Gama RJ,BRA,Vasco,Racing Club,ARG,Racing,1.0,1.0,empate,0.0,1.0,,,,False,,openfootball
2018,Group,,C,1,2018-05-02,Vasco da Gama RJ,BRA,Vasco,Cruzeiro,BRA,Cruzeiro,0.0,4.0,visitante,0.0,3.0,,,,False,,openfootball
2018,Group,,C,1,2018-05-03,Racing Club,ARG,Racing,Universidad de Chile,CHI,Universidad de Chile,1.0,0.0,mandante,0.0,0.0,,,,False,,openfootball
2018,Group,,C,1,2018-05-22,Universidad de Chile,CHI,Universidad de Chile,Vasco da Gama RJ,BRA,Vasco,0.0,2.0,visitante,0.0,1.0,,,,False,,openfootball
2018,Group,,C,1,2018-05-22,Cruzeiro,BRA,Cruzeiro,Racing Club,ARG,Racing,2.0,1.0,mandante,2.0,1.0,,,,False,,openfootball
2018,Group,,E,1,2018-02-28,Nacional,URU,Nacional,Estudiantes,ARG,Estudiantes,0.0,0.0,empate,,,,,,False,,openfootball
2018,Group,,E,1,2018-03-01,Real Garcilaso,PER,Real Garcilaso,Santos FC,BRA,Santos,2.0,0.0,mandante,1.0,0.0,,,,False,,openfootball
2018,Group,,E,1,2018-03-14,Estudiantes,ARG,Estudiantes,Real Garcilaso,PER,Real Garcilaso,3.0,0.0,mandante,0.0,0.0,,,,False,,openfootball
2018,Group,,E,1,2018-03-15,Santos FC,BRA,Santos,Nacional,URU,Nacional,3.0,1.0,mandante,1.0,0.0,,,,False,,openfootball
2018,Group,,E,1,2018-04-03,Real Garcilaso,PER,Real Garcilaso,Nacional,URU,Nacional,0.0,0.0,empate,,,,,,False,,openfootball
2018,Group,,E,1,2018-04-05,Estudiantes,ARG,Estudiantes,Santos FC,BRA,Santos,0.0,1.0,visitante,0.0,1.0,,,,False,,openfootball
2018,Group,,E,1,2018-04-24,Santos FC,BRA,Santos,Estudiantes,ARG,Estudiantes,2.0,0.0,mandante,1.0,0.0,,,,False,,openfootball
2018,Group,,E,1,2018-04-25,Nacional,URU,Nacional,Real Garcilaso,PER,Real Garcilaso,4.0,0.0,mandante,1.0,0.0,,,,False,,openfootball
2018,Group,,E,1,2018-05-01,Real Garcilaso,PER,Real Garcilaso,Estudiantes,ARG,Estudiantes,0.0,0.0,empate,,,,,,False,,openfootball
2018,Group,,E,1,2018-05-01,Nacional,URU,Nacional,Santos FC,BRA,Santos,1.0,0.0,mandante,0.0,0.0,,,,False,,openfootball
2018,Group,,E,1,2018-05-24,Estudiantes,ARG,Estudiantes,Nacional,URU,Nacional,3.0,1.0,mandante,0.0,1.0,,,,False,,openfootball
2018,Group,,E,1,2018-05-24,Santos FC,BRA,Santos,Real Garcilaso,PER,Real Garcilaso,0.0,0.0,empate,,,,,,False,,openfootball
2018,Group,,F,1,2018-02-28,Millonarios,COL,Millonarios,Corinthians SP,BRA,Corinthians,0.0,0.0,empate,,,,,,False,,openfootball
2018,Group,,F,1,2018-03-01,Deportivo Lara,VEN,Deportivo Lara,Independiente,ARG,Independiente,1.0,0.0,mandante,1.0,0.0,,,,False,,openfootball
2018,Group,,F,1,2018-03-14,Corinthians SP,BRA,Corinthians,Deportivo Lara,VEN,Deportivo Lara,2.0,0.0,mandante,0.0,0.0,,,,False,,openfootball
2018,Group,,F,1,2018-03-15,Independiente,ARG,Independiente,Millonarios,COL,Millonarios,1.0,0.0,mandante,1.0,0.0,,,,False,,openfootball
2018,Group,,F,1,2018-04-17,Millonarios,COL,Millonarios,Deportivo Lara,VEN,Deportivo Lara,4.0,0.0,mandante,2.0,0.0,,,,False,,openfootball
2018,Group,,F,1,2018-04-18,Independiente,ARG,Independiente,Corinthians SP,BRA,Corinthians,0.0,1.0,visitante,0.0,0.0,,,,False,,openfootball
2018,Group,,F,1,2018-04-24,Deportivo Lara,VEN,Deportivo Lara,Millonarios,COL,Millonarios,2.0,1.0,mandante,2.0,0.0,,,,False,,openfootball
2018,Group,,F,1,2018-05-02,Corinthians SP,BRA,Corinthians,Independiente,ARG,Independiente,1.0,2.0,visitante,1.0,2.0,,,,False,,openfootball
2018,Group,,F,1,2018-05-17,Deportivo Lara,VEN,Deportivo Lara,Corinthians SP,BRA,Corinthians,2.0,7.0,visitante,1.0,2.0,,,,False,,openfootball
2018,Group,,F,1,2018-05-17,Millonarios,COL,Millonarios,Independiente,ARG,Independiente,1.0,1.0,empate,0.0,0.0,,,,False,,openfootball
2018,Group,,F,1,2018-05-24,Corinthians SP,BRA,Corinthians,Millonarios,COL,Millonarios,0.0,1.0,visitante,0.0,0.0,,,,False,,openfootball
2018,Group,,F,1,2018-05-24,Independiente,ARG,Independiente,Deportivo Lara,VEN,Deportivo Lara,2.0,0.0,mandante,1.0,0.0,,,,False,,openfootball
2018,Group,,G,1,2018-03-01,Alianza Lima,PER,Alianza Lima,Boca Juniors,ARG,Boca Juniors,0.0,0.0,empate,,,,,,False,,openfootball
2018,Group,,G,1,2018-03-01,Atlético Junior,COL,Junior,Palmeiras,BRA,Palmeiras,0.0,3.0,visitante,0.0,1.0,,,,False,,openfootball
2018,Group,,G,1,2018-04-03,Palmeiras,BRA,Palmeiras,Alianza Lima,PER,Alianza Lima,2.0,0.0,mandante,1.0,0.0,,,,False,,openfootball
2018,Group,,G,1,2018-04-04,Boca Juniors,ARG,Boca Juniors,Atlético Junior,COL,Junior,1.0,0.0,mandante,1.0,0.0,,,,False,,openfootball
2018,Group,,G,1,2018-04-11,Palmeiras,BRA,Palmeiras,Boca Juniors,ARG,Boca Juniors,1.0,1.0,empate,0.0,0.0,,,,False,,openfootball
2018,Group,,G,1,2018-04-19,Alianza Lima,PER,Alianza Lima,Atlético Junior,COL,Junior,0.0,2.0,visitante,0.0,1.0,,,,False,,openfootball
2018,Group,,G,1,2018-04-25,Boca Juniors,ARG,Boca Juniors,Palmeiras,BRA,Palmeiras,0.0,2.0,visitante,0.0,1.0,,,,False,,openfootball
2018,Group,,G,1,2018-04-26,Atlético Junior,COL,Junior,Alianza Lima,PER,Alianza Lima,1.0,0.0,mandante,0.0,0.0,,,,False,,openfootball
2018,Group,,G,1,2018-05-02,Atlético Junior,COL,Junior,Boca Juniors,ARG,Boca Juniors,1.0,1.0,empate,1.0,0.0,,,,False,,openfootball
2018,Group,,G,1,2018-05-03,Alianza Lima,PER,Alianza Lima,Palmeiras,BRA,Palmeiras,1.0,3.0,visitante,0.0,2.0,,,,False,,openfootball
2018,Group,,G,1,2018-05-16,Boca Juniors,ARG,Boca Juniors,Alianza Lima,PER,Alianza Lima,5.0,0.0,mandante,4.0,0.0,,,,False,,openfootball
2018,Group,,G,1,2018-05-16,Palmeiras,BRA,Palmeiras,Atlético Junior,COL,Junior,3.0,1.0,mandante,0.0,0.0,,,,False,,openfootball
2018,Playoffs,Round of 16,,1,2018-08-07,Estudiantes,ARG,Estudiantes,Grêmio Porto Alegre,BRA,Grêmio,2.0,1.0,mandante,2.0,1.0,,,,False,,openfootball
2018,Playoffs,Round of 16,,1,2018-08-08,Boca Juniors,ARG,Boca Juniors,Libertad,PAR,Libertad,2.0,0.0,mandante,2.0,0.0,,,,False,,openfootball
2018,Playoffs,Round of 16,,1,2018-08-08,Colo-Colo,CHI,Colo-Colo,Corinthians SP,BRA,Corinthians,1.0,0.0,mandante,1.0,0.0,,,,False,,openfootball
2018,Playoffs,Round of 16,,1,2018-08-08,Flamengo RJ,BRA,Flamengo,Cruzeiro,BRA,Cruzeiro,0.0,2.0,visitante,0.0,1.0,,,,False,,openfootball
2018,Playoffs,Round of 16,,1,2018-08-09,Racing Club,ARG,Racing,River Plate,ARG,River Plate,0.0,0.0,empate,,,,,,False,,openfootball
2018,Playoffs,Round of 16,,1,2018-08-09,Atlético Tucumán,ARG,Atlético Tucumán,Atlético Nacional,COL,Atlético Nacional,2.0,0.0,mandante,1.0,0.0,,,,False,,openfootball
2018,Playoffs,Round of 16,,1,2018-08-09,Cerro Porteño,PAR,Cerro Porteño,Palmeiras,BRA,Palmeiras,0.0,2.0,visitante,0.0,0.0,,,,False,,openfootball
2018,Playoffs,Round of 16,,1,2018-08-21,Independiente,ARG,Independiente,Santos FC,BRA,Santos,3.0,0.0,mandante,0.0,0.0,,,,False,,openfootball
2018,Playoffs,Round of 16,,2,2018-08-28,Santos FC,BRA,Santos,Independiente,ARG,Independiente,0.0,0.0,empate,,,,,,False,,openfootball
2018,Playoffs,Round of 16,,2,2018-08-28,Grêmio Porto Alegre,BRA,Grêmio,Estudiantes,ARG,Estudiantes,2.0,1.0,mandante,1.0,1.0,5.0,3.0,Grêmio Porto Alegre,False,,openfootball
2018,Playoffs,Round of 16,,2,2018-08-28,Atlético Nacional,COL,Atlético Nacional,Atlético Tucumán,ARG,Atlético Tucumán,1.0,0.0,mandante,1.0,0.0,,,,False,,openfootball
2018,Playoffs,Round of 16,,2,2018-08-29,River Plate,ARG,River Plate,Racing Club,ARG,Racing,3.0,0.0,mandante,2.0,0.0,,,,False,,openfootball
2018,Playoffs,Round of 16,,2,2018-08-29,Corinthians SP,BRA,Corinthians,Colo-Colo,CHI,Colo-Colo,2.0,1.0,mandante,1.0,1.0,,,,False,,openfootball
2018,Playoffs,Round of 16,,2,2018-08-29,Cruzeiro,BRA,Cruzeiro,Flamengo RJ,BRA,Flamengo,0.0,1.0,visitante,0.0,0.0,,,,False,,openfootball
2018,Playoffs,Round of 16,,2,2018-08-30,Libertad,PAR,Libertad,Boca Juniors,ARG,Boca Juniors,2.0,4.0,visitante,2.0,2.0,,,,False,,openfootball
2018,Playoffs,Round of 16,,2,2018-08-30,Palmeiras,BRA,Palmeiras,Cerro Porteño,PAR,Cerro Porteño,0.0,1.0,visitante,0.0,0.0,,,,False,,openfootball
2018,Finals,Quarterfinals,,1,2018-09-18,Atlético Tucumán,ARG,Atlético Tucumán,Grêmio Porto Alegre,BRA,Grêmio,0.0,2.0,visitante,0.0,1.0,,,,False,,openfootball
2018,Finals,Quarterfinals,,1,2018-09-19,Independiente,ARG,Independiente,River Plate,ARG,River Plate,0.0,0.0,empate,,,,,,False,,openfootball
2018,Finals,Quarterfinals,,1,2018-09-19,Boca Juniors,ARG,Boca Juniors,Cruzeiro,BRA,Cruzeiro,2.0,0.0,mandante,1.0,0.0,,,,False,,openfootball
2018,Finals,Quarterfinals,,1,2018-09-20,Colo-Colo,CHI,Colo-Colo,Palmeiras,BRA,Palmeiras,0.0,2.0,visitante,0.0,1.0,,,,False,,openfootball
2018,Finals,Quarterfinals,,2,2018-10-02,River Plate,ARG,River Plate,Independiente,ARG,Independiente,3.0,1.0,mandante,0.0,0.0,,,,False,,openfootball
2018,Finals,Quarterfinals,,2,2018-10-02,Grêmio Porto Alegre,BRA,Grêmio,Atlético Tucumán,ARG,Atlético Tucumán,4.0,0.0,mandante,2.0,0.0,,,,False,,openfootball
2018,Finals,Quarterfinals,,2,2018-10-03,Palmeiras,BRA,Palmeiras,Colo-Colo,CHI,Colo-Colo,2.0,0.0,mandante,1.0,0.0,,,,False,,openfootball
2018,Finals,Quarterfinals,,2,2018-10-04,Cruzeiro,BRA,Cruzeiro,Boca Juniors,ARG,Boca Juniors,1.0,1.0,empate,0.0,0.0,,,,False,,openfootball
2018,Finals,Semifinals,,1,2018-10-23,River Plate,ARG,River Plate,Grêmio Porto Alegre,BRA,Grêmio,0.0,1.0,visitante,0.0,0.0,,,,False,,openfootball
2018,Finals,Semifinals,,1,2018-10-24,Boca Juniors,ARG,Boca Juniors,Palmeiras,BRA,Palmeiras,2.0,0.0,mandante,0.0,0.0,,,,False,,openfootball
2018,Finals,Semifinals,,2,2018-10-30,Grêmio Porto Alegre,BRA,Grêmio,River Plate,ARG,River Plate,1.0,2.0,visitante,1.0,0.0,,,,False,,openfootball
2018,Finals,Semifinals,,2,2018-10-31,Palmeiras,BRA,Palmeiras,Boca Juniors,ARG,Boca Juniors,2.0,2.0,empate,0.0,1.0,,,,False,,openfootball
2018,Finals,Final,,1,2018-11-11,Boca Juniors,ARG,Boca Juniors,River Plate,ARG,River Plate,2.0,2.0,empate,2.0,1.0,,,,False,,openfootball
2018,Finals,Final,,2,2018-12-09,River Plate,ARG,River Plate,Boca Juniors,ARG,Boca Juniors,3.0,1.0,mandante,0.0,1.0,,,,True,,openfootball
2019,Qualifying,Round 1,,1,2019-01-22,Delfín SC,ECU,Delfín,Club Nacional,PAR,Nacional,3.0,0.0,mandante,2.0,0.0,,,,False,,openfootball
2019,Qualifying,Round 1,,1,2019-01-23,Deportivo La Guaira,VEN,Deportivo La Guaira,Real Garcilaso,PER,Real Garcilaso,1.0,0.0,mandante,0.0,0.0,,,,False,,openfootball
2019,Qualifying,Round 1,,1,2019-01-23,Bolívar,BOL,Bolívar,Defensor Sporting,URU,Defensor Sporting,2.0,4.0,visitante,0.0,1.0,,,,False,,openfootball
2019,Qualifying,Round 1,,2,2019-01-29,Real Garcilaso,PER,Real Garcilaso,Deportivo La Guaira,VEN,Deportivo La Guaira,2.0,1.0,mandante,1.0,0.0,,,,False,,openfootball
2019,Qualifying,Round 1,,2,2019-01-30,Club Nacional,PAR,Nacional,Delfín SC,ECU,Delfín,1.0,2.0,visitante,1.0,2.0,,,,False,,openfootball
2019,Qualifying,Round 1,,2,2019-01-30,Defensor Sporting,URU,Defensor Sporting,Bolívar,BOL,Bolívar,2.0,3.0,visitante,1.0,3.0,,,,False,,openfootball
2019,Qualifying,Round 2,,1,2019-02-05,Danubio,URU,Danubio,Atlético Mineiro,BRA,Atlético Mineiro,2.0,2.0,empate,1.0,1.0,,,,False,,openfootball
2019,Qualifying,Round 2,,1,2019-02-05,FBC Melgar,PER,Melgar,Universidad de Chile,CHI,Universidad de Chile,1.0,0.0,mandante,0.0,0.0,,,,False,,openfootball
2019,Qualifying,Round 2,,1,2019-02-05,The Strongest,BOL,The Strongest,Libertad,PAR,Libertad,1.0,1.0,empate,0.0,0.0,,,,False,,openfootball
2019,Qualifying,Round 2,,1,2019-02-06,Delfín SC,ECU,Delfín,Caracas FC,VEN,Caracas,1.0,1.0,empate,1.0,1.0,,,,False,,openfootball
2019,Qualifying,Round 2,,1,2019-02-06,Defensor Sporting,URU,Defensor Sporting,Barcelona,ECU,Barcelona SC,3.0,0.0,mandante,0.0,0.0,,,,False,,openfootball
2019,Qualifying,Round 2,,1,2019-02-06,Palestino,CHI,Palestino,Independiente Medellín,COL,Independiente Medellín,1.0,1.0,empate,0.0,0.0,,,,False,,openfootball
2019,Qualifying,Round 2,,1,2019-02-06,Talleres de Córdoba,ARG,Talleres,São Paulo FC,BRA,São Paulo,2.0,0.0,mandante,0.0,0.0,,,,False,,openfootball
2019,Qualifying,Round 2,,1,2019-02-07,Deportivo La Guaira,VEN,Deportivo La Guaira,Atlético Nacional,COL,Atlético Nacional,0.0,1.0,visitante,0.0,0.0,,,,False,,openfootball
2019,Qualifying,Round 2,,2,2019-02-12,Atlético Mineiro,BRA,Atlético Mineiro,Danubio,URU,Danubio,3.0,2.0,mandante,3.0,1.0,,,,False,,openfootball
2019,Qualifying,Round 2,,2,2019-02-12,Independiente Medellín,COL,Independiente Medellín,Palestino,CHI,Palestino,1.0,1.0,empate,1.0,1.0,1.0,4.0,Palestino,False,,openfootball
2019,Qualifying,Round 2,,2,2019-02-12,Barcelona,ECU,Barcelona SC,Defensor Sporting,URU,Defensor Sporting,1.0,0.0,mandante,1.0,0.0,,,,False,,openfootball
2019,Qualifying,Round 2,,2,2019-02-13,Universidad de Chile,CHI,Universidad de Chile,FBC Melgar,PER,Melgar,0.0,0.0,empate,,,,,,False,,openfootball
2019,Qualifying,Round 2,,2,2019-02-13,Libertad,PAR,Libertad,The Strongest,BOL,The Strongest,5.0,1.0,mandante,1.0,1.0,,,,False,,openfootball
2019,Qualifying,Round 2,,2,2019-02-13,São Paulo FC,BRA,São Paulo,Talleres de Córdoba,ARG,Talleres,0.0,0.0,empate,,,,,,False,,openfootball
2019,Qualifying,Round 2,,2,2019-02-13,Caracas FC,VEN,Caracas,Delfín SC,ECU,Delfín,0.0,0.0,empate,,,,,,False,,openfootball
2019,Qualifying,Round 2,,2,2019-02-14,Atlético Nacional,COL,Atlético Nacional,Deportivo La Guaira,VEN,Deportivo La Guaira,0.0,0.0,empate,,,,,,False,,openfootball
2019,Qualifying,Round 3,,1,2019-02-19,FBC Melgar,PER,Melgar,Caracas FC,VEN,Caracas,2.0,0.0,mandante,1.0,0.0,,,,False,,openfootball
2019,Qualifying,Round 3,,1,2019-02-20,Talleres de Córdoba,ARG,Talleres,Palestino,CHI,Palestino,1.0,2.0,visitante,1.0,0.0,,,,False,,openfootball
2019,Qualifying,Round 3,,1,2019-02-20,Defensor Sporting,URU,Defensor Sporting,Atlético Mineiro,BRA,Atlético Mineiro,0.0,2.0,visitante,0.0,1.0,,,,False,,openfootball
2019,Qualifying,Round 3,,1,2019-02-21,Libertad,PAR,Libertad,Atlético Nacional,COL,Atlético Nacional,1.0,0.0,mandante,0.0,0.0,,,,False,,openfootball
2019,Qualifying,Round 3,,2,2019-02-26,Caracas FC,VEN,Caracas,FBC Melgar,PER,Melgar,2.0,1.0,mandante,1.0,0.0,,,,False,,openfootball
2019,Qualifying,Round 3,,2,2019-02-27,Palestino,CHI,Palestino,Talleres de Córdoba,ARG,Talleres,2.0,2.0,empate,1.0,2.0,,,,False,,openfootball
2019,Qualifying,Round 3,,2,2019-02-27,Atlético Mineiro,BRA,Atlético Mineiro,Defensor Sporting,URU,Defensor Sporting,0.0,0.0,empate,,,,,,False,,openfootball
2019,Qualifying,Round 3,,2,2019-02-28,Atlético Nacional,COL,Atlético Nacional,Libertad,PAR,Libertad,1.0,0.0,mandante,1.0,0.0,4.0,5.0,Libertad,False,,openfootball
2019,Group,,F,1,2019-03-06,Palestino,CHI,Palestino,Internacional,BRA,Internacional,0.0,1.0,visitante,0.0,0.0,,,,False,,openfootball
2019,Group,,F,1,2019-03-06,Alianza Lima,PER,Alianza Lima,River Plate,ARG,River Plate,1.0,1.0,empate,1.0,0.0,,,,False,,openfootball
2019,Group,,F,1,2019-03-13,River Plate,ARG,River Plate,Palestino,CHI,Palestino,0.0,0.0,empate,,,,,,False,,openfootball
2019,Group,,F,1,2019-03-13,Internacional,BRA,Internacional,Alianza Lima,PER,Alianza Lima,2.0,0.0,mandante,2.0,0.0,,,,False,,openfootball
2019,Group,,F,1,2019-04-02,Palestino,CHI,Palestino,Alianza Lima,PER,Alianza Lima,3.0,0.0,mandante,1.0,0.0,,,,False,,openfootball
2019,Group,,F,1,2019-04-03,Internacional,BRA,Internacional,River Plate,ARG,River Plate,2.0,2.0,empate,2.0,1.0,,,,False,,openfootball
2019,Group,,F,1,2019-04-09,Internacional,BRA,Internacional,Palestino,CHI,Palestino,3.0,2.0,mandante,2.0,1.0,,,,False,,openfootball
2019,Group,,F,1,2019-04-11,River Plate,ARG,River Plate,Alianza Lima,PER,Alianza Lima,3.0,0.0,mandante,1.0,0.0,,,,False,,openfootball
2019,Group,,F,1,2019-04-24,Palestino,CHI,Palestino,River Plate,ARG,River Plate,0.0,2.0,visitante,0.0,1.0,,,,False,,openfootball
2019,Group,,F,1,2019-04-24,Alianza Lima,PER,Alianza Lima,Internacional,BRA,Internacional,0.0,1.0,visitante,0.0,0.0,,,,False,,openfootball
2019,Group,,F,1,2019-05-07,Alianza Lima,PER,Alianza Lima,Palestino,CHI,Palestino,1.0,2.0,visitante,1.0,1.0,,,,False,,openfootball
2019,Group,,F,1,2019-05-07,River Plate,ARG,River Plate,Internacional,BRA,Internacional,2.0,2.0,empate,1.0,1.0,,,,False,,openfootball
2019,Group,,H,1,2019-03-07,Huracán,ARG,Huracán,Cruzeiro,BRA,Cruzeiro,0.0,1.0,visitante,0.0,1.0,,,,False,,openfootball
2019,Group,,H,1,2019-03-08,Deportivo Lara,VEN,Deportivo Lara,Emelec,ECU,Emelec,0.0,0.0,empate,,,,,,False,,openfootball
2019,Group,,H,1,2019-03-14,Emelec,ECU,Emelec,Huracán,ARG,Huracán,0.0,0.0,empate,,,,,,False,,openfootball
2019,Group,,H,1,2019-03-27,Cruzeiro,BRA,Cruzeiro,Deportivo Lara,VEN,Deportivo Lara,2.0,0.0,mandante,1.0,0.0,,,,False,,openfootball
2019,Group,,H,1,2019-04-03,Emelec,ECU,Emelec,Cruzeiro,BRA,Cruzeiro,0.0,1.0,visitante,0.0,1.0,,,,False,,openfootball
2019,Group,,H,1,2019-04-03,Deportivo Lara,VEN,Deportivo Lara,Huracán,ARG,Huracán,2.0,1.0,mandante,2.0,0.0,,,,False,,openfootball
2019,Group,,H,1,2019-04-10,Cruzeiro,BRA,Cruzeiro,Huracán,ARG,Huracán,4.0,0.0,mandante,3.0,0.0,,,,False,,openfootball
2019,Group,,H,1,2019-04-11,Emelec,ECU,Emelec,Deportivo Lara,VEN,Deportivo Lara,2.0,2.0,empate,0.0,0.0,,,,False,,openfootball
2019,Group,,H,1,2019-04-23,Deportivo Lara,VEN,Deportivo Lara,Cruzeiro,BRA,Cruzeiro,0.0,2.0,visitante,0.0,1.0,,,,False,,openfootball
2019,Group,,H,1,2019-04-23,Huracán,ARG,Huracán,Emelec,ECU,Emelec,1.0,2.0,visitante,0.0,1.0,,,,False,,openfootball
2019,Group,,H,1,2019-05-08,Cruzeiro,BRA,Cruzeiro,Emelec,ECU,Emelec,1.0,2.0,visitante,0.0,1.0,,,,False,,openfootball
2019,Group,,H,1,2019-05-08,Huracán,ARG,Huracán,Deportivo Lara,VEN,Deportivo Lara,3.0,0.0,mandante,2.0,0.0,,,,False,,openfootball
2019,Group,,A,1,2019-03-05,Godoy Cruz,ARG,Godoy Cruz,Club Olimpia,PAR,Olimpia,0.0,0.0,empate,,,,,,False,,openfootball
2019,Group,,A,1,2019-03-06,Universidad de Concepción,CHI,Universidad de Concepción,Sporting Cristal,PER,Sporting Cristal,5.0,4.0,mandante,1.0,0.0,,,,False,,openfootball
2019,Group,,A,1,2019-03-12,Club Olimpia,PAR,Olimpia,Universidad de Concepción,CHI,Universidad de Concepción,1.0,1.0,empate,1.0,1.0,,,,False,,openfootball
2019,Group,,A,1,2019-03-12,Sporting Cristal,PER,Sporting Cristal,Godoy Cruz,ARG,Godoy Cruz,1.0,1.0,empate,1.0,1.0,,,,False,,openfootball
2019,Group,,A,1,2019-04-03,Universidad de Concepción,CHI,Universidad de Concepción,Godoy Cruz,ARG,Godoy Cruz,0.0,0.0,empate,,,,,,False,,openfootball
2019,Group,,A,1,2019-04-04,Sporting Cristal,PER,Sporting Cristal,Club Olimpia,PAR,Olimpia,0.0,3.0,visitante,0.0,0.0,,,,False,,openfootball
2019,Group,,A,1,2019-04-09,Club Olimpia,PAR,Olimpia,Godoy Cruz,ARG,Godoy Cruz,2.0,1.0,mandante,2.0,0.0,,,,False,,openfootball
2019,Group,,A,1,2019-04-10,Sporting Cristal,PER,Sporting Cristal,Universidad de Concepción,CHI,Universidad de Concepción,2.0,0.0,mandante,2.0,0.0,,,,False,,openfootball
2019,Group,,A,1,2019-04-23,Universidad de Concepción,CHI,Universidad de Concepción,Club Olimpia,PAR,Olimpia,3.0,3.0,empate,2.0,0.0,,,,False,,openfootball
2019,Group,,A,1,2019-04-23,Godoy Cruz,ARG,Godoy Cruz,Sporting Cristal,PER,Sporting Cristal,2.0,0.0,mandante,1.0,0.0,,,,False,,openfootball
2019,Group,,A,1,2019-05-09,Club Olimpia,PAR,Olimpia,Sporting Cristal,PER,Sporting Cristal,0.0,1.0,visitante,0.0,1.0,,,,False,,openfootball
2019,Group,,A,1,2019-05-09,Godoy Cruz,ARG,Godoy Cruz,Universidad de Concepción,CHI,Universidad de Concepción,1.0,0.0,mandante,1.0,0.0,,,,False,,openfootball
2019,Group,,B,1,2019-03-05,Club San José,BOL,San José,Flamengo RJ,BRA,Flamengo,0.0,1.0,visitante,0.0,0.0,,,,False,,openfootball
2019,Group,,B,1,2019-03-07,LDU Quito,ECU,LDU,Peñarol,URU,Peñarol,2.0,0.0,mandante,1.0,0.0,,,,False,,openfootball
2019,Group,,B,1,2019-03-13,Flamengo RJ,BRA,Flamengo,LDU Quito,ECU,LDU,3.0,1.0,mandante,1.0,0.0,,,,False,,openfootball
2019,Group,,B,1,2019-03-14,Peñarol,URU,Peñarol,Club San José,BOL,San José,4.0,0.0,mandante,3.0,0.0,,,,False,,openfootball
2019,Group,,B,1,2019-04-02,Club San José,BOL,San José,LDU Quito,ECU,LDU,3.0,3.0,empate,1.0,2.0,,,,False,,openfootball
2019,Group,,B,1,2019-04-03,Flamengo RJ,BRA,Flamengo,Peñarol,URU,Peñarol,0.0,1.0,visitante,0.0,0.0,,,,False,,openfootball
2019,Group,,B,1,2019-04-09,Peñarol,URU,Peñarol,LDU Quito,ECU,LDU,1.0,0.0,mandante,0.0,0.0,,,,False,,openfootball
2019,Group,,B,1,2019-04-11,Flamengo RJ,BRA,Flamengo,Club San José,BOL,San José,6.0,1.0,mandante,2.0,1.0,,,,False,,openfootball
2019,Group,,B,1,2019-04-24,Club San José,BOL,San José,Peñarol,URU,Peñarol,3.0,1.0,mandante,0.0,0.0,,,,False,,openfootball
2019,Group,,B,1,2019-04-24,LDU Quito,ECU,LDU,Flamengo RJ,BRA,Flamengo,2.0,1.0,mandante,1.0,1.0,,,,False,,openfootball
2019,Group,,B,1,2019-05-08,LDU Quito,ECU,LDU,Club San José,BOL,San José,4.0,0.0,mandante,0.0,0.0,,,,False,,openfootball
2019,Group,,B,1,2019-05-08,Peñarol,URU,Peñarol,Flamengo RJ,BRA,Flamengo,0.0,0.0,empate,,,,,,False,,openfootball
2019,Group,,G,1,2019-03-06,Atlético Mineiro,BRA,Atlético Mineiro,Cerro Porteño,PAR,Cerro Porteño,0.0,1.0,visitante,0.0,0.0,,,,False,,openfootball
2019,Group,,G,1,2019-03-06,Zamora FC,VEN,Zamora,Nacional,URU,Nacional,0.0,1.0,visitante,0.0,1.0,,,,False,,openfootball
2019,Group,,G,1,2019-03-12,Nacional,URU,Nacional,Atlético Mineiro,BRA,Atlético Mineiro,1.0,0.0,mandante,0.0,0.0,,,,False,,openfootball
2019,Group,,G,1,2019-03-13,Cerro Porteño,PAR,Cerro Porteño,Zamora FC,VEN,Zamora,2.0,1.0,mandante,1.0,0.0,,,,False,,openfootball
2019,Group,,G,1,2019-04-02,Cerro Porteño,PAR,Cerro Porteño,Nacional,URU,Nacional,1.0,0.0,mandante,1.0,0.0,,,,False,,openfootball
2019,Group,,G,1,2019-04-03,Atlético Mineiro,BRA,Atlético Mineiro,Zamora FC,VEN,Zamora,3.0,2.0,mandante,0.0,2.0,,,,False,,openfootball
2019,Group,,G,1,2019-04-10,Cerro Porteño,PAR,Cerro Porteño,Atlético Mineiro,BRA,Atlético Mineiro,4.0,1.0,mandante,4.0,1.0,,,,False,,openfootball
2019,Group,,G,1,2019-04-10,Nacional,URU,Nacional,Zamora FC,VEN,Zamora,1.0,0.0,mandante,0.0,0.0,,,,False,,openfootball
2019,Group,,G,1,2019-04-23,Atlético Mineiro,BRA,Atlético Mineiro,Nacional,URU,Nacional,0.0,1.0,visitante,0.0,0.0,,,,False,,openfootball
2019,Group,,G,1,2019-04-25,Zamora FC,VEN,Zamora,Cerro Porteño,PAR,Cerro Porteño,2.0,1.0,mandante,1.0,0.0,,,,False,,openfootball
2019,Group,,G,1,2019-05-07,Zamora FC,VEN,Zamora,Atlético Mineiro,BRA,Atlético Mineiro,1.0,2.0,visitante,0.0,2.0,,,,False,,openfootball
2019,Group,,G,1,2019-05-07,Nacional,URU,Nacional,Cerro Porteño,PAR,Cerro Porteño,1.0,1.0,empate,0.0,1.0,,,,False,,openfootball
2019,Group,,C,1,2019-03-05,FBC Melgar,PER,Melgar,San Lorenzo,ARG,San Lorenzo,0.0,0.0,empate,,,,,,False,,openfootball
2019,Group,,C,1,2019-03-06,Atlético Junior,COL,Junior,Palmeiras,BRA,Palmeiras,0.0,2.0,visitante,0.0,1.0,,,,False,,openfootball
2019,Group,,C,1,2019-03-12,Palmeiras,BRA,Palmeiras,FBC Melgar,PER,Melgar,3.0,0.0,mandante,1.0,0.0,,,,False,,openfootball
2019,Group,,C,1,2019-03-13,San Lorenzo,ARG,San Lorenzo,Atlético Junior,COL,Junior,1.0,0.0,mandante,0.0,0.0,,,,False,,openfootball
2019,Group,,C,1,2019-04-02,San Lorenzo,ARG,San Lorenzo,Palmeiras,BRA,Palmeiras,1.0,0.0,mandante,0.0,0.0,,,,False,,openfootball
2019,Group,,C,1,2019-04-02,FBC Melgar,PER,Melgar,Atlético Junior,COL,Junior,1.0,0.0,mandante,0.0,0.0,,,,False,,openfootball
2019,Group,,C,1,2019-04-09,San Lorenzo,ARG,San Lorenzo,FBC Melgar,PER,Melgar,2.0,0.0,mandante,1.0,0.0,,,,False,,openfootball
2019,Group,,C,1,2019-04-10,Palmeiras,BRA,Palmeiras,Atlético Junior,COL,Junior,3.0,0.0,mandante,1.0,0.0,,,,False,,openfootball
2019,Group,,C,1,2019-04-25,Atlético Junior,COL,Junior,San Lorenzo,ARG,San Lorenzo,1.0,0.0,mandante,1.0,0.0,,,,False,,openfootball
2019,Group,,C,1,2019-04-25,FBC Melgar,PER,Melgar,Palmeiras,BRA,Palmeiras,0.0,4.0,visitante,0.0,2.0,,,,False,,openfootball
2019,Group,,C,1,2019-05-08,Atlético Junior,COL,Junior,FBC Melgar,PER,Melgar,0.0,1.0,visitante,0.0,1.0,,,,False,,openfootball
2019,Group,,C,1,2019-05-08,Palmeiras,BRA,Palmeiras,San Lorenzo,ARG,San Lorenzo,1.0,0.0,mandante,0.0,0.0,,,,False,,openfootball
2019,Group,,D,1,2019-03-05,Deportes Tolima,COL,Tolima,Athletico Paranaense,BRA,Athletico-PR,1.0,0.0,mandante,1.0,0.0,,,,False,,openfootball
2019,Group,,D,1,2019-03-05,Jorge Wilstermann,BOL,Jorge Wilstermann,Boca Juniors,ARG,Boca Juniors,0.0,0.0,empate,,,,,,False,,openfootball
2019,Group,,D,1,2019-03-12,Boca Juniors,ARG,Boca Juniors,Deportes Tolima,COL,Tolima,3.0,0.0,mandante,0.0,0.0,,,,False,,openfootball
2019,Group,,D,1,2019-03-14,Athletico Paranaense,BRA,Athletico-PR,Jorge Wilstermann,BOL,Jorge Wilstermann,4.0,0.0,mandante,2.0,0.0,,,,False,,openfootball
2019,Group,,D,1,2019-04-02,Athletico Paranaense,BRA,Athletico-PR,Boca Juniors,ARG,Boca Juniors,3.0,0.0,mandante,1.0,0.0,,,,False,,openfootball
2019,Group,,D,1,2019-04-03,Deportes Tolima,COL,Tolima,Jorge Wilstermann,BOL,Jorge Wilstermann,2.0,2.0,empate,1.0,0.0,,,,False,,openfootball
2019,Group,,D,1,2019-04-09,Athletico Paranaense,BRA,Athletico-PR,Deportes Tolima,COL,Tolima,1.0,0.0,mandante,0.0,0.0,,,,False,,openfootball
2019,Group,,D,1,2019-04-10,Boca Juniors,ARG,Boca Juniors,Jorge Wilstermann,BOL,Jorge Wilstermann,4.0,0.0,mandante,1.0,0.0,,,,False,,openfootball
2019,Group,,D,1,2019-04-24,Jorge Wilstermann,BOL,Jorge Wilstermann,Athletico Paranaense,BRA,Athletico-PR,3.0,2.0,mandante,1.0,1.0,,,,False,,openfootball
2019,Group,,D,1,2019-04-24,Deportes Tolima,COL,Tolima,Boca Juniors,ARG,Boca Juniors,2.0,2.0,empate,2.0,2.0,,,,False,,openfootball
2019,Group,,D,1,2019-05-09,Boca Juniors,ARG,Boca Juniors,Athletico Paranaense,BRA,Athletico-PR,2.0,1.0,mandante,0.0,0.0,,,,False,,openfootball
2019,Group,,D,1,2019-05-09,Jorge Wilstermann,BOL,Jorge Wilstermann,Deportes Tolima,COL,Tolima,0.0,2.0,visitante,0.0,1.0,,,,False,,openfootball
2019,Group,,E,1,2019-03-05,Libertad,PAR,Libertad,Universidad Católica,CHI,Universidad Católica,4.0,1.0,mandante,2.0,1.0,,,,False,,openfootball
2019,Group,,E,1,2019-03-06,Rosario Central,ARG,Rosario Central,Grêmio Porto Alegre,BRA,Grêmio,1.0,1.0,empate,1.0,1.0,,,,False,,openfootball
2019,Group,,E,1,2019-03-12,Grêmio Porto Alegre,BRA,Grêmio,Libertad,PAR,Libertad,0.0,1.0,visitante,0.0,1.0,,,,False,,openfootball
2019,Group,,E,1,2019-03-13,Universidad Católica,CHI,Universidad Católica,Rosario Central,ARG,Rosario Central,2.0,1.0,mandante,1.0,0.0,,,,False,,openfootball
2019,Group,,E,1,2019-04-04,Universidad Católica,CHI,Universidad Católica,Grêmio Porto Alegre,BRA,Grêmio,1.0,0.0,mandante,1.0,0.0,,,,False,,openfootball
2019,Group,,E,1,2019-04-04,Libertad,PAR,Libertad,Rosario Central,ARG,Rosario Central,2.0,0.0,mandante,0.0,0.0,,,,False,,openfootball
2019,Group,,E,1,2019-04-10,Universidad Católica,CHI,Universidad Católica,Libertad,PAR,Libertad,2.0,3.0,visitante,1.0,2.0,,,,False,,openfootball
2019,Group,,E,1,2019-04-10,Grêmio Porto Alegre,BRA,Grêmio,Rosario Central,ARG,Rosario Central,3.0,1.0,mandante,1.0,0.0,,,,False,,openfootball
2019,Group,,E,1,2019-04-23,Libertad,PAR,Libertad,Grêmio Porto Alegre,BRA,Grêmio,0.0,2.0,visitante,0.0,1.0,,,,False,,openfootball
2019,Group,,E,1,2019-04-24,Rosario Central,ARG,Rosario Central,Universidad Católica,CHI,Universidad Católica,1.0,1.0,empate,0.0,1.0,,,,False,,openfootball
2019,Group,,E,1,2019-05-08,Rosario Central,ARG,Rosario Central,Libertad,PAR,Libertad,2.0,1.0,mandante,1.0,0.0,,,,False,,openfootball
2019,Group,,E,1,2019-05-08,Grêmio Porto Alegre,BRA,Grêmio,Universidad Católica,CHI,Universidad Católica,2.0,0.0,mandante,1.0,0.0,,,,False,,openfootball
2019,Playoffs,Round of 16,,1,2019-07-23,River Plate,ARG,River Plate,Cruzeiro,BRA,Cruzeiro,0.0,0.0,empate,,,,,,False,,openfootball
2019,Playoffs,Round of 16,,1,2019-07-23,Godoy Cruz,ARG,Godoy Cruz,Palmeiras,BRA,Palmeiras,2.0,2.0,empate,2.0,1.0,,,,False,,openfootball
2019,Playoffs,Round of 16,,1,2019-07-23,LDU Quito,ECU,LDU,Club Olimpia,PAR,Olimpia,3.0,1.0,mandante,1.0,0.0,,,,False,,openfootball
2019,Playoffs,Round of 16,,1,2019-07-24,Nacional,URU,Nacional,Internacional,BRA,Internacional,0.0,1.0,visitante,0.0,0.0,,,,False,,openfootball
2019,Playoffs,Round of 16,,1,2019-07-24,San Lorenzo,ARG,San Lorenzo,Cerro Porteño,PAR,Cerro Porteño,0.0,0.0,empate,,,,,,False,,openfootball
2019,Playoffs,Round of 16,,1,2019-07-24,Emelec,ECU,Emelec,Flamengo RJ,BRA,Flamengo,2.0,0.0,mandante,1.0,0.0,,,,False,,openfootball
2019,Playoffs,Round of 16,,1,2019-07-24,Athletico Paranaense,BRA,Athletico-PR,Boca Juniors,ARG,Boca Juniors,0.0,1.0,visitante,0.0,0.0,,,,False,,openfootball
2019,Playoffs,Round of 16,,1,2019-07-25,Grêmio Porto Alegre,BRA,Grêmio,Libertad,PAR,Libertad,2.0,0.0,mandante,0.0,0.0,,,,False,,openfootball
2019,Playoffs,Round of 16,,2,2019-07-30,Cruzeiro,BRA,Cruzeiro,River Plate,ARG,River Plate,0.0,0.0,empate,,,2.0,4.0,River Plate,False,,openfootball
2019,Playoffs,Round of 16,,2,2019-07-30,Palmeiras,BRA,Palmeiras,Godoy Cruz,ARG,Godoy Cruz,4.0,0.0,mandante,0.0,0.0,,,,False,,openfootball
2019,Playoffs,Round of 16,,2,2019-07-30,Club Olimpia,PAR,Olimpia,LDU Quito,ECU,LDU,1.0,1.0,empate,1.0,1.0,,,,False,,openfootball
2019,Playoffs,Round of 16,,2,2019-07-31,Internacional,BRA,Internacional,Nacional,URU,Nacional,2.0,0.0,mandante,1.0,0.0,,,,False,,openfootball
2019,Playoffs,Round of 16,,2,2019-07-31,Cerro Porteño,PAR,Cerro Porteño,San Lorenzo,ARG,San Lorenzo,2.0,1.0,mandante,0.0,1.0,,,,False,,openfootball
2019,Playoffs,Round of 16,,2,2019-07-31,Flamengo RJ,BRA,Flamengo,Emelec,ECU,Emelec,2.0,0.0,mandante,2.0,0.0,4.0,2.0,Flamengo RJ,False,,openfootball
2019,Playoffs,Round of 16,,2,2019-07-31,Boca Juniors,ARG,Boca Juniors,Athletico Paranaense,BRA,Athletico-PR,2.0,0.0,mandante,0.0,0.0,,,,False,,openfootball
2019,Playoffs,Round of 16,,2,2019-08-01,Libertad,PAR,Libertad,Grêmio Porto Alegre,BRA,Grêmio,0.0,3.0,visitante,0.0,3.0,,,,False,,openfootball
2019,Finals,Quarterfinals,,1,2019-08-20,Grêmio Porto Alegre,BRA,Grêmio,Palmeiras,BRA,Palmeiras,0.0,1.0,visitante,0.0,1.0,,,,False,,openfootball
2019,Finals,Quarterfinals,,1,2019-08-21,LDU Quito,ECU,LDU,Boca Juniors,ARG,Boca Juniors,0.0,3.0,visitante,0.0,1.0,,,,False,,openfootball
2019,Finals,Quarterfinals,,1,2019-08-21,Flamengo RJ,BRA,Flamengo,Internacional,BRA,Internacional,2.0,0.0,mandante,0.0,0.0,,,,False,,openfootball
2019,Finals,Quarterfinals,,1,2019-08-22,River Plate,ARG,River Plate,Cerro Porteño,PAR,Cerro Porteño,2.0,0.0,mandante,1.0,0.0,,,,False,,openfootball
2019,Finals,Quarterfinals,,2,2019-08-27,Palmeiras,BRA,Palmeiras,Grêmio Porto Alegre,BRA,Grêmio,1.0,2.0,visitante,1.0,2.0,,,,False,,openfootball
2019,Finals,Quarterfinals,,2,2019-08-28,Boca Juniors,ARG,Boca Juniors,LDU Quito,ECU,LDU,0.0,0.0,empate,,,,,,False,,openfootball
2019,Finals,Quarterfinals,,2,2019-08-28,Internacional,BRA,Internacional,Flamengo RJ,BRA,Flamengo,1.0,1.0,empate,0.0,0.0,,,,False,,openfootball
2019,Finals,Quarterfinals,,2,2019-08-29,Cerro Porteño,PAR,Cerro Porteño,River Plate,ARG,River Plate,1.0,1.0,empate,1.0,0.0,,,,False,,openfootball
2019,Finals,Semifinals,,1,2019-10-01,River Plate,ARG,River Plate,Boca Juniors,ARG,Boca Juniors,2.0,0.0,mandante,1.0,0.0,,,,False,,openfootball
2019,Finals,Semifinals,,1,2019-10-02,Grêmio Porto Alegre,BRA,Grêmio,Flamengo RJ,BRA,Flamengo,1.0,1.0,empate,0.0,0.0,,,,False,,openfootball
2019,Finals,Semifinals,,2,2019-10-22,Boca Juniors,ARG,Boca Juniors,River Plate,ARG,River Plate,1.0,0.0,mandante,0.0,0.0,,,,False,,openfootball
2019,Finals,Semifinals,,2,2019-10-23,Flamengo RJ,BRA,Flamengo,Grêmio Porto Alegre,BRA,Grêmio,5.0,0.0,mandante,1.0,0.0,,,,False,,openfootball
2019,Finals,Final,,1,2019-11-23,Flamengo RJ,BRA,Flamengo,River Plate,ARG,River Plate,2.0,1.0,mandante,0.0,1.0,,,,False,,openfootball
2020,Qualifying,Round 1,,1,2020-01-21,Carabobo FC,VEN,Carabobo,Universitario de Deportes,PER,Universitario,1.0,1.0,empate,0.0,0.0,,,,False,,openfootball
2020,Qualifying,Round 1,,1,2020-01-22,Club San José,BOL,San José,Guaraní,PAR,Guaraní,0.0,1.0,visitante,0.0,0.0,,,,False,,openfootball
2020,Qualifying,Round 1,,1,2020-01-22,Progreso,URU,Progreso,Barcelona,ECU,Barcelona SC,0.0,2.0,visitante,0.0,1.0,,,,False,,openfootball
2020,Qualifying,Round 1,,2,2020-01-28,Universitario de Deportes,PER,Universitario,Carabobo FC,VEN,Carabobo,1.0,0.0,mandante,1.0,0.0,,,,False,,openfootball
2020,Qualifying,Round 1,,2,2020-01-29,Guaraní,PAR,Guaraní,Club San José,BOL,San José,4.0,0.0,mandante,2.0,0.0,,,,False,,openfootball
2020,Qualifying,Round 1,,2,2020-01-29,Barcelona,ECU,Barcelona SC,Progreso,URU,Progreso,3.0,1.0,mandante,1.0,0.0,,,,False,,openfootball
2020,Qualifying,Round 2,,1,2020-02-04,Universidad de Chile,CHI,Universidad de Chile,Internacional,BRA,Internacional,0.0,0.0,empate,,,,,,False,,openfootball
2020,Qualifying,Round 2,,1,2020-02-04,Independiente Medellín,COL,Independiente Medellín,Deportivo Táchira,VEN,Deportivo Táchira,4.0,0.0,mandante,3.0,0.0,,,,False,,openfootball
2020,Qualifying,Round 2,,1,2020-02-04,Macará,ECU,Macará,Deportes Tolima,COL,Tolima,0.0,1.0,visitante,0.0,0.0,,,,False,,openfootball
2020,Qualifying,Round 2,,1,2020-02-05,Universitario de Deportes,PER,Universitario,Cerro Porteño,PAR,Cerro Porteño,1.0,1.0,empate,0.0,0.0,,,,False,,openfootball
2020,Qualifying,Round 2,,1,2020-02-05,Cerro Largo,URU,Cerro Largo,Palestino,CHI,Palestino,1.0,1.0,empate,1.0,0.0,,,,False,,openfootball
2020,Qualifying,Round 2,,1,2020-02-05,The Strongest,BOL,The Strongest,Atlético Tucumán,ARG,Atlético Tucumán,2.0,0.0,mandante,1.0,0.0,,,,False,,openfootball
2020,Qualifying,Round 2,,1,2020-02-05,Guaraní,PAR,Guaraní,Corinthians SP,BRA,Corinthians,1.0,0.0,mandante,1.0,0.0,,,,False,,openfootball
2020,Qualifying,Round 2,,1,2020-02-06,Barcelona,ECU,Barcelona SC,Sporting Cristal,PER,Sporting Cristal,4.0,0.0,mandante,2.0,0.0,,,,False,,openfootball
2020,Qualifying,Round 2,,2,2020-02-11,Deportivo Táchira,VEN,Deportivo Táchira,Independiente Medellín,COL,Independiente Medellín,2.0,0.0,mandante,1.0,0.0,,,,False,,openfootball
2020,Qualifying,Round 2,,2,2020-02-11,Internacional,BRA,Internacional,Universidad de Chile,CHI,Universidad de Chile,2.0,0.0,mandante,1.0,0.0,,,,False,,openfootball
2020,Qualifying,Round 2,,2,2020-02-11,Deportes Tolima,COL,Tolima,Macará,ECU,Macará,1.0,0.0,mandante,1.0,0.0,,,,False,,openfootball
2020,Qualifying,Round 2,,2,2020-02-12,Cerro Porteño,PAR,Cerro Porteño,Universitario de Deportes,PER,Universitario,1.0,0.0,mandante,0.0,0.0,,,,False,,openfootball
2020,Qualifying,Round 2,,2,2020-02-12,Palestino,CHI,Palestino,Cerro Largo,URU,Cerro Largo,5.0,1.0,mandante,2.0,0.0,,,,False,,openfootball
2020,Qualifying,Round 2,,2,2020-02-12,Atlético Tucumán,ARG,Atlético Tucumán,The Strongest,BOL,The Strongest,2.0,0.0,mandante,1.0,0.0,6.0,5.0,Atlético Tucumán,False,,openfootball
2020,Qualifying,Round 2,,2,2020-02-12,Corinthians SP,BRA,Corinthians,Guaraní,PAR,Guaraní,2.0,1.0,mandante,2.0,0.0,,,,False,,openfootball
2020,Qualifying,Round 2,,2,2020-02-13,Sporting Cristal,PER,Sporting Cristal,Barcelona,ECU,Barcelona SC,2.0,1.0,mandante,0.0,0.0,,,,False,,openfootball
2020,Qualifying,Round 3,,1,2020-02-18,Independiente Medellín,COL,Independiente Medellín,Atlético Tucumán,ARG,Atlético Tucumán,1.0,0.0,mandante,1.0,0.0,,,,False,,openfootball
2020,Qualifying,Round 3,,1,2020-02-19,Barcelona,ECU,Barcelona SC,Cerro Porteño,PAR,Cerro Porteño,1.0,0.0,mandante,1.0,0.0,,,,False,,openfootball
2020,Qualifying,Round 3,,1,2020-02-19,Deportes Tolima,COL,Tolima,Internacional,BRA,Internacional,0.0,0.0,empate,,,,,,False,,openfootball
2020,Qualifying,Round 3,,1,2020-02-20,Palestino,CHI,Palestino,Guaraní,PAR,Guaraní,0.0,1.0,visitante,0.0,1.0,,,,False,,openfootball
2020,Qualifying,Round 3,,2,2020-02-25,Atlético Tucumán,ARG,Atlético Tucumán,Independiente Medellín,COL,Independiente Medellín,1.0,0.0,mandante,1.0,0.0,2.0,4.0,Independiente Medellín,False,,openfootball
2020,Qualifying,Round 3,,2,2020-02-26,Cerro Porteño,PAR,Cerro Porteño,Barcelona,ECU,Barcelona SC,0.0,4.0,visitante,0.0,1.0,,,,False,,openfootball
2020,Qualifying,Round 3,,2,2020-02-26,Internacional,BRA,Internacional,Deportes Tolima,COL,Tolima,1.0,0.0,mandante,1.0,0.0,,,,False,,openfootball
2020,Qualifying,Round 3,,2,2020-02-27,Guaraní,PAR,Guaraní,Palestino,CHI,Palestino,2.0,1.0,mandante,0.0,1.0,,,,False,,openfootball
2020,Group,,E,1,2020-03-04,Barcelona,ECU,Barcelona SC,Independiente del Valle,ECU,Independiente del Valle,0.0,3.0,visitante,0.0,0.0,,,,False,,openfootball
2020,Group,,E,1,2020-03-04,Atlético Junior,COL,Junior,Flamengo RJ,BRA,Flamengo,1.0,2.0,visitante,0.0,1.0,,,,False,,openfootball
2020,Group,,E,1,2020-03-11,Independiente del Valle,ECU,Independiente del Valle,Atlético Junior,COL,Junior,3.0,0.0,mandante,0.0,0.0,,,,False,,openfootball
2020,Group,,E,1,2020-03-11,Flamengo RJ,BRA,Flamengo,Barcelona,ECU,Barcelona SC,3.0,0.0,mandante,2.0,0.0,,,,False,,openfootball
2020,Group,,E,1,2020-09-17,Independiente del Valle,ECU,Independiente del Valle,Flamengo RJ,BRA,Flamengo,5.0,0.0,mandante,1.0,0.0,,,,False,,openfootball
2020,Group,,E,1,2020-09-17,Barcelona,ECU,Barcelona SC,Atlético Junior,COL,Junior,1.0,2.0,visitante,1.0,1.0,,,,False,,openfootball
2020,Group,,E,1,2020-09-22,Barcelona,ECU,Barcelona SC,Flamengo RJ,BRA,Flamengo,1.0,2.0,visitante,0.0,2.0,,,,False,,openfootball
2020,Group,,E,1,2020-09-22,Atlético Junior,COL,Junior,Independiente del Valle,ECU,Independiente del Valle,4.0,1.0,mandante,1.0,1.0,,,,False,,openfootball
2020,Group,,E,1,2020-09-30,Atlético Junior,COL,Junior,Barcelona,ECU,Barcelona SC,0.0,2.0,visitante,0.0,1.0,,,,False,,openfootball
2020,Group,,E,1,2020-09-30,Flamengo RJ,BRA,Flamengo,Independiente del Valle,ECU,Independiente del Valle,4.0,0.0,mandante,2.0,0.0,,,,False,,openfootball
2020,Group,,E,1,2020-10-21,Flamengo RJ,BRA,Flamengo,Atlético Junior,COL,Junior,3.0,1.0,mandante,2.0,0.0,,,,False,,openfootball
2020,Group,,E,1,2020-10-21,Independiente del Valle,ECU,Independiente del Valle,Barcelona,ECU,Barcelona SC,2.0,0.0,mandante,1.0,0.0,,,,False,,openfootball
2020,Group,,F,1,2020-03-04,Tigre,ARG,Tigre,Palmeiras,BRA,Palmeiras,0.0,2.0,visitante,0.0,1.0,,,,False,,openfootball
2020,Group,,F,1,2020-03-04,Guaraní,PAR,Guaraní,Bolívar,BOL,Bolívar,2.0,0.0,mandante,1.0,0.0,,,,False,,openfootball
2020,Group,,F,1,2020-03-10,Bolívar,BOL,Bolívar,Tigre,ARG,Tigre,2.0,0.0,mandante,0.0,0.0,,,,False,,openfootball
2020,Group,,F,1,2020-03-10,Palmeiras,BRA,Palmeiras,Guaraní,PAR,Guaraní,3.0,1.0,mandante,0.0,0.0,,,,False,,openfootball
2020,Group,,F,1,2020-09-16,Bolívar,BOL,Bolívar,Palmeiras,BRA,Palmeiras,1.0,2.0,visitante,0.0,1.0,,,,False,,openfootball
2020,Group,,F,1,2020-09-17,Guaraní,PAR,Guaraní,Tigre,ARG,Tigre,4.0,1.0,mandante,1.0,1.0,,,,False,,openfootball
2020,Group,,F,1,2020-09-22,Tigre,ARG,Tigre,Bolívar,BOL,Bolívar,1.0,1.0,empate,1.0,1.0,,,,False,,openfootball
2020,Group,,F,1,2020-09-23,Guaraní,PAR,Guaraní,Palmeiras,BRA,Palmeiras,0.0,0.0,empate,,,,,,False,,openfootball
2020,Group,,F,1,2020-09-30,Palmeiras,BRA,Palmeiras,Bolívar,BOL,Bolívar,5.0,0.0,mandante,1.0,0.0,,,,False,,openfootball
2020,Group,,F,1,2020-10-01,Tigre,ARG,Tigre,Guaraní,PAR,Guaraní,1.0,3.0,visitante,1.0,1.0,,,,False,,openfootball
2020,Group,,F,1,2020-10-21,Bolívar,BOL,Bolívar,Guaraní,PAR,Guaraní,2.0,3.0,visitante,0.0,1.0,,,,False,,openfootball
2020,Group,,F,1,2020-10-21,Palmeiras,BRA,Palmeiras,Tigre,ARG,Tigre,5.0,0.0,mandante,1.0,0.0,,,,False,,openfootball
2020,Group,,A,1,2020-03-03,Athletico Paranaense,BRA,Athletico-PR,Peñarol,URU,Peñarol,1.0,0.0,mandante,0.0,0.0,,,,False,,openfootball
2020,Group,,A,1,2020-03-04,Jorge Wilstermann,BOL,Jorge Wilstermann,Colo-Colo,CHI,Colo-Colo,2.0,0.0,mandante,0.0,0.0,,,,False,,openfootball
2020,Group,,A,1,2020-03-11,Colo-Colo,CHI,Colo-Colo,Athletico Paranaense,BRA,Athletico-PR,1.0,0.0,mandante,1.0,0.0,,,,False,,openfootball
2020,Group,,A,1,2020-03-11,Peñarol,URU,Peñarol,Jorge Wilstermann,BOL,Jorge Wilstermann,1.0,0.0,mandante,0.0,0.0,,,,False,,openfootball
2020,Group,,A,1,2020-09-15,Jorge Wilstermann,BOL,Jorge Wilstermann,Athletico Paranaense,BRA,Athletico-PR,2.0,3.0,visitante,1.0,1.0,,,,False,,openfootball
2020,Group,,A,1,2020-09-15,Colo-Colo,CHI,Colo-Colo,Peñarol,URU,Peñarol,2.0,1.0,mandante,0.0,1.0,,,,False,,openfootball
2020,Group,,A,1,2020-09-23,Athletico Paranaense,BRA,Athletico-PR,Colo-Colo,CHI,Colo-Colo,2.0,0.0,mandante,2.0,0.0,,,,False,,openfootball
2020,Group,,A,1,2020-09-24,Jorge Wilstermann,BOL,Jorge Wilstermann,Peñarol,URU,Peñarol,3.0,1.0,mandante,2.0,1.0,,,,False,,openfootball
2020,Group,,A,1,2020-09-29,Peñarol,URU,Peñarol,Colo-Colo,CHI,Colo-Colo,3.0,0.0,mandante,1.0,0.0,,,,False,,openfootball
2020,Group,,A,1,2020-09-29,Athletico Paranaense,BRA,Athletico-PR,Jorge Wilstermann,BOL,Jorge Wilstermann,0.0,0.0,empate,,,,,,False,,openfootball
2020,Group,,A,1,2020-10-20,Peñarol,URU,Peñarol,Athletico Paranaense,BRA,Athletico-PR,3.0,2.0,mandante,1.0,2.0,,,,False,,openfootball
2020,Group,,A,1,2020-10-20,Colo-Colo,CHI,Colo-Colo,Jorge Wilstermann,BOL,Jorge Wilstermann,0.0,1.0,visitante,0.0,0.0,,,,False,,openfootball
2020,Group,,G,1,2020-03-04,LDU Quito,ECU,LDU,River Plate,ARG,River Plate,3.0,0.0,mandante,2.0,0.0,,,,False,,openfootball
2020,Group,,G,1,2020-03-05,Deportivo Binacional,PER,Deportivo Binacional,São Paulo FC,BRA,São Paulo,2.0,1.0,mandante,0.0,1.0,,,,False,,openfootball
2020,Group,,G,1,2020-03-11,River Plate,ARG,River Plate,Deportivo Binacional,PER,Deportivo Binacional,8.0,0.0,mandante,1.0,0.0,,,,False,,openfootball
2020,Group,,G,1,2020-03-11,São Paulo FC,BRA,São Paulo,LDU Quito,ECU,LDU,3.0,0.0,mandante,2.0,0.0,,,,False,,openfootball
2020,Group,,G,1,2020-09-15,Deportivo Binacional,PER,Deportivo Binacional,LDU Quito,ECU,LDU,0.0,1.0,visitante,0.0,1.0,,,,False,,openfootball
2020,Group,,G,1,2020-09-17,São Paulo FC,BRA,São Paulo,River Plate,ARG,River Plate,2.0,2.0,empate,1.0,1.0,,,,False,,openfootball
2020,Group,,G,1,2020-09-22,Deportivo Binacional,PER,Deportivo Binacional,River Plate,ARG,River Plate,0.0,6.0,visitante,0.0,3.0,,,,False,,openfootball
2020,Group,,G,1,2020-09-22,LDU Quito,ECU,LDU,São Paulo FC,BRA,São Paulo,4.0,2.0,mandante,3.0,0.0,,,,False,,openfootball
2020,Group,,G,1,2020-09-29,LDU Quito,ECU,LDU,Deportivo Binacional,PER,Deportivo Binacional,4.0,0.0,mandante,2.0,0.0,,,,False,,openfootball
2020,Group,,G,1,2020-09-30,River Plate,ARG,River Plate,São Paulo FC,BRA,São Paulo,2.0,1.0,mandante,2.0,1.0,,,,False,,openfootball
2020,Group,,G,1,2020-10-20,São Paulo FC,BRA,São Paulo,Deportivo Binacional,PER,Deportivo Binacional,5.0,1.0,mandante,2.0,1.0,,,,False,,openfootball
2020,Group,,G,1,2020-10-20,River Plate,ARG,River Plate,LDU Quito,ECU,LDU,3.0,0.0,mandante,0.0,0.0,,,,False,,openfootball
2020,Group,,B,1,2020-03-03,Internacional,BRA,Internacional,Universidad Católica,CHI,Universidad Católica,3.0,0.0,mandante,0.0,0.0,,,,False,,openfootball
2020,Group,,B,1,2020-03-03,América de Cali,COL,América de Cali,Grêmio Porto Alegre,BRA,Grêmio,0.0,2.0,visitante,0.0,1.0,,,,False,,openfootball
2020,Group,,B,1,2020-03-10,Universidad Católica,CHI,Universidad Católica,América de Cali,COL,América de Cali,1.0,2.0,visitante,1.0,1.0,,,,False,,openfootball
2020,Group,,B,1,2020-03-12,Grêmio Porto Alegre,BRA,Grêmio,Internacional,BRA,Internacional,0.0,0.0,empate,,,,,,False,,openfootball
2020,Group,,B,1,2020-09-16,Internacional,BRA,Internacional,América de Cali,COL,América de Cali,4.0,3.0,mandante,3.0,1.0,,,,False,,openfootball
2020,Group,,B,1,2020-09-16,Universidad Católica,CHI,Universidad Católica,Grêmio Porto Alegre,BRA,Grêmio,2.0,0.0,mandante,2.0,0.0,,,,False,,openfootball
2020,Group,,B,1,2020-09-23,América de Cali,COL,América de Cali,Universidad Católica,CHI,Universidad Católica,1.0,1.0,empate,1.0,1.0,,,,False,,openfootball
2020,Group,,B,1,2020-09-23,Internacional,BRA,Internacional,Grêmio Porto Alegre,BRA,Grêmio,0.0,1.0,visitante,0.0,0.0,,,,False,,openfootball
2020,Group,,B,1,2020-09-29,Grêmio Porto Alegre,BRA,Grêmio,Universidad Católica,CHI,Universidad Católica,2.0,0.0,mandante,0.0,0.0,,,,False,,openfootball
2020,Group,,B,1,2020-09-29,América de Cali,COL,América de Cali,Internacional,BRA,Internacional,0.0,0.0,empate,,,,,,False,,openfootball
2020,Group,,B,1,2020-10-22,Grêmio Porto Alegre,BRA,Grêmio,América de Cali,COL,América de Cali,1.0,1.0,empate,0.0,0.0,,,,False,,openfootball
2020,Group,,B,1,2020-10-22,Universidad Católica,CHI,Universidad Católica,Internacional,BRA,Internacional,2.0,1.0,mandante,1.0,1.0,,,,False,,openfootball
2020,Group,,H,1,2020-03-05,Estudiantes de Mérida,VEN,Estudiantes de Mérida,Racing Club,ARG,Racing,1.0,2.0,visitante,0.0,0.0,,,,False,,openfootball
2020,Group,,H,1,2020-03-05,Alianza Lima,PER,Alianza Lima,Nacional,URU,Nacional,0.0,1.0,visitante,0.0,1.0,,,,False,,openfootball
2020,Group,,H,1,2020-03-12,Nacional,URU,Nacional,Estudiantes de Mérida,VEN,Estudiantes de Mérida,1.0,0.0,mandante,0.0,0.0,,,,False,,openfootball
2020,Group,,H,1,2020-03-12,Racing Club,ARG,Racing,Alianza Lima,PER,Alianza Lima,1.0,0.0,mandante,0.0,0.0,,,,False,,openfootball
2020,Group,,H,1,2020-09-16,Estudiantes de Mérida,VEN,Estudiantes de Mérida,Alianza Lima,PER,Alianza Lima,3.0,2.0,mandante,0.0,0.0,,,,False,,openfootball
2020,Group,,H,1,2020-09-17,Racing Club,ARG,Racing,Nacional,URU,Nacional,0.0,1.0,visitante,0.0,0.0,,,,False,,openfootball
2020,Group,,H,1,2020-09-22,Estudiantes de Mérida,VEN,Estudiantes de Mérida,Nacional,URU,Nacional,1.0,3.0,visitante,1.0,2.0,,,,False,,openfootball
2020,Group,,H,1,2020-09-23,Alianza Lima,PER,Alianza Lima,Racing Club,ARG,Racing,0.0,2.0,visitante,0.0,0.0,,,,False,,openfootball
2020,Group,,H,1,2020-09-30,Nacional,URU,Nacional,Racing Club,ARG,Racing,1.0,2.0,visitante,0.0,1.0,,,,False,,openfootball
2020,Group,,H,1,2020-09-30,Alianza Lima,PER,Alianza Lima,Estudiantes de Mérida,VEN,Estudiantes de Mérida,2.0,2.0,empate,1.0,1.0,,,,False,,openfootball
2020,Group,,H,1,2020-10-21,Nacional,URU,Nacional,Alianza Lima,PER,Alianza Lima,2.0,0.0,mandante,2.0,0.0,,,,False,,openfootball
2020,Group,,H,1,2020-10-21,Racing Club,ARG,Racing,Estudiantes de Mérida,VEN,Estudiantes de Mérida,2.0,1.0,mandante,0.0,0.0,,,,False,,openfootball
2020,Group,,C,1,2020-03-03,Defensa y Justicia,ARG,Defensa y Justicia,Santos FC,BRA,Santos,1.0,2.0,visitante,1.0,0.0,,,,False,,openfootball
2020,Group,,C,1,2020-03-04,Delfín SC,ECU,Delfín,Club Olimpia,PAR,Olimpia,1.0,1.0,empate,0.0,1.0,,,,False,,openfootball
2020,Group,,C,1,2020-03-10,Santos FC,BRA,Santos,Delfín SC,ECU,Delfín,1.0,0.0,mandante,1.0,0.0,,,,False,,openfootball
2020,Group,,C,1,2020-03-11,Club Olimpia,PAR,Olimpia,Defensa y Justicia,ARG,Defensa y Justicia,2.0,1.0,mandante,0.0,0.0,,,,False,,openfootball
2020,Group,,C,1,2020-09-15,Santos FC,BRA,Santos,Club Olimpia,PAR,Olimpia,0.0,0.0,empate,,,,,,False,,openfootball
2020,Group,,C,1,2020-09-17,Defensa y Justicia,ARG,Defensa y Justicia,Delfín SC,ECU,Delfín,3.0,0.0,mandante,0.0,0.0,,,,False,,openfootball
2020,Group,,C,1,2020-09-23,Defensa y Justicia,ARG,Defensa y Justicia,Club Olimpia,PAR,Olimpia,2.0,1.0,mandante,1.0,0.0,,,,False,,openfootball
2020,Group,,C,1,2020-09-24,Delfín SC,ECU,Delfín,Santos FC,BRA,Santos,1.0,2.0,visitante,0.0,1.0,,,,False,,openfootball
2020,Group,,C,1,2020-10-01,Club Olimpia,PAR,Olimpia,Santos FC,BRA,Santos,2.0,3.0,visitante,2.0,2.0,,,,False,,openfootball
2020,Group,,C,1,2020-10-01,Delfín SC,ECU,Delfín,Defensa y Justicia,ARG,Defensa y Justicia,3.0,0.0,mandante,1.0,0.0,,,,False,,openfootball
2020,Group,,C,1,2020-10-20,Club Olimpia,PAR,Olimpia,Delfín SC,ECU,Delfín,0.0,1.0,visitante,0.0,0.0,,,,False,,openfootball
2020,Group,,C,1,2020-10-20,Santos FC,BRA,Santos,Defensa y Justicia,ARG,Defensa y Justicia,2.0,1.0,mandante,0.0,0.0,,,,False,,openfootball
2020,Group,,D,1,2020-03-03,Caracas FC,VEN,Caracas,Boca Juniors,ARG,Boca Juniors,1.0,1.0,empate,0.0,1.0,,,,False,,openfootball
2020,Group,,D,1,2020-03-03,Independiente Medellín,COL,Independiente Medellín,Libertad,PAR,Libertad,1.0,2.0,visitante,0.0,2.0,,,,False,,openfootball
2020,Group,,D,1,2020-03-10,Boca Juniors,ARG,Boca Juniors,Independiente Medellín,COL,Independiente Medellín,3.0,0.0,mandante,1.0,0.0,,,,False,,openfootball
2020,Group,,D,1,2020-03-10,Libertad,PAR,Libertad,Caracas FC,VEN,Caracas,3.0,2.0,mandante,1.0,2.0,,,,False,,openfootball
2020,Group,,D,1,2020-09-16,Independiente Medellín,COL,Independiente Medellín,Caracas FC,VEN,Caracas,2.0,3.0,visitante,1.0,2.0,,,,False,,openfootball
2020,Group,,D,1,2020-09-17,Libertad,PAR,Libertad,Boca Juniors,ARG,Boca Juniors,0.0,2.0,visitante,0.0,1.0,,,,False,,openfootball
2020,Group,,D,1,2020-09-23,Caracas FC,VEN,Caracas,Libertad,PAR,Libertad,2.0,1.0,mandante,0.0,1.0,,,,False,,openfootball
2020,Group,,D,1,2020-09-24,Independiente Medellín,COL,Independiente Medellín,Boca Juniors,ARG,Boca Juniors,0.0,1.0,visitante,0.0,0.0,,,,False,,openfootball
2020,Group,,D,1,2020-09-29,Boca Juniors,ARG,Boca Juniors,Libertad,PAR,Libertad,0.0,0.0,empate,,,,,,False,,openfootball
2020,Group,,D,1,2020-09-30,Caracas FC,VEN,Caracas,Independiente Medellín,COL,Independiente Medellín,0.0,2.0,visitante,0.0,0.0,,,,False,,openfootball
2020,Group,,D,1,2020-10-22,Boca Juniors,ARG,Boca Juniors,Caracas FC,VEN,Caracas,3.0,0.0,mandante,3.0,0.0,,,,False,,openfootball
2020,Group,,D,1,2020-10-22,Libertad,PAR,Libertad,Independiente Medellín,COL,Independiente Medellín,2.0,4.0,visitante,1.0,1.0,,,,False,,openfootball
2020,Playoffs,Round of 16,,1,2020-11-24,Athletico Paranaense,BRA,Athletico-PR,River Plate,ARG,River Plate,1.0,1.0,empate,0.0,0.0,,,,False,,openfootball
2020,Playoffs,Round of 16,,1,2020-11-24,LDU Quito,ECU,LDU,Santos FC,BRA,Santos,1.0,2.0,visitante,1.0,1.0,,,,False,,openfootball
2020,Playoffs,Round of 16,,1,2020-11-24,Racing Club,ARG,Racing,Flamengo RJ,BRA,Flamengo,1.0,1.0,empate,1.0,1.0,,,,False,,openfootball
2020,Playoffs,Round of 16,,1,2020-11-25,Independiente del Valle,ECU,Independiente del Valle,Nacional,URU,Nacional,0.0,0.0,empate,,,,,,False,,openfootball
2020,Playoffs,Round of 16,,1,2020-11-25,Delfín SC,ECU,Delfín,Palmeiras,BRA,Palmeiras,1.0,3.0,visitante,0.0,2.0,,,,False,,openfootball
2020,Playoffs,Round of 16,,1,2020-11-25,Libertad,PAR,Libertad,Jorge Wilstermann,BOL,Jorge Wilstermann,3.0,1.0,mandante,0.0,0.0,,,,False,,openfootball
2020,Playoffs,Round of 16,,1,2020-11-26,Guaraní,PAR,Guaraní,Grêmio Porto Alegre,BRA,Grêmio,0.0,2.0,visitante,0.0,0.0,,,,False,,openfootball
2020,Playoffs,Round of 16,,1,2020-12-02,Internacional,BRA,Internacional,Boca Juniors,ARG,Boca Juniors,0.0,1.0,visitante,0.0,0.0,,,,False,,openfootball
2020,Playoffs,Round of 16,,2,2020-12-01,River Plate,ARG,River Plate,Athletico Paranaense,BRA,Athletico-PR,1.0,0.0,mandante,0.0,0.0,,,,False,,openfootball
2020,Playoffs,Round of 16,,2,2020-12-01,Santos FC,BRA,Santos,LDU Quito,ECU,LDU,0.0,1.0,visitante,0.0,0.0,,,,False,,openfootball
2020,Playoffs,Round of 16,,2,2020-12-01,Flamengo RJ,BRA,Flamengo,Racing Club,ARG,Racing,1.0,1.0,empate,0.0,0.0,3.0,5.0,Racing Club,False,,openfootball
2020,Playoffs,Round of 16,,2,2020-12-02,Nacional,URU,Nacional,Independiente del Valle,ECU,Independiente del Valle,0.0,0.0,empate,,,4.0,2.0,Nacional,False,,openfootball
2020,Playoffs,Round of 16,,2,2020-12-02,Palmeiras,BRA,Palmeiras,Delfín SC,ECU,Delfín,5.0,0.0,mandante,1.0,0.0,,,,False,,openfootball
2020,Playoffs,Round of 16,,2,2020-12-02,Jorge Wilstermann,BOL,Jorge Wilstermann,Libertad,PAR,Libertad,0.0,2.0,visitante,0.0,0.0,,,,False,,openfootball
2020,Playoffs,Round of 16,,2,2020-12-03,Grêmio Porto Alegre,BRA,Grêmio,Guaraní,PAR,Guaraní,2.0,0.0,mandante,1.0,0.0,,,,False,,openfootball
2020,Playoffs,Round of 16,,2,2020-12-09,Boca Juniors,ARG,Boca Juniors,Internacional,BRA,Internacional,0.0,1.0,visitante,0.0,0.0,5.0,4.0,Boca Juniors,False,,openfootball
2020,Finals,Quarterfinals,,1,2020-12-08,Libertad,PAR,Libertad,Palmeiras,BRA,Palmeiras,1.0,1.0,empate,0.0,1.0,,,,False,,openfootball
2020,Finals,Quarterfinals,,1,2020-12-09,Grêmio Porto Alegre,BRA,Grêmio,Santos FC,BRA,Santos,1.0,1.0,empate,0.0,1.0,,,,False,,openfootball
2020,Finals,Quarterfinals,,1,2020-12-10,River Plate,ARG,River Plate,Nacional,URU,Nacional,2.0,0.0,mandante,0.0,0.0,,,,False,,openfootball
2020,Finals,Quarterfinals,,1,2020-12-16,Racing Club,ARG,Racing,Boca Juniors,ARG,Boca Juniors,1.0,0.0,mandante,0.0,0.0,,,,False,,openfootball
2020,Finals,Quarterfinals,,2,2020-12-15,Palmeiras,BRA,Palmeiras,Libertad,PAR,Libertad,3.0,0.0,mandante,1.0,0.0,,,,False,,openfootball
2020,Finals,Quarterfinals,,2,2020-12-16,Santos FC,BRA,Santos,Grêmio Porto Alegre,BRA,Grêmio,4.0,1.0,mandante,2.0,0.0,,,,False,,openfootball
2020,Finals,Quarterfinals,,2,2020-12-17,Nacional,URU,Nacional,River Plate,ARG,River Plate,2.0,6.0,visitante,1.0,2.0,,,,False,,openfootball
2020,Finals,Quarterfinals,,2,2020-12-23,Boca Juniors,ARG,Boca Juniors,Racing Club,ARG,Racing,2.0,0.0,mandante,1.0,0.0,,,,False,,openfootball
2020,Finals,Semifinals,,1,2021-01-05,River Plate,ARG,River Plate,Palmeiras,BRA,Palmeiras,0.0,3.0,visitante,0.0,1.0,,,,False,,openfootball
2020,Finals,Semifinals,,1,2021-01-06,Boca Juniors,ARG,Boca Juniors,Santos FC,BRA,Santos,0.0,0.0,empate,,,,,,False,,openfootball
2020,Finals,Semifinals,,2,2021-01-12,Palmeiras,BRA,Palmeiras,River Plate,ARG,River Plate,0.0,2.0,visitante,0.0,2.0,,,,False,,openfootball
2020,Finals,Semifinals,,2,2021-01-13,Santos FC,BRA,Santos,Boca Juniors,ARG,Boca Juniors,3.0,0.0,mandante,1.0,0.0,,,,False,,openfootball
2020,Finals,Final,,1,2021-01-30,Palmeiras,BRA,Palmeiras,Santos FC,BRA,Santos,1.0,0.0,mandante,0.0,0.0,,,,False,,openfootball
2021,Qualifying,Round 1,,1,2021-02-23,Liverpool,URU,Liverpool (URU),Universidad Catolica,ECU,Universidad Católica,2.0,1.0,mandante,0.0,1.0,,,,False,,openfootball
2021,Qualifying,Round 1,,1,2021-02-24,Universidad Cesar Vallejo,PER,Universidad César Vallejo,Caracas FC,VEN,Caracas,0.0,0.0,empate,,,,,,False,,openfootball
2021,Qualifying,Round 1,,1,2021-02-24,Royal Pari,BOL,Royal Pari,Guaraní,PAR,Guaraní,1.0,4.0,visitante,0.0,3.0,,,,False,,openfootball
2021,Qualifying,Round 1,,2,2021-03-02,Universidad Catolica,ECU,Universidad Católica,Liverpool,URU,Liverpool (URU),3.0,0.0,mandante,2.0,0.0,,,,False,,openfootball
2021,Qualifying,Round 1,,2,2021-03-03,Caracas FC,VEN,Caracas,Universidad Cesar Vallejo,PER,Universidad César Vallejo,2.0,0.0,mandante,1.0,0.0,,,,False,,openfootball
2021,Qualifying,Round 1,,2,2021-03-03,Guaraní,PAR,Guaraní,Royal Pari,BOL,Royal Pari,1.0,1.0,empate,0.0,0.0,,,,False,,openfootball
2021,Qualifying,Round 2,,1,2021-03-09,Montevideo Wanderers,URU,Montevideo Wanderers,Bolívar,BOL,Bolívar,1.0,0.0,mandante,0.0,0.0,,,,False,,openfootball
2021,Qualifying,Round 2,,1,2021-03-09,Santos FC,BRA,Santos,Deportivo Lara,VEN,Deportivo Lara,2.0,1.0,mandante,0.0,0.0,,,,False,,openfootball
2021,Qualifying,Round 2,,1,2021-03-09,Unión Española,CHI,Unión Española,Independiente del Valle,ECU,Independiente del Valle,1.0,0.0,mandante,0.0,0.0,,,,False,,openfootball
2021,Qualifying,Round 2,,1,2021-03-10,Universidad Catolica,ECU,Universidad Católica,Libertad,PAR,Libertad,0.0,1.0,visitante,0.0,1.0,,,,False,,openfootball
2021,Qualifying,Round 2,,1,2021-03-10,Grêmio Porto Alegre,BRA,Grêmio,Ayacucho FC,PER,Ayacucho,6.0,1.0,mandante,4.0,0.0,,,,False,,openfootball
2021,Qualifying,Round 2,,1,2021-03-10,Universidad de Chile,CHI,Universidad de Chile,San Lorenzo,ARG,San Lorenzo,1.0,1.0,empate,0.0,0.0,,,,False,,openfootball
2021,Qualifying,Round 2,,1,2021-03-10,Caracas FC,VEN,Caracas,Atlético Junior,COL,Junior,1.0,2.0,visitante,1.0,0.0,,,,False,,openfootball
2021,Qualifying,Round 2,,1,2021-03-11,Guaraní,PAR,Guaraní,Atlético Nacional,COL,Atlético Nacional,0.0,2.0,visitante,0.0,1.0,,,,False,,openfootball
2021,Qualifying,Round 2,,2,2021-03-16,Bolívar,BOL,Bolívar,Montevideo Wanderers,URU,Montevideo Wanderers,5.0,0.0,mandante,2.0,0.0,,,,False,,openfootball
2021,Qualifying,Round 2,,2,2021-03-16,Deportivo Lara,VEN,Deportivo Lara,Santos FC,BRA,Santos,1.0,1.0,empate,0.0,1.0,,,,False,,openfootball
2021,Qualifying,Round 2,,2,2021-03-16,Ayacucho FC,PER,Ayacucho,Grêmio Porto Alegre,BRA,Grêmio,1.0,2.0,visitante,1.0,1.0,,,,False,,openfootball
2021,Qualifying,Round 2,,2,2021-03-16,Independiente del Valle,ECU,Independiente del Valle,Unión Española,CHI,Unión Española,6.0,2.0,mandante,4.0,0.0,,,,False,,openfootball
2021,Qualifying,Round 2,,2,2021-03-17,Libertad,PAR,Libertad,Universidad Catolica,ECU,Universidad Católica,2.0,2.0,empate,1.0,0.0,,,,False,,openfootball
2021,Qualifying,Round 2,,2,2021-03-17,San Lorenzo,ARG,San Lorenzo,Universidad de Chile,CHI,Universidad de Chile,2.0,0.0,mandante,1.0,0.0,,,,False,,openfootball
2021,Qualifying,Round 2,,2,2021-03-17,Atlético Junior,COL,Junior,Caracas FC,VEN,Caracas,3.0,1.0,mandante,1.0,0.0,,,,False,,openfootball
2021,Qualifying,Round 2,,2,2021-03-18,Atlético Nacional,COL,Atlético Nacional,Guaraní,PAR,Guaraní,3.0,0.0,mandante,2.0,0.0,,,,False,,openfootball
2021,Qualifying,Round 3,,1,2021-04-06,San Lorenzo,ARG,San Lorenzo,Santos FC,BRA,Santos,1.0,3.0,visitante,0.0,2.0,,,,False,,openfootball
2021,Qualifying,Round 3,,1,2021-04-07,Libertad,PAR,Libertad,Atlético Nacional,COL,Atlético Nacional,1.0,0.0,mandante,0.0,0.0,,,,False,,openfootball
2021,Qualifying,Round 3,,1,2021-04-08,Bolívar,BOL,Bolívar,Atlético Junior,COL,Junior,2.0,1.0,mandante,1.0,1.0,,,,False,,openfootball
2021,Qualifying,Round 3,,1,2021-04-09,Independiente del Valle,ECU,Independiente del Valle,Grêmio Porto Alegre,BRA,Grêmio,2.0,1.0,mandante,0.0,1.0,,,,False,,openfootball
2021,Qualifying,Round 3,,2,2021-04-13,Santos FC,BRA,Santos,San Lorenzo,ARG,San Lorenzo,2.0,2.0,empate,1.0,0.0,,,,False,,openfootball
2021,Qualifying,Round 3,,2,2021-04-14,Grêmio Porto Alegre,BRA,Grêmio,Independiente del Valle,ECU,Independiente del Valle,1.0,2.0,visitante,1.0,1.0,,,,False,,openfootball
2021,Qualifying,Round 3,,2,2021-04-14,Atlético Nacional,COL,Atlético Nacional,Libertad,PAR,Libertad,4.0,1.0,mandante,1.0,1.0,,,,False,,openfootball
2021,Qualifying,Round 3,,2,2021-04-15,Atlético Junior,COL,Junior,Bolívar,BOL,Bolívar,3.0,0.0,mandante,1.0,0.0,,,,False,,openfootball
2021,Group,,F,1,2021-04-21,Universitario de Deportes,PER,Universitario,Palmeiras,BRA,Palmeiras,2.0,3.0,visitante,0.0,1.0,,,,False,,openfootball
2021,Group,,F,1,2021-04-21,Independiente del Valle,ECU,Independiente del Valle,Defensa y Justicia,ARG,Defensa y Justicia,1.0,1.0,empate,1.0,1.0,,,,False,,openfootball
2021,Group,,F,1,2021-04-27,Palmeiras,BRA,Palmeiras,Independiente del Valle,ECU,Independiente del Valle,5.0,0.0,mandante,2.0,0.0,,,,False,,openfootball
2021,Group,,F,1,2021-04-28,Defensa y Justicia,ARG,Defensa y Justicia,Universitario de Deportes,PER,Universitario,3.0,0.0,mandante,1.0,0.0,,,,False,,openfootball
2021,Group,,F,1,2021-05-04,Defensa y Justicia,ARG,Defensa y Justicia,Palmeiras,BRA,Palmeiras,1.0,2.0,visitante,0.0,0.0,,,,False,,openfootball
2021,Group,,F,1,2021-05-05,Independiente del Valle,ECU,Independiente del Valle,Universitario de Deportes,PER,Universitario,4.0,0.0,mandante,1.0,0.0,,,,False,,openfootball
2021,Group,,F,1,2021-05-11,Independiente del Valle,ECU,Independiente del Valle,Palmeiras,BRA,Palmeiras,0.0,1.0,visitante,0.0,1.0,,,,False,,openfootball
2021,Group,,F,1,2021-05-12,Universitario de Deportes,PER,Universitario,Defensa y Justicia,ARG,Defensa y Justicia,1.0,1.0,empate,1.0,0.0,,,,False,,openfootball
2021,Group,,F,1,2021-05-18,Palmeiras,BRA,Palmeiras,Defensa y Justicia,ARG,Defensa y Justicia,3.0,4.0,visitante,2.0,2.0,,,,False,,openfootball
2021,Group,,F,1,2021-05-18,Universitario de Deportes,PER,Universitario,Independiente del Valle,ECU,Independiente del Valle,3.0,2.0,mandante,1.0,1.0,,,,False,,openfootball
2021,Group,,F,1,2021-05-27,Palmeiras,BRA,Palmeiras,Universitario de Deportes,PER,Universitario,6.0,0.0,mandante,2.0,0.0,,,,False,,openfootball
2021,Group,,F,1,2021-05-27,Defensa y Justicia,ARG,Defensa y Justicia,Independiente del Valle,ECU,Independiente del Valle,1.0,1.0,empate,1.0,1.0,,,,False,,openfootball
2021,Group,,A,1,2021-04-20,Deportivo Táchira,VEN,Deportivo Táchira,Club Olimpia,PAR,Olimpia,3.0,2.0,mandante,1.0,1.0,,,,False,,openfootball
2021,Group,,A,1,2021-04-20,Always Ready,BOL,Always Ready,Internacional,BRA,Internacional,2.0,0.0,mandante,0.0,0.0,,,,False,,openfootball
2021,Group,,A,1,2021-04-27,Internacional,BRA,Internacional,Deportivo Táchira,VEN,Deportivo Táchira,4.0,0.0,mandante,3.0,0.0,,,,False,,openfootball
2021,Group,,A,1,2021-04-28,Club Olimpia,PAR,Olimpia,Always Ready,BOL,Always Ready,2.0,1.0,mandante,0.0,0.0,,,,False,,openfootball
2021,Group,,A,1,2021-05-05,Internacional,BRA,Internacional,Club Olimpia,PAR,Olimpia,6.0,1.0,mandante,1.0,0.0,,,,False,,openfootball
2021,Group,,A,1,2021-05-06,Always Ready,BOL,Always Ready,Deportivo Táchira,VEN,Deportivo Táchira,2.0,0.0,mandante,1.0,0.0,,,,False,,openfootball
2021,Group,,A,1,2021-05-11,Deportivo Táchira,VEN,Deportivo Táchira,Internacional,BRA,Internacional,2.0,1.0,mandante,0.0,0.0,,,,False,,openfootball
2021,Group,,A,1,2021-05-13,Always Ready,BOL,Always Ready,Club Olimpia,PAR,Olimpia,1.0,2.0,visitante,1.0,1.0,,,,False,,openfootball
2021,Group,,A,1,2021-05-19,Deportivo Táchira,VEN,Deportivo Táchira,Always Ready,BOL,Always Ready,7.0,2.0,mandante,4.0,0.0,,,,False,,openfootball
2021,Group,,A,1,2021-05-20,Club Olimpia,PAR,Olimpia,Internacional,BRA,Internacional,0.0,1.0,visitante,0.0,0.0,,,,False,,openfootball
2021,Group,,A,1,2021-05-26,Club Olimpia,PAR,Olimpia,Deportivo Táchira,VEN,Deportivo Táchira,6.0,2.0,mandante,2.0,0.0,,,,False,,openfootball
2021,Group,,A,1,2021-05-26,Internacional,BRA,Internacional,Always Ready,BOL,Always Ready,0.0,0.0,empate,,,,,,False,,openfootball
2021,Group,,B,1,2021-04-20,Santos FC,BRA,Santos,Barcelona,ECU,Barcelona SC,0.0,2.0,visitante,0.0,0.0,,,,False,,openfootball
2021,Group,,B,1,2021-04-21,The Strongest,BOL,The Strongest,Boca Juniors,ARG,Boca Juniors,0.0,1.0,visitante,0.0,1.0,,,,False,,openfootball
2021,Group,,B,1,2021-04-27,Boca Juniors,ARG,Boca Juniors,Santos FC,BRA,Santos,2.0,0.0,mandante,0.0,0.0,,,,False,,openfootball
2021,Group,,B,1,2021-04-28,Barcelona,ECU,Barcelona SC,The Strongest,BOL,The Strongest,4.0,0.0,mandante,0.0,0.0,,,,False,,openfootball
2021,Group,,B,1,2021-05-04,Santos FC,BRA,Santos,The Strongest,BOL,The Strongest,5.0,0.0,mandante,3.0,0.0,,,,False,,openfootball
2021,Group,,B,1,2021-05-04,Barcelona,ECU,Barcelona SC,Boca Juniors,ARG,Boca Juniors,1.0,0.0,mandante,0.0,0.0,,,,False,,openfootball
2021,Group,,B,1,2021-05-11,The Strongest,BOL,The Strongest,Barcelona,ECU,Barcelona SC,2.0,0.0,mandante,1.0,0.0,,,,False,,openfootball
2021,Group,,B,1,2021-05-11,Santos FC,BRA,Santos,Boca Juniors,ARG,Boca Juniors,1.0,0.0,mandante,1.0,0.0,,,,False,,openfootball
2021,Group,,B,1,2021-05-18,The Strongest,BOL,The Strongest,Santos FC,BRA,Santos,2.0,1.0,mandante,2.0,0.0,,,,False,,openfootball
2021,Group,,B,1,2021-05-20,Boca Juniors,ARG,Boca Juniors,Barcelona,ECU,Barcelona SC,0.0,0.0,empate,,,,,,False,,openfootball
2021,Group,,B,1,2021-05-26,Boca Juniors,ARG,Boca Juniors,The Strongest,BOL,The Strongest,3.0,0.0,mandante,2.0,0.0,,,,False,,openfootball
2021,Group,,B,1,2021-05-26,Barcelona,ECU,Barcelona SC,Santos FC,BRA,Santos,3.0,1.0,mandante,1.0,1.0,,,,False,,openfootball
2021,Group,,H,1,2021-04-22,Fluminense RJ,BRA,Fluminense,River Plate,ARG,River Plate,1.0,1.0,empate,0.0,1.0,,,,False,,openfootball
2021,Group,,H,1,2021-04-22,Atlético Junior,COL,Junior,Santa Fe,COL,Santa Fe,1.0,1.0,empate,1.0,1.0,,,,False,,openfootball
2021,Group,,H,1,2021-04-28,River Plate,ARG,River Plate,Atlético Junior,COL,Junior,2.0,1.0,mandante,1.0,0.0,,,,False,,openfootball
2021,Group,,H,1,2021-04-28,Santa Fe,COL,Santa Fe,Fluminense RJ,BRA,Fluminense,1.0,2.0,visitante,0.0,1.0,,,,False,,openfootball
2021,Group,,H,1,2021-05-06,Santa Fe,COL,Santa Fe,River Plate,ARG,River Plate,0.0,0.0,empate,,,,,,False,,openfootball
2021,Group,,H,1,2021-05-06,Atlético Junior,COL,Junior,Fluminense RJ,BRA,Fluminense,1.0,1.0,empate,1.0,1.0,,,,False,,openfootball
2021,Group,,H,1,2021-05-12,Atlético Junior,COL,Junior,River Plate,ARG,River Plate,1.0,1.0,empate,1.0,0.0,,,,False,,openfootball
2021,Group,,H,1,2021-05-12,Fluminense RJ,BRA,Fluminense,Santa Fe,COL,Santa Fe,2.0,1.0,mandante,0.0,0.0,,,,False,,openfootball
2021,Group,,H,1,2021-05-18,Fluminense RJ,BRA,Fluminense,Atlético Junior,COL,Junior,1.0,2.0,visitante,0.0,1.0,,,,False,,openfootball
2021,Group,,H,1,2021-05-19,River Plate,ARG,River Plate,Santa Fe,COL,Santa Fe,2.0,1.0,mandante,2.0,0.0,,,,False,,openfootball
2021,Group,,H,1,2021-05-25,River Plate,ARG,River Plate,Fluminense RJ,BRA,Fluminense,1.0,3.0,visitante,0.0,2.0,,,,False,,openfootball
2021,Group,,H,1,2021-05-25,Santa Fe,COL,Santa Fe,Atlético Junior,COL,Junior,0.0,0.0,empate,,,,,,False,,openfootball
2021,Group,,C,1,2021-04-20,Sporting Cristal,PER,Sporting Cristal,São Paulo FC,BRA,São Paulo,0.0,3.0,visitante,0.0,1.0,,,,False,,openfootball
2021,Group,,C,1,2021-04-21,Rentistas,URU,Rentistas,Racing Club,ARG,Racing,1.0,1.0,empate,1.0,0.0,,,,False,,openfootball
2021,Group,,C,1,2021-04-29,Racing Club,ARG,Racing,Sporting Cristal,PER,Sporting Cristal,2.0,1.0,mandante,1.0,0.0,,,,False,,openfootball
2021,Group,,C,1,2021-04-29,São Paulo FC,BRA,São Paulo,Rentistas,URU,Rentistas,2.0,0.0,mandante,1.0,0.0,,,,False,,openfootball
2021,Group,,C,1,2021-05-05,Racing Club,ARG,Racing,São Paulo FC,BRA,São Paulo,0.0,0.0,empate,,,,,,False,,openfootball
2021,Group,,C,1,2021-05-05,Rentistas,URU,Rentistas,Sporting Cristal,PER,Sporting Cristal,0.0,0.0,empate,,,,,,False,,openfootball
2021,Group,,C,1,2021-05-11,Sporting Cristal,PER,Sporting Cristal,Racing Club,ARG,Racing,0.0,2.0,visitante,0.0,0.0,,,,False,,openfootball
2021,Group,,C,1,2021-05-12,Rentistas,URU,Rentistas,São Paulo FC,BRA,São Paulo,1.0,1.0,empate,1.0,1.0,,,,False,,openfootball
2021,Group,,C,1,2021-05-18,São Paulo FC,BRA,São Paulo,Racing Club,ARG,Racing,0.0,1.0,visitante,0.0,1.0,,,,False,,openfootball
2021,Group,,C,1,2021-05-19,Sporting Cristal,PER,Sporting Cristal,Rentistas,URU,Rentistas,2.0,0.0,mandante,1.0,0.0,,,,False,,openfootball
2021,Group,,C,1,2021-05-25,Racing Club,ARG,Racing,Rentistas,URU,Rentistas,3.0,0.0,mandante,1.0,0.0,,,,False,,openfootball
2021,Group,,C,1,2021-05-25,São Paulo FC,BRA,São Paulo,Sporting Cristal,PER,Sporting Cristal,3.0,0.0,mandante,1.0,0.0,,,,False,,openfootball
2021,Group,,D,1,2021-04-20,Argentinos Juniors,ARG,Argentinos Juniors,Nacional,URU,Nacional,2.0,0.0,mandante,1.0,0.0,,,,False,,openfootball
2021,Group,,D,1,2021-04-22,Atlético Nacional,COL,Atlético Nacional,Universidad Católica,CHI,Universidad Católica,2.0,0.0,mandante,2.0,0.0,,,,False,,openfootball
2021,Group,,D,1,2021-04-28,Nacional,URU,Nacional,Atlético Nacional,COL,Atlético Nacional,4.0,4.0,empate,2.0,2.0,,,,False,,openfootball
2021,Group,,D,1,2021-04-29,Universidad Católica,CHI,Universidad Católica,Argentinos Juniors,ARG,Argentinos Juniors,0.0,2.0,visitante,0.0,1.0,,,,False,,openfootball
2021,Group,,D,1,2021-05-05,Universidad Católica,CHI,Universidad Católica,Nacional,URU,Nacional,3.0,1.0,mandante,1.0,1.0,,,,False,,openfootball
2021,Group,,D,1,2021-05-06,Atlético Nacional,COL,Atlético Nacional,Argentinos Juniors,ARG,Argentinos Juniors,0.0,2.0,visitante,0.0,1.0,,,,False,,openfootball
2021,Group,,D,1,2021-05-12,Argentinos Juniors,ARG,Argentinos Juniors,Universidad Católica,CHI,Universidad Católica,0.0,1.0,visitante,0.0,0.0,,,,False,,openfootball
2021,Group,,D,1,2021-05-13,Atlético Nacional,COL,Atlético Nacional,Nacional,URU,Nacional,0.0,0.0,empate,,,,,,False,,openfootball
2021,Group,,D,1,2021-05-18,Nacional,URU,Nacional,Universidad Católica,CHI,Universidad Católica,1.0,0.0,mandante,1.0,0.0,,,,False,,openfootball
2021,Group,,D,1,2021-05-20,Argentinos Juniors,ARG,Argentinos Juniors,Atlético Nacional,COL,Atlético Nacional,1.0,0.0,mandante,0.0,0.0,,,,False,,openfootball
2021,Group,,D,1,2021-05-26,Nacional,URU,Nacional,Argentinos Juniors,ARG,Argentinos Juniors,2.0,0.0,mandante,0.0,0.0,,,,False,,openfootball
2021,Group,,D,1,2021-05-26,Universidad Católica,CHI,Universidad Católica,Atlético Nacional,COL,Atlético Nacional,2.0,0.0,mandante,1.0,0.0,,,,False,,openfootball
2021,Group,,E,1,2021-04-20,Vélez Sarsfield,ARG,Vélez Sarsfield,Flamengo RJ,BRA,Flamengo,2.0,3.0,visitante,1.0,1.0,,,,False,,openfootball
2021,Group,,E,1,2021-04-21,Unión La Calera,CHI,Unión La Calera,LDU Quito,ECU,LDU,2.0,2.0,empate,1.0,0.0,,,,False,,openfootball
2021,Group,,E,1,2021-04-27,Flamengo RJ,BRA,Flamengo,Unión La Calera,CHI,Unión La Calera,4.0,1.0,mandante,2.0,0.0,,,,False,,openfootball
2021,Group,,E,1,2021-04-27,LDU Quito,ECU,LDU,Vélez Sarsfield,ARG,Vélez Sarsfield,3.0,1.0,mandante,1.0,1.0,,,,False,,openfootball
2021,Group,,E,1,2021-05-04,Unión La Calera,CHI,Unión La Calera,Vélez Sarsfield,ARG,Vélez Sarsfield,0.0,2.0,visitante,0.0,1.0,,,,False,,openfootball
2021,Group,,E,1,2021-05-04,LDU Quito,ECU,LDU,Flamengo RJ,BRA,Flamengo,2.0,3.0,visitante,0.0,2.0,,,,False,,openfootball
2021,Group,,E,1,2021-05-11,Unión La Calera,CHI,Unión La Calera,Flamengo RJ,BRA,Flamengo,2.0,2.0,empate,2.0,1.0,,,,False,,openfootball
2021,Group,,E,1,2021-05-13,Vélez Sarsfield,ARG,Vélez Sarsfield,LDU Quito,ECU,LDU,3.0,1.0,mandante,1.0,0.0,,,,False,,openfootball
2021,Group,,E,1,2021-05-19,Vélez Sarsfield,ARG,Vélez Sarsfield,Unión La Calera,CHI,Unión La Calera,2.0,1.0,mandante,2.0,1.0,,,,False,,openfootball
2021,Group,,E,1,2021-05-19,Flamengo RJ,BRA,Flamengo,LDU Quito,ECU,LDU,2.0,2.0,empate,1.0,1.0,,,,False,,openfootball
2021,Group,,E,1,2021-05-27,Flamengo RJ,BRA,Flamengo,Vélez Sarsfield,ARG,Vélez Sarsfield,0.0,0.0,empate,,,,,,False,,openfootball
2021,Group,,E,1,2021-05-27,LDU Quito,ECU,LDU,Unión La Calera,CHI,Unión La Calera,5.0,2.0,mandante,3.0,0.0,,,,False,,openfootball
2021,Group,,G,1,2021-04-21,Deportivo La Guaira,VEN,Deportivo La Guaira,Atlético Mineiro,BRA,Atlético Mineiro,1.0,1.0,empate,1.0,0.0,,,,False,,openfootball
2021,Group,,G,1,2021-04-21,América de Cali,COL,América de Cali,Cerro Porteño,PAR,Cerro Porteño,0.0,2.0,visitante,0.0,1.0,,,,False,,openfootball
2021,Group,,G,1,2021-04-27,Atlético Mineiro,BRA,Atlético Mineiro,América de Cali,COL,América de Cali,2.0,1.0,mandante,0.0,0.0,,,,False,,openfootball
2021,Group,,G,1,2021-04-28,Cerro Porteño,PAR,Cerro Porteño,Deportivo La Guaira,VEN,Deportivo La Guaira,0.0,0.0,empate,,,,,,False,,openfootball
2021,Group,,G,1,2021-05-04,Atlético Mineiro,BRA,Atlético Mineiro,Cerro Porteño,PAR,Cerro Porteño,4.0,0.0,mandante,2.0,0.0,,,,False,,openfootball
2021,Group,,G,1,2021-05-06,Deportivo La Guaira,VEN,Deportivo La Guaira,América de Cali,COL,América de Cali,0.0,0.0,empate,,,,,,False,,openfootball
2021,Group,,G,1,2021-05-12,Deportivo La Guaira,VEN,Deportivo La Guaira,Cerro Porteño,PAR,Cerro Porteño,0.0,1.0,visitante,0.0,1.0,,,,False,,openfootball
2021,Group,,G,1,2021-05-13,América de Cali,COL,América de Cali,Atlético Mineiro,BRA,Atlético Mineiro,1.0,3.0,visitante,1.0,1.0,,,,False,,openfootball
2021,Group,,G,1,2021-05-19,Cerro Porteño,PAR,Cerro Porteño,Atlético Mineiro,BRA,Atlético Mineiro,0.0,1.0,visitante,0.0,0.0,,,,False,,openfootball
2021,Group,,G,1,2021-05-19,América de Cali,COL,América de Cali,Deportivo La Guaira,VEN,Deportivo La Guaira,3.0,1.0,mandante,1.0,1.0,,,,False,,openfootball
2021,Group,,G,1,2021-05-25,Cerro Porteño,PAR,Cerro Porteño,América de Cali,COL,América de Cali,1.0,0.0,mandante,1.0,0.0,,,,False,,openfootball
2021,Group,,G,1,2021-05-25,Atlético Mineiro,BRA,Atlético Mineiro,Deportivo La Guaira,VEN,Deportivo La Guaira,4.0,0.0,mandante,2.0,0.0,,,,False,,openfootball
2021,Playoffs,Round of 16,,1,2021-07-13,Boca Juniors,ARG,Boca Juniors,Atlético Mineiro,BRA,Atlético Mineiro,0.0,0.0,empate,,,,,,False,,openfootball
2021,Playoffs,Round of 16,,1,2021-07-13,Cerro Porteño,PAR,Cerro Porteño,Fluminense RJ,BRA,Fluminense,0.0,2.0,visitante,0.0,0.0,,,,False,,openfootball
2021,Playoffs,Round of 16,,1,2021-07-13,São Paulo FC,BRA,São Paulo,Racing Club,ARG,Racing,1.0,1.0,empate,1.0,1.0,,,,False,,openfootball
2021,Playoffs,Round of 16,,1,2021-07-14,Universidad Católica,CHI,Universidad Católica,Palmeiras,BRA,Palmeiras,0.0,1.0,visitante,0.0,1.0,,,,False,,openfootball
2021,Playoffs,Round of 16,,1,2021-07-14,Vélez Sarsfield,ARG,Vélez Sarsfield,Barcelona,ECU,Barcelona SC,1.0,0.0,mandante,1.0,0.0,,,,False,,openfootball
2021,Playoffs,Round of 16,,1,2021-07-14,Defensa y Justicia,ARG,Defensa y Justicia,Flamengo RJ,BRA,Flamengo,0.0,1.0,visitante,0.0,1.0,,,,False,,openfootball
2021,Playoffs,Round of 16,,1,2021-07-14,River Plate,ARG,River Plate,Argentinos Juniors,ARG,Argentinos Juniors,1.0,1.0,empate,1.0,1.0,,,,False,,openfootball
2021,Playoffs,Round of 16,,1,2021-07-15,Club Olimpia,PAR,Olimpia,Internacional,BRA,Internacional,0.0,0.0,empate,,,,,,False,,openfootball
2021,Playoffs,Round of 16,,2,2021-07-20,Atlético Mineiro,BRA,Atlético Mineiro,Boca Juniors,ARG,Boca Juniors,0.0,0.0,empate,,,3.0,1.0,Atlético Mineiro,False,,openfootball
2021,Playoffs,Round of 16,,2,2021-07-20,Racing Club,ARG,Racing,São Paulo FC,BRA,São Paulo,1.0,3.0,visitante,0.0,1.0,,,,False,,openfootball
2021,Playoffs,Round of 16,,2,2021-07-21,Palmeiras,BRA,Palmeiras,Universidad Católica,CHI,Universidad Católica,1.0,0.0,mandante,1.0,0.0,,,,False,,openfootball
2021,Playoffs,Round of 16,,2,2021-07-21,Barcelona,ECU,Barcelona SC,Vélez Sarsfield,ARG,Vélez Sarsfield,3.0,1.0,mandante,1.0,0.0,,,,False,,openfootball
2021,Playoffs,Round of 16,,2,2021-07-21,Flamengo RJ,BRA,Flamengo,Defensa y Justicia,ARG,Defensa y Justicia,4.0,1.0,mandante,1.0,1.0,,,,False,,openfootball
2021,Playoffs,Round of 16,,2,2021-07-21,Argentinos Juniors,ARG,Argentinos Juniors,River Plate,ARG,River Plate,0.0,2.0,visitante,0.0,1.0,,,,False,,openfootball
2021,Playoffs,Round of 16,,2,2021-07-22,Internacional,BRA,Internacional,Club Olimpia,PAR,Olimpia,0.0,0.0,empate,,,4.0,5.0,Club Olimpia,False,,openfootball
2021,Playoffs,Round of 16,,2,2021-08-03,Fluminense RJ,BRA,Fluminense,Cerro Porteño,PAR,Cerro Porteño,1.0,0.0,mandante,1.0,0.0,,,,False,,openfootball
2021,Finals,Quarterfinals,,1,2021-08-10,São Paulo FC,BRA,São Paulo,Palmeiras,BRA,Palmeiras,1.0,1.0,empate,0.0,0.0,,,,False,,openfootball
2021,Finals,Quarterfinals,,1,2021-08-11,Club Olimpia,PAR,Olimpia,Flamengo RJ,BRA,Flamengo,1.0,4.0,visitante,1.0,2.0,,,,False,,openfootball
2021,Finals,Quarterfinals,,1,2021-08-11,River Plate,ARG,River Plate,Atlético Mineiro,BRA,Atlético Mineiro,0.0,1.0,visitante,0.0,0.0,,,,False,,openfootball
2021,Finals,Quarterfinals,,1,2021-08-12,Fluminense RJ,BRA,Fluminense,Barcelona,ECU,Barcelona SC,2.0,2.0,empate,1.0,0.0,,,,False,,openfootball
2021,Finals,Quarterfinals,,2,2021-08-17,Palmeiras,BRA,Palmeiras,São Paulo FC,BRA,São Paulo,3.0,0.0,mandante,1.0,0.0,,,,False,,openfootball
2021,Finals,Quarterfinals,,2,2021-08-18,Flamengo RJ,BRA,Flamengo,Club Olimpia,PAR,Olimpia,5.0,1.0,mandante,2.0,1.0,,,,False,,openfootball
2021,Finals,Quarterfinals,,2,2021-08-18,Atlético Mineiro,BRA,Atlético Mineiro,River Plate,ARG,River Plate,3.0,0.0,mandante,2.0,0.0,,,,False,,openfootball
2021,Finals,Quarterfinals,,2,2021-08-19,Barcelona,ECU,Barcelona SC,Fluminense RJ,BRA,Fluminense,1.0,1.0,empate,0.0,0.0,,,,False,,openfootball
2021,Finals,Semifinals,,1,2021-09-21,Palmeiras,BRA,Palmeiras,Atlético Mineiro,BRA,Atlético Mineiro,0.0,0.0,empate,,,,,,False,,openfootball
2021,Finals,Semifinals,,1,2021-09-22,Flamengo RJ,BRA,Flamengo,Barcelona,ECU,Barcelona SC,2.0,0.0,mandante,2.0,0.0,,,,False,,openfootball
2021,Finals,Semifinals,,2,2021-09-28,Atlético Mineiro,BRA,Atlético Mineiro,Palmeiras,BRA,Palmeiras,1.0,1.0,empate,0.0,0.0,,,,False,,openfootball
2021,Finals,Semifinals,,2,2021-09-29,Barcelona,ECU,Barcelona SC,Flamengo RJ,BRA,Flamengo,0.0,2.0,visitante,0.0,1.0,,,,False,,openfootball
2021,Finals,Final,,1,2021-11-27,Palmeiras,BRA,Palmeiras,Flamengo RJ,BRA,Flamengo,2.0,1.0,mandante,1.0,0.0,,,,True,,openfootball
2022,Qualifying,Round 1,,1,2022-02-08,Montevideo City Torque,URU,Montevideo City,Barcelona,ECU,Barcelona SC,1.0,1.0,empate,0.0,1.0,,,,False,,openfootball
2022,Qualifying,Round 1,,1,2022-02-09,Deportivo Lara,VEN,Deportivo Lara,Bolívar,BOL,Bolívar,2.0,3.0,visitante,2.0,3.0,,,,False,,openfootball
2022,Qualifying,Round 1,,1,2022-02-09,Universidad Cesar Vallejo,PER,Universidad César Vallejo,Club Olimpia,PAR,Olimpia,0.0,1.0,visitante,0.0,1.0,,,,False,,openfootball
2022,Qualifying,Round 1,,2,2022-02-15,Barcelona,ECU,Barcelona SC,Montevideo City Torque,URU,Montevideo City,0.0,0.0,empate,,,8.0,7.0,Barcelona,False,,openfootball
2022,Qualifying,Round 1,,2,2022-02-16,Bolívar,BOL,Bolívar,Deportivo Lara,VEN,Deportivo Lara,4.0,0.0,mandante,1.0,0.0,,,,False,,openfootball
2022,Qualifying,Round 1,,2,2022-02-16,Club Olimpia,PAR,Olimpia,Universidad Cesar Vallejo,PER,Universidad César Vallejo,2.0,0.0,mandante,1.0,0.0,,,,False,,openfootball
2022,Qualifying,Round 2,,1,2022-02-22,Everton,CHI,Everton,Monagas,VEN,Monagas,3.0,0.0,mandante,2.0,0.0,,,,False,,openfootball
2022,Qualifying,Round 2,,1,2022-02-22,Millonarios,COL,Millonarios,Fluminense RJ,BRA,Fluminense,1.0,2.0,visitante,1.0,1.0,,,,False,,openfootball
2022,Qualifying,Round 2,,1,2022-02-22,Plaza Colonia,URU,Plaza Colonia,The Strongest,BOL,The Strongest,2.0,0.0,mandante,2.0,0.0,,,,False,,openfootball
2022,Qualifying,Round 2,,1,2022-02-23,Bolívar,BOL,Bolívar,Universidad Catolica,ECU,Universidad Católica,1.0,1.0,empate,1.0,1.0,,,,False,,openfootball
2022,Qualifying,Round 2,,1,2022-02-23,América MG,BRA,América MG,Guaraní,PAR,Guaraní,0.0,1.0,visitante,0.0,0.0,,,,False,,openfootball
2022,Qualifying,Round 2,,1,2022-02-23,Audax Italiano,CHI,Audax Italiano,Estudiantes,ARG,Estudiantes,1.0,0.0,mandante,1.0,0.0,,,,False,,openfootball
2022,Qualifying,Round 2,,1,2022-02-23,Barcelona,ECU,Barcelona SC,Universitario de Deportes,PER,Universitario,2.0,0.0,mandante,0.0,0.0,,,,False,,openfootball
2022,Qualifying,Round 2,,1,2022-02-24,Club Olimpia,PAR,Olimpia,Atlético Nacional,COL,Atlético Nacional,3.0,1.0,mandante,1.0,0.0,,,,False,,openfootball
2022,Qualifying,Round 2,,2,2022-03-01,Monagas,VEN,Monagas,Everton,CHI,Everton,1.0,0.0,mandante,0.0,0.0,,,,False,,openfootball
2022,Qualifying,Round 2,,2,2022-03-01,Fluminense RJ,BRA,Fluminense,Millonarios,COL,Millonarios,2.0,0.0,mandante,0.0,0.0,,,,False,,openfootball
2022,Qualifying,Round 2,,2,2022-03-01,The Strongest,BOL,The Strongest,Plaza Colonia,URU,Plaza Colonia,3.0,0.0,mandante,2.0,0.0,,,,False,,openfootball
2022,Qualifying,Round 2,,2,2022-03-02,Universidad Catolica,ECU,Universidad Católica,Bolívar,BOL,Bolívar,2.0,0.0,mandante,2.0,0.0,,,,False,,openfootball
2022,Qualifying,Round 2,,2,2022-03-02,Guaraní,PAR,Guaraní,América MG,BRA,América MG,2.0,3.0,visitante,2.0,0.0,4.0,5.0,América MG,False,,openfootball
2022,Qualifying,Round 2,,2,2022-03-02,Estudiantes,ARG,Estudiantes,Audax Italiano,CHI,Audax Italiano,2.0,0.0,mandante,1.0,0.0,,,,False,,openfootball
2022,Qualifying,Round 2,,2,2022-03-02,Universitario de Deportes,PER,Universitario,Barcelona,ECU,Barcelona SC,0.0,1.0,visitante,0.0,0.0,,,,False,,openfootball
2022,Qualifying,Round 2,,2,2022-03-03,Atlético Nacional,COL,Atlético Nacional,Club Olimpia,PAR,Olimpia,1.0,1.0,empate,0.0,0.0,,,,False,,openfootball
2022,Qualifying,Round 3,,1,2022-03-08,América MG,BRA,América MG,Barcelona,ECU,Barcelona SC,0.0,0.0,empate,,,,,,False,,openfootball
2022,Qualifying,Round 3,,1,2022-03-09,Everton,CHI,Everton,Estudiantes,ARG,Estudiantes,0.0,1.0,visitante,0.0,0.0,,,,False,,openfootball
2022,Qualifying,Round 3,,1,2022-03-09,Fluminense RJ,BRA,Fluminense,Club Olimpia,PAR,Olimpia,3.0,1.0,mandante,1.0,1.0,,,,False,,openfootball
2022,Qualifying,Round 3,,1,2022-03-10,Universidad Catolica,ECU,Universidad Católica,The Strongest,BOL,The Strongest,0.0,0.0,empate,,,,,,False,,openfootball
2022,Qualifying,Round 3,,2,2022-03-15,Barcelona,ECU,Barcelona SC,América MG,BRA,América MG,0.0,0.0,empate,,,4.0,5.0,América MG,False,,openfootball
2022,Qualifying,Round 3,,2,2022-03-16,Estudiantes,ARG,Estudiantes,Everton,CHI,Everton,1.0,0.0,mandante,1.0,0.0,,,,False,,openfootball
2022,Qualifying,Round 3,,2,2022-03-16,Club Olimpia,PAR,Olimpia,Fluminense RJ,BRA,Fluminense,2.0,0.0,mandante,1.0,0.0,,,,False,,openfootball
2022,Qualifying,Round 3,,2,2022-03-17,The Strongest,BOL,The Strongest,Universidad Catolica,ECU,Universidad Católica,2.0,1.0,mandante,1.0,1.0,,,,False,,openfootball
2022,Group,,E,1,2022-04-06,Deportivo Táchira,VEN,Deportivo Táchira,Palmeiras,BRA,Palmeiras,0.0,4.0,visitante,0.0,2.0,,,,False,,openfootball
2022,Group,,E,1,2022-04-06,Independiente Petrolero,BOL,Independiente Petrolero,Emelec,ECU,Emelec,1.0,1.0,empate,0.0,0.0,,,,False,,openfootball
2022,Group,,E,1,2022-04-12,Palmeiras,BRA,Palmeiras,Independiente Petrolero,BOL,Independiente Petrolero,8.0,1.0,mandante,1.0,1.0,,,,False,,openfootball
2022,Group,,E,1,2022-04-14,Emelec,ECU,Emelec,Deportivo Táchira,VEN,Deportivo Táchira,1.0,1.0,empate,1.0,1.0,,,,False,,openfootball
2022,Group,,E,1,2022-04-26,Independiente Petrolero,BOL,Independiente Petrolero,Deportivo Táchira,VEN,Deportivo Táchira,1.0,2.0,visitante,1.0,1.0,,,,False,,openfootball
2022,Group,,E,1,2022-04-27,Emelec,ECU,Emelec,Palmeiras,BRA,Palmeiras,1.0,3.0,visitante,0.0,2.0,,,,False,,openfootball
2022,Group,,E,1,2022-05-03,Deportivo Táchira,VEN,Deportivo Táchira,Emelec,ECU,Emelec,1.0,4.0,visitante,1.0,2.0,,,,False,,openfootball
2022,Group,,E,1,2022-05-03,Independiente Petrolero,BOL,Independiente Petrolero,Palmeiras,BRA,Palmeiras,0.0,5.0,visitante,0.0,2.0,,,,False,,openfootball
2022,Group,,E,1,2022-05-18,Palmeiras,BRA,Palmeiras,Emelec,ECU,Emelec,1.0,0.0,mandante,0.0,0.0,,,,False,,openfootball
2022,Group,,E,1,2022-05-18,Deportivo Táchira,VEN,Deportivo Táchira,Independiente Petrolero,BOL,Independiente Petrolero,3.0,0.0,mandante,2.0,0.0,,,,False,,openfootball
2022,Group,,E,1,2022-05-24,Palmeiras,BRA,Palmeiras,Deportivo Táchira,VEN,Deportivo Táchira,4.0,1.0,mandante,2.0,0.0,,,,False,,openfootball
2022,Group,,E,1,2022-05-24,Emelec,ECU,Emelec,Independiente Petrolero,BOL,Independiente Petrolero,7.0,0.0,mandante,4.0,0.0,,,,False,,openfootball
2022,Group,,A,1,2022-04-05,Caracas FC,VEN,Caracas,Athletico Paranaense,BRA,Athletico-PR,0.0,0.0,empate,,,,,,False,,openfootball
2022,Group,,A,1,2022-04-07,The Strongest,BOL,The Strongest,Libertad,PAR,Libertad,1.0,1.0,empate,1.0,1.0,,,,False,,openfootball
2022,Group,,A,1,2022-04-13,Libertad,PAR,Libertad,Caracas FC,VEN,Caracas,2.0,1.0,mandante,2.0,1.0,,,,False,,openfootball
2022,Group,,A,1,2022-04-14,Athletico Paranaense,BRA,Athletico-PR,The Strongest,BOL,The Strongest,1.0,0.0,mandante,0.0,0.0,,,,False,,openfootball
2022,Group,,A,1,2022-04-26,Libertad,PAR,Libertad,Athletico Paranaense,BRA,Athletico-PR,1.0,0.0,mandante,0.0,0.0,,,,False,,openfootball
2022,Group,,A,1,2022-04-27,The Strongest,BOL,The Strongest,Caracas FC,VEN,Caracas,1.0,1.0,empate,1.0,0.0,,,,False,,openfootball
2022,Group,,A,1,2022-05-03,The Strongest,BOL,The Strongest,Athletico Paranaense,BRA,Athletico-PR,5.0,0.0,mandante,1.0,0.0,,,,False,,openfootball
2022,Group,,A,1,2022-05-03,Caracas FC,VEN,Caracas,Libertad,PAR,Libertad,1.0,0.0,mandante,0.0,0.0,,,,False,,openfootball
2022,Group,,A,1,2022-05-17,Caracas FC,VEN,Caracas,The Strongest,BOL,The Strongest,0.0,0.0,empate,,,,,,False,,openfootball
2022,Group,,A,1,2022-05-18,Athletico Paranaense,BRA,Athletico-PR,Libertad,PAR,Libertad,2.0,0.0,mandante,0.0,0.0,,,,False,,openfootball
2022,Group,,A,1,2022-05-26,Athletico Paranaense,BRA,Athletico-PR,Caracas FC,VEN,Caracas,5.0,1.0,mandante,3.0,0.0,,,,False,,openfootball
2022,Group,,A,1,2022-05-26,Libertad,PAR,Libertad,The Strongest,BOL,The Strongest,4.0,1.0,mandante,1.0,1.0,,,,False,,openfootball
2022,Group,,F,1,2022-04-06,Red Bull Bragantino,BRA,Red Bull Bragantino,Nacional,URU,Nacional,2.0,0.0,mandante,1.0,0.0,,,,False,,openfootball
2022,Group,,F,1,2022-04-07,Estudiantes,ARG,Estudiantes,Vélez Sarsfield,ARG,Vélez Sarsfield,4.0,1.0,mandante,2.0,1.0,,,,False,,openfootball
2022,Group,,F,1,2022-04-13,Nacional,URU,Nacional,Estudiantes,ARG,Estudiantes,0.0,0.0,empate,,,,,,False,,openfootball
2022,Group,,F,1,2022-04-14,Vélez Sarsfield,ARG,Vélez Sarsfield,Red Bull Bragantino,BRA,Red Bull Bragantino,2.0,2.0,empate,1.0,1.0,,,,False,,openfootball
2022,Group,,F,1,2022-04-26,Estudiantes,ARG,Estudiantes,Red Bull Bragantino,BRA,Red Bull Bragantino,2.0,0.0,mandante,0.0,0.0,,,,False,,openfootball
2022,Group,,F,1,2022-04-26,Vélez Sarsfield,ARG,Vélez Sarsfield,Nacional,URU,Nacional,1.0,2.0,visitante,1.0,1.0,,,,False,,openfootball
2022,Group,,F,1,2022-05-03,Estudiantes,ARG,Estudiantes,Nacional,URU,Nacional,1.0,0.0,mandante,1.0,0.0,,,,False,,openfootball
2022,Group,,F,1,2022-05-05,Red Bull Bragantino,BRA,Red Bull Bragantino,Vélez Sarsfield,ARG,Vélez Sarsfield,1.0,1.0,empate,0.0,1.0,,,,False,,openfootball
2022,Group,,F,1,2022-05-17,Red Bull Bragantino,BRA,Red Bull Bragantino,Estudiantes,ARG,Estudiantes,0.0,1.0,visitante,0.0,0.0,,,,False,,openfootball
2022,Group,,F,1,2022-05-18,Nacional,URU,Nacional,Vélez Sarsfield,ARG,Vélez Sarsfield,2.0,3.0,visitante,1.0,1.0,,,,False,,openfootball
2022,Group,,F,1,2022-05-24,Vélez Sarsfield,ARG,Vélez Sarsfield,Estudiantes,ARG,Estudiantes,4.0,0.0,mandante,2.0,0.0,,,,False,,openfootball
2022,Group,,F,1,2022-05-24,Nacional,URU,Nacional,Red Bull Bragantino,BRA,Red Bull Bragantino,3.0,0.0,mandante,2.0,0.0,,,,False,,openfootball
2022,Group,,G,1,2022-04-06,América MG,BRA,América MG,Independiente del Valle,ECU,Independiente del Valle,0.0,2.0,visitante,0.0,1.0,,,,False,,openfootball
2022,Group,,G,1,2022-04-06,Deportes Tolima,COL,Tolima,Atlético Mineiro,BRA,Atlético Mineiro,0.0,2.0,visitante,0.0,1.0,,,,False,,openfootball
2022,Group,,G,1,2022-04-13,Atlético Mineiro,BRA,Atlético Mineiro,América MG,BRA,América MG,1.0,1.0,empate,0.0,0.0,,,,False,,openfootball
2022,Group,,G,1,2022-04-13,Independiente del Valle,ECU,Independiente del Valle,Deportes Tolima,COL,Tolima,2.0,2.0,empate,0.0,2.0,,,,False,,openfootball
2022,Group,,G,1,2022-04-26,Independiente del Valle,ECU,Independiente del Valle,Atlético Mineiro,BRA,Atlético Mineiro,1.0,1.0,empate,0.0,1.0,,,,False,,openfootball
2022,Group,,G,1,2022-04-27,América MG,BRA,América MG,Deportes Tolima,COL,Tolima,2.0,3.0,visitante,0.0,0.0,,,,False,,openfootball
2022,Group,,G,1,2022-05-03,América MG,BRA,América MG,Atlético Mineiro,BRA,Atlético Mineiro,1.0,2.0,visitante,1.0,2.0,,,,False,,openfootball
2022,Group,,G,1,2022-05-04,Deportes Tolima,COL,Tolima,Independiente del Valle,ECU,Independiente del Valle,1.0,0.0,mandante,0.0,0.0,,,,False,,openfootball
2022,Group,,G,1,2022-05-18,Deportes Tolima,COL,Tolima,América MG,BRA,América MG,2.0,2.0,empate,2.0,2.0,,,,False,,openfootball
2022,Group,,G,1,2022-05-19,Atlético Mineiro,BRA,Atlético Mineiro,Independiente del Valle,ECU,Independiente del Valle,3.0,1.0,mandante,1.0,0.0,,,,False,,openfootball
2022,Group,,G,1,2022-05-25,Independiente del Valle,ECU,Independiente del Valle,América MG,BRA,América MG,3.0,0.0,mandante,2.0,0.0,,,,False,,openfootball
2022,Group,,G,1,2022-05-25,Atlético Mineiro,BRA,Atlético Mineiro,Deportes Tolima,COL,Tolima,1.0,2.0,visitante,0.0,0.0,,,,False,,openfootball
2022,Group,,B,1,2022-04-05,Always Ready,BOL,Always Ready,Corinthians SP,BRA,Corinthians,2.0,0.0,mandante,1.0,0.0,,,,False,,openfootball
2022,Group,,B,1,2022-04-05,Deportivo Cali,COL,Deportivo Cali,Boca Juniors,ARG,Boca Juniors,2.0,0.0,mandante,0.0,0.0,,,,False,,openfootball
2022,Group,,B,1,2022-04-12,Boca Juniors,ARG,Boca Juniors,Always Ready,BOL,Always Ready,2.0,0.0,mandante,1.0,0.0,,,,False,,openfootball
2022,Group,,B,1,2022-04-13,Corinthians SP,BRA,Corinthians,Deportivo Cali,COL,Deportivo Cali,1.0,0.0,mandante,0.0,0.0,,,,False,,openfootball
2022,Group,,B,1,2022-04-26,Corinthians SP,BRA,Corinthians,Boca Juniors,ARG,Boca Juniors,2.0,0.0,mandante,1.0,0.0,,,,False,,openfootball
2022,Group,,B,1,2022-04-28,Always Ready,BOL,Always Ready,Deportivo Cali,COL,Deportivo Cali,2.0,2.0,empate,2.0,1.0,,,,False,,openfootball
2022,Group,,B,1,2022-05-04,Always Ready,BOL,Always Ready,Boca Juniors,ARG,Boca Juniors,0.0,1.0,visitante,0.0,1.0,,,,False,,openfootball
2022,Group,,B,1,2022-05-04,Deportivo Cali,COL,Deportivo Cali,Corinthians SP,BRA,Corinthians,0.0,0.0,empate,,,,,,False,,openfootball
2022,Group,,B,1,2022-05-17,Boca Juniors,ARG,Boca Juniors,Corinthians SP,BRA,Corinthians,1.0,1.0,empate,1.0,1.0,,,,False,,openfootball
2022,Group,,B,1,2022-05-19,Deportivo Cali,COL,Deportivo Cali,Always Ready,BOL,Always Ready,3.0,0.0,mandante,1.0,0.0,,,,False,,openfootball
2022,Group,,B,1,2022-05-26,Corinthians SP,BRA,Corinthians,Always Ready,BOL,Always Ready,1.0,1.0,empate,1.0,1.0,,,,False,,openfootball
2022,Group,,B,1,2022-05-26,Boca Juniors,ARG,Boca Juniors,Deportivo Cali,COL,Deportivo Cali,1.0,0.0,mandante,0.0,0.0,,,,False,,openfootball
2022,Group,,H,1,2022-04-06,Alianza Lima,PER,Alianza Lima,River Plate,ARG,River Plate,0.0,1.0,visitante,0.0,0.0,,,,False,,openfootball
2022,Group,,H,1,2022-04-07,Fortaleza CE,BRA,Fortaleza,Colo-Colo,CHI,Colo-Colo,1.0,2.0,visitante,0.0,1.0,,,,False,,openfootball
2022,Group,,H,1,2022-04-13,Colo-Colo,CHI,Colo-Colo,Alianza Lima,PER,Alianza Lima,2.0,1.0,mandante,1.0,0.0,,,,False,,openfootball
2022,Group,,H,1,2022-04-13,River Plate,ARG,River Plate,Fortaleza CE,BRA,Fortaleza,2.0,0.0,mandante,2.0,0.0,,,,False,,openfootball
2022,Group,,H,1,2022-04-27,Fortaleza CE,BRA,Fortaleza,Alianza Lima,PER,Alianza Lima,2.0,1.0,mandante,0.0,0.0,,,,False,,openfootball
2022,Group,,H,1,2022-04-27,Colo-Colo,CHI,Colo-Colo,River Plate,ARG,River Plate,1.0,2.0,visitante,0.0,0.0,,,,False,,openfootball
2022,Group,,H,1,2022-05-05,Fortaleza CE,BRA,Fortaleza,River Plate,ARG,River Plate,1.0,1.0,empate,1.0,1.0,,,,False,,openfootball
2022,Group,,H,1,2022-05-05,Alianza Lima,PER,Alianza Lima,Colo-Colo,CHI,Colo-Colo,1.0,1.0,empate,0.0,1.0,,,,False,,openfootball
2022,Group,,H,1,2022-05-18,Alianza Lima,PER,Alianza Lima,Fortaleza CE,BRA,Fortaleza,0.0,2.0,visitante,0.0,1.0,,,,False,,openfootball
2022,Group,,H,1,2022-05-19,River Plate,ARG,River Plate,Colo-Colo,CHI,Colo-Colo,4.0,0.0,mandante,1.0,0.0,,,,False,,openfootball
2022,Group,,H,1,2022-05-25,River Plate,ARG,River Plate,Alianza Lima,PER,Alianza Lima,8.0,1.0,mandante,3.0,0.0,,,,False,,openfootball
2022,Group,,H,1,2022-05-25,Colo-Colo,CHI,Colo-Colo,Fortaleza CE,BRA,Fortaleza,3.0,4.0,visitante,1.0,2.0,,,,False,,openfootball
2022,Group,,C,1,2022-04-05,Club Olimpia,PAR,Olimpia,Cerro Porteño,PAR,Cerro Porteño,0.0,0.0,empate,,,,,,False,,openfootball
2022,Group,,C,1,2022-04-05,Colón de Santa Fe,ARG,Colón,Peñarol,URU,Peñarol,2.0,1.0,mandante,1.0,0.0,,,,False,,openfootball
2022,Group,,C,1,2022-04-12,Cerro Porteño,PAR,Cerro Porteño,Colón de Santa Fe,ARG,Colón,3.0,1.0,mandante,1.0,1.0,,,,False,,openfootball
2022,Group,,C,1,2022-04-12,Peñarol,URU,Peñarol,Club Olimpia,PAR,Olimpia,2.0,1.0,mandante,1.0,0.0,,,,False,,openfootball
2022,Group,,C,1,2022-04-27,Cerro Porteño,PAR,Cerro Porteño,Peñarol,URU,Peñarol,1.0,0.0,mandante,1.0,0.0,,,,False,,openfootball
2022,Group,,C,1,2022-04-28,Club Olimpia,PAR,Olimpia,Colón de Santa Fe,ARG,Colón,0.0,0.0,empate,,,,,,False,,openfootball
2022,Group,,C,1,2022-05-04,Colón de Santa Fe,ARG,Colón,Cerro Porteño,PAR,Cerro Porteño,2.0,1.0,mandante,1.0,0.0,,,,False,,openfootball
2022,Group,,C,1,2022-05-04,Club Olimpia,PAR,Olimpia,Peñarol,URU,Peñarol,1.0,0.0,mandante,1.0,0.0,,,,False,,openfootball
2022,Group,,C,1,2022-05-17,Peñarol,URU,Peñarol,Cerro Porteño,PAR,Cerro Porteño,0.0,0.0,empate,,,,,,False,,openfootball
2022,Group,,C,1,2022-05-18,Colón de Santa Fe,ARG,Colón,Club Olimpia,PAR,Olimpia,2.0,1.0,mandante,1.0,1.0,,,,False,,openfootball
2022,Group,,C,1,2022-05-25,Cerro Porteño,PAR,Cerro Porteño,Club Olimpia,PAR,Olimpia,0.0,1.0,visitante,0.0,1.0,,,,False,,openfootball
2022,Group,,C,1,2022-05-25,Peñarol,URU,Peñarol,Colón de Santa Fe,ARG,Colón,2.0,1.0,mandante,0.0,1.0,,,,False,,openfootball
2022,Group,,D,1,2022-04-05,Sporting Cristal,PER,Sporting Cristal,Flamengo RJ,BRA,Flamengo,0.0,2.0,visitante,0.0,1.0,,,,False,,openfootball
2022,Group,,D,1,2022-04-06,Talleres de Córdoba,ARG,Talleres,Universidad Católica,CHI,Universidad Católica,1.0,0.0,mandante,1.0,0.0,,,,False,,openfootball
2022,Group,,D,1,2022-04-12,Universidad Católica,CHI,Universidad Católica,Sporting Cristal,PER,Sporting Cristal,2.0,1.0,mandante,1.0,0.0,,,,False,,openfootball
2022,Group,,D,1,2022-04-12,Flamengo RJ,BRA,Flamengo,Talleres de Córdoba,ARG,Talleres,3.0,1.0,mandante,2.0,1.0,,,,False,,openfootball
2022,Group,,D,1,2022-04-26,Talleres de Córdoba,ARG,Talleres,Sporting Cristal,PER,Sporting Cristal,1.0,0.0,mandante,0.0,0.0,,,,False,,openfootball
2022,Group,,D,1,2022-04-28,Universidad Católica,CHI,Universidad Católica,Flamengo RJ,BRA,Flamengo,2.0,3.0,visitante,1.0,2.0,,,,False,,openfootball
2022,Group,,D,1,2022-05-04,Talleres de Córdoba,ARG,Talleres,Flamengo RJ,BRA,Flamengo,2.0,2.0,empate,1.0,0.0,,,,False,,openfootball
2022,Group,,D,1,2022-05-04,Sporting Cristal,PER,Sporting Cristal,Universidad Católica,CHI,Universidad Católica,1.0,1.0,empate,1.0,0.0,,,,False,,openfootball
2022,Group,,D,1,2022-05-17,Flamengo RJ,BRA,Flamengo,Universidad Católica,CHI,Universidad Católica,3.0,0.0,mandante,2.0,0.0,,,,False,,openfootball
2022,Group,,D,1,2022-05-17,Sporting Cristal,PER,Sporting Cristal,Talleres de Córdoba,ARG,Talleres,0.0,0.0,empate,,,,,,False,,openfootball
2022,Group,,D,1,2022-05-24,Flamengo RJ,BRA,Flamengo,Sporting Cristal,PER,Sporting Cristal,2.0,1.0,mandante,1.0,0.0,,,,False,,openfootball
2022,Group,,D,1,2022-05-24,Universidad Católica,CHI,Universidad Católica,Talleres de Córdoba,ARG,Talleres,0.0,1.0,visitante,0.0,0.0,,,,False,,openfootball
2022,Playoffs,Round of 16,,1,2022-06-28,Emelec,ECU,Emelec,Atlético Mineiro,BRA,Atlético Mineiro,1.0,1.0,empate,0.0,1.0,,,,False,,openfootball
2022,Playoffs,Round of 16,,1,2022-06-28,Corinthians SP,BRA,Corinthians,Boca Juniors,ARG,Boca Juniors,0.0,0.0,empate,,,,,,False,,openfootball
2022,Playoffs,Round of 16,,1,2022-06-28,Athletico Paranaense,BRA,Athletico-PR,Libertad,PAR,Libertad,2.0,1.0,mandante,2.0,1.0,,,,False,,openfootball
2022,Playoffs,Round of 16,,1,2022-06-29,Cerro Porteño,PAR,Cerro Porteño,Palmeiras,BRA,Palmeiras,0.0,3.0,visitante,0.0,0.0,,,,False,,openfootball
2022,Playoffs,Round of 16,,1,2022-06-29,Talleres de Córdoba,ARG,Talleres,Colón de Santa Fe,ARG,Colón,1.0,1.0,empate,0.0,0.0,,,,False,,openfootball
2022,Playoffs,Round of 16,,1,2022-06-29,Deportes Tolima,COL,Tolima,Flamengo RJ,BRA,Flamengo,0.0,1.0,visitante,0.0,1.0,,,,False,,openfootball
2022,Playoffs,Round of 16,,1,2022-06-29,Vélez Sarsfield,ARG,Vélez Sarsfield,River Plate,ARG,River Plate,1.0,0.0,mandante,1.0,0.0,,,,False,,openfootball
2022,Playoffs,Round of 16,,1,2022-06-30,Fortaleza CE,BRA,Fortaleza,Estudiantes,ARG,Estudiantes,1.0,1.0,empate,0.0,0.0,,,,False,,openfootball
2022,Playoffs,Round of 16,,2,2022-07-05,Atlético Mineiro,BRA,Atlético Mineiro,Emelec,ECU,Emelec,1.0,0.0,mandante,0.0,0.0,,,,False,,openfootball
2022,Playoffs,Round of 16,,2,2022-07-05,Boca Juniors,ARG,Boca Juniors,Corinthians SP,BRA,Corinthians,0.0,0.0,empate,,,5.0,6.0,Corinthians SP,False,,openfootball
2022,Playoffs,Round of 16,,2,2022-07-05,Libertad,PAR,Libertad,Athletico Paranaense,BRA,Athletico-PR,1.0,1.0,empate,1.0,0.0,,,,False,,openfootball
2022,Playoffs,Round of 16,,2,2022-07-06,Palmeiras,BRA,Palmeiras,Cerro Porteño,PAR,Cerro Porteño,5.0,0.0,mandante,1.0,0.0,,,,False,,openfootball
2022,Playoffs,Round of 16,,2,2022-07-06,Colón de Santa Fe,ARG,Colón,Talleres de Córdoba,ARG,Talleres,0.0,2.0,visitante,0.0,0.0,,,,False,,openfootball
2022,Playoffs,Round of 16,,2,2022-07-06,Flamengo RJ,BRA,Flamengo,Deportes Tolima,COL,Tolima,7.0,1.0,mandante,2.0,0.0,,,,False,,openfootball
2022,Playoffs,Round of 16,,2,2022-07-06,River Plate,ARG,River Plate,Vélez Sarsfield,ARG,Vélez Sarsfield,0.0,0.0,empate,,,,,,False,,openfootball
2022,Playoffs,Round of 16,,2,2022-07-07,Estudiantes,ARG,Estudiantes,Fortaleza CE,BRA,Fortaleza,3.0,0.0,mandante,1.0,0.0,,,,False,,openfootball
2022,Finals,Quarterfinals,,1,2022-08-02,Corinthians SP,BRA,Corinthians,Flamengo RJ,BRA,Flamengo,0.0,2.0,visitante,0.0,1.0,,,,False,,openfootball
2022,Finals,Quarterfinals,,1,2022-08-03,Vélez Sarsfield,ARG,Vélez Sarsfield,Talleres de Córdoba,ARG,Talleres,3.0,2.0,mandante,1.0,0.0,,,,False,,openfootball
2022,Finals,Quarterfinals,,1,2022-08-03,Atlético Mineiro,BRA,Atlético Mineiro,Palmeiras,BRA,Palmeiras,2.0,2.0,empate,1.0,0.0,,,,False,,openfootball
2022,Finals,Quarterfinals,,1,2022-08-04,Athletico Paranaense,BRA,Athletico-PR,Estudiantes,ARG,Estudiantes,0.0,0.0,empate,,,,,,False,,openfootball
2022,Finals,Quarterfinals,,2,2022-08-09,Flamengo RJ,BRA,Flamengo,Corinthians SP,BRA,Corinthians,1.0,0.0,mandante,0.0,0.0,,,,False,,openfootball
2022,Finals,Quarterfinals,,2,2022-08-10,Talleres de Córdoba,ARG,Talleres,Vélez Sarsfield,ARG,Vélez Sarsfield,0.0,1.0,visitante,0.0,0.0,,,,False,,openfootball
2022,Finals,Quarterfinals,,2,2022-08-10,Palmeiras,BRA,Palmeiras,Atlético Mineiro,BRA,Atlético Mineiro,0.0,0.0,empate,,,6.0,5.0,Palmeiras,False,,openfootball
2022,Finals,Quarterfinals,,2,2022-08-11,Estudiantes,ARG,Estudiantes,Athletico Paranaense,BRA,Athletico-PR,0.0,1.0,visitante,0.0,0.0,,,,False,,openfootball
2022,Finals,Semifinals,,1,2022-08-30,Athletico Paranaense,BRA,Athletico-PR,Palmeiras,BRA,Palmeiras,1.0,0.0,mandante,1.0,0.0,,,,False,,openfootball
2022,Finals,Semifinals,,1,2022-08-31,Vélez Sarsfield,ARG,Vélez Sarsfield,Flamengo RJ,BRA,Flamengo,0.0,4.0,visitante,0.0,2.0,,,,False,,openfootball
2022,Finals,Semifinals,,2,2022-09-06,Palmeiras,BRA,Palmeiras,Athletico Paranaense,BRA,Athletico-PR,2.0,2.0,empate,1.0,0.0,,,,False,,openfootball
2022,Finals,Semifinals,,2,2022-09-07,Flamengo RJ,BRA,Flamengo,Vélez Sarsfield,ARG,Vélez Sarsfield,2.0,1.0,mandante,1.0,1.0,,,,False,,openfootball
2022,Finals,Final,,1,2022-10-29,Flamengo RJ,BRA,Flamengo,Athletico Paranaense,BRA,Athletico-PR,1.0,0.0,mandante,1.0,0.0,,,,False,,openfootball
2023,Qualifying,Round 1,,1,2023-02-07,CSD Sport Huancayo,PER,Sport Huancayo,Club Nacional,PAR,Nacional,2.0,1.0,mandante,0.0,0.0,,,,False,,openfootball
2023,Qualifying,Round 1,,1,2023-02-08,Club Nacional Potosí,BOL,Nacional Potosí,CSCyD El Nacional,ECU,El Nacional,1.0,6.0,visitante,1.0,5.0,,,,False,,openfootball
2023,Qualifying,Round 1,,1,2023-02-09,CA Boston River,URU,Boston River,Zamora FC,VEN,Zamora,3.0,1.0,mandante,1.0,0.0,,,,False,,openfootball
2023,Qualifying,Round 1,,2,2023-02-14,Club Nacional,PAR,Nacional,CSD Sport Huancayo,PER,Sport Huancayo,3.0,1.0,mandante,0.0,1.0,,,,False,,openfootball
2023,Qualifying,Round 1,,2,2023-02-15,CSCyD El Nacional,ECU,El Nacional,Club Nacional Potosí,BOL,Nacional Potosí,3.0,1.0,mandante,2.0,0.0,,,,False,,openfootball
2023,Qualifying,Round 1,,2,2023-02-16,Zamora FC,VEN,Zamora,CA Boston River,URU,Boston River,0.0,1.0,visitante,0.0,1.0,,,,False,,openfootball
2023,Qualifying,Round 2,,1,2023-02-21,Club Nacional,PAR,Nacional,CS Cristal,PER,Sporting Cristal,2.0,0.0,mandante,0.0,0.0,,,,False,,openfootball
2023,Qualifying,Round 2,,1,2023-02-21,CDP Curicó Unido,CHI,Curicó Unido,Club Cerro Porteño,PAR,Cerro Porteño,0.0,1.0,visitante,0.0,0.0,,,,False,,openfootball
2023,Qualifying,Round 2,,1,2023-02-22,CSCyD El Nacional,ECU,El Nacional,CD Independiente Medellín,COL,Independiente Medellín,2.0,2.0,empate,0.0,1.0,,,,False,,openfootball
2023,Qualifying,Round 2,,1,2023-02-22,CA Boston River,URU,Boston River,CA Huracán,ARG,Huracán,0.0,0.0,empate,,,,,,False,,openfootball
2023,Qualifying,Round 2,,1,2023-02-22,Carabobo FC,VEN,Carabobo,CA Mineiro,BRA,Atlético Mineiro,0.0,0.0,empate,,,,,,False,,openfootball
2023,Qualifying,Round 2,,1,2023-02-23,Magallanes,CHI,Magallanes,Club Always Ready,BOL,Always Ready,3.0,0.0,mandante,1.0,0.0,,,,False,,openfootball
2023,Qualifying,Round 2,,1,2023-02-23,Universidad Catolica,ECU,Universidad Católica,Millonarios FC,COL,Millonarios,0.0,0.0,empate,,,,,,False,,openfootball
2023,Qualifying,Round 2,,1,2023-02-23,CD Maldonado,URU,Maldonado,Fortaleza EC,BRA,Fortaleza,0.0,0.0,empate,,,,,,False,,openfootball
2023,Qualifying,Round 2,,2,2023-02-28,Club Cerro Porteño,PAR,Cerro Porteño,CDP Curicó Unido,CHI,Curicó Unido,1.0,0.0,mandante,0.0,0.0,,,,False,,openfootball
2023,Qualifying,Round 2,,2,2023-02-28,CS Cristal,PER,Sporting Cristal,Club Nacional,PAR,Nacional,5.0,1.0,mandante,0.0,0.0,,,,False,,openfootball
2023,Qualifying,Round 2,,2,2023-03-01,CA Huracán,ARG,Huracán,CA Boston River,URU,Boston River,1.0,0.0,mandante,1.0,0.0,,,,False,,openfootball
2023,Qualifying,Round 2,,2,2023-03-01,CD Independiente Medellín,COL,Independiente Medellín,CSCyD El Nacional,ECU,El Nacional,2.0,1.0,mandante,0.0,0.0,,,,False,,openfootball
2023,Qualifying,Round 2,,2,2023-03-01,CA Mineiro,BRA,Atlético Mineiro,Carabobo FC,VEN,Carabobo,3.0,1.0,mandante,2.0,1.0,,,,False,,openfootball
2023,Qualifying,Round 2,,2,2023-03-02,Club Always Ready,BOL,Always Ready,Magallanes,CHI,Magallanes,1.0,3.0,visitante,0.0,1.0,,,,False,,openfootball
2023,Qualifying,Round 2,,2,2023-03-02,Millonarios FC,COL,Millonarios,Universidad Catolica,ECU,Universidad Católica,2.0,1.0,mandante,0.0,1.0,,,,False,,openfootball
2023,Qualifying,Round 2,,2,2023-03-02,Fortaleza EC,BRA,Fortaleza,CD Maldonado,URU,Maldonado,4.0,0.0,mandante,1.0,0.0,,,,False,,openfootball
2023,Qualifying,Round 3,,1,2023-03-08,Magallanes,CHI,Magallanes,CD Independiente Medellín,COL,Independiente Medellín,1.0,1.0,empate,0.0,0.0,,,,False,,openfootball
2023,Qualifying,Round 3,,1,2023-03-08,Millonarios FC,COL,Millonarios,CA Mineiro,BRA,Atlético Mineiro,1.0,1.0,empate,1.0,0.0,,,,False,,openfootball
2023,Qualifying,Round 3,,1,2023-03-09,Fortaleza EC,BRA,Fortaleza,Club Cerro Porteño,PAR,Cerro Porteño,0.0,1.0,visitante,0.0,1.0,,,,False,,openfootball
2023,Qualifying,Round 3,,1,2023-03-09,CA Huracán,ARG,Huracán,CS Cristal,PER,Sporting Cristal,0.0,0.0,empate,,,,,,False,,openfootball
2023,Qualifying,Round 3,,2,2023-03-15,CD Independiente Medellín,COL,Independiente Medellín,Magallanes,CHI,Magallanes,2.0,0.0,mandante,2.0,0.0,,,,False,,openfootball
2023,Qualifying,Round 3,,2,2023-03-15,CA Mineiro,BRA,Atlético Mineiro,Millonarios FC,COL,Millonarios,3.0,1.0,mandante,0.0,0.0,,,,False,,openfootball
2023,Qualifying,Round 3,,2,2023-03-16,Club Cerro Porteño,PAR,Cerro Porteño,Fortaleza EC,BRA,Fortaleza,2.0,1.0,mandante,1.0,0.0,,,,False,,openfootball
2023,Qualifying,Round 3,,2,2023-03-16,CS Cristal,PER,Sporting Cristal,CA Huracán,ARG,Huracán,1.0,0.0,mandante,0.0,0.0,,,,False,,openfootball
2023,Group,Matchday 1,A,1,2023-04-04,Club The Strongest,BOL,The Strongest,CA River Plate,ARG,River Plate,3.0,1.0,mandante,2.0,0.0,,,,False,,openfootball
2023,Group,Matchday 1,B,1,2023-04-04,AA Argentinos Juniors,ARG,Argentinos Juniors,CAR Independiente del Valle,ECU,Independiente del Valle,1.0,0.0,mandante,0.0,0.0,,,,False,,openfootball
2023,Group,Matchday 1,C,1,2023-04-04,Club Alianza Lima,PER,Alianza Lima,CA Paranaense,BRA,Athletico-PR,0.0,0.0,empate,,,,,,False,,openfootball
2023,Group,Matchday 1,D,1,2023-04-04,CD Independiente Medellín,COL,Independiente Medellín,SC Internacional,BRA,Internacional,1.0,1.0,empate,0.0,0.0,,,,False,,openfootball
2023,Group,Matchday 1,D,1,2023-04-04,Metropolitanos FC,VEN,Metropolitanos,Club Nacional de Football,URU,Nacional (URU),1.0,2.0,visitante,0.0,1.0,,,,False,,openfootball
2023,Group,Matchday 1,E,1,2023-04-05,CA Patronato,ARG,Patronato,CDC Atlético Nacional,COL,Atlético Nacional,1.0,2.0,visitante,1.0,0.0,,,,False,,openfootball
2023,Group,Matchday 1,F,1,2023-04-05,SD Aucas,ECU,Aucas,CR Flamengo,BRA,Flamengo,2.0,1.0,mandante,0.0,1.0,,,,False,,openfootball
2023,Group,Matchday 1,G,1,2023-04-05,Club Cerro Porteño,PAR,Cerro Porteño,Barcelona SC,ECU,Barcelona SC,2.0,1.0,mandante,1.0,0.0,,,,False,,openfootball
2023,Group,Matchday 1,F,1,2023-04-05,CD Nublense,CHI,Ñublense,Racing Club,ARG,Racing,0.0,2.0,visitante,0.0,1.0,,,,False,,openfootball
2023,Group,Matchday 1,G,1,2023-04-05,Club Bolívar,BOL,Bolívar,SE Palmeiras,BRA,Palmeiras,3.0,1.0,mandante,2.0,1.0,,,,False,,openfootball
2023,Group,Matchday 1,A,1,2023-04-05,CS Cristal,PER,Sporting Cristal,Fluminense FC,BRA,Fluminense,1.0,3.0,visitante,1.0,1.0,,,,False,,openfootball
2023,Group,Matchday 1,H,1,2023-04-05,Deportivo Pereira,COL,Deportivo Pereira,CSD Colo-Colo,CHI,Colo-Colo,1.0,1.0,empate,0.0,1.0,,,,False,,openfootball
2023,Group,Matchday 1,B,1,2023-04-06,Liverpool FC,URU,Liverpool (URU),SC Corinthians Paulista,BRA,Corinthians,0.0,3.0,visitante,0.0,1.0,,,,False,,openfootball
2023,Group,Matchday 1,C,1,2023-04-06,CA Mineiro,BRA,Atlético Mineiro,Club Libertad Asuncion,PAR,Libertad,0.0,1.0,visitante,0.0,1.0,,,,False,,openfootball
2023,Group,Matchday 1,H,1,2023-04-06,Monagas SC,VEN,Monagas,CA Boca Juniors,ARG,Boca Juniors,0.0,0.0,empate,,,,,,False,,openfootball
2023,Group,Matchday 1,E,1,2023-04-06,FBC Melgar,PER,Melgar,Olimpia Asuncion,PAR,Olimpia,1.0,1.0,empate,1.0,1.0,,,,False,,openfootball
2023,Group,Matchday 2,D,1,2023-04-18,SC Internacional,BRA,Internacional,Metropolitanos FC,VEN,Metropolitanos,1.0,0.0,mandante,0.0,0.0,,,,False,,openfootball
2023,Group,Matchday 2,A,1,2023-04-18,Fluminense FC,BRA,Fluminense,Club The Strongest,BOL,The Strongest,1.0,0.0,mandante,1.0,0.0,,,,False,,openfootball
2023,Group,Matchday 2,H,1,2023-04-18,CA Boca Juniors,ARG,Boca Juniors,Deportivo Pereira,COL,Deportivo Pereira,2.0,1.0,mandante,0.0,0.0,,,,False,,openfootball
2023,Group,Matchday 2,C,1,2023-04-18,CA Paranaense,BRA,Athletico-PR,CA Mineiro,BRA,Atlético Mineiro,2.0,1.0,mandante,2.0,0.0,,,,False,,openfootball
2023,Group,Matchday 2,E,1,2023-04-18,Olimpia Asuncion,PAR,Olimpia,CA Patronato,ARG,Patronato,1.0,0.0,mandante,1.0,0.0,,,,False,,openfootball
2023,Group,Matchday 2,B,1,2023-04-18,CAR Independiente del Valle,ECU,Independiente del Valle,Liverpool FC,URU,Liverpool (URU),2.0,0.0,mandante,1.0,0.0,,,,False,,openfootball
2023,Group,Matchday 2,D,1,2023-04-19,Club Nacional de Football,URU,Nacional (URU),CD Independiente Medellín,COL,Independiente Medellín,2.0,1.0,mandante,1.0,0.0,,,,False,,openfootball
2023,Group,Matchday 2,A,1,2023-04-19,CA River Plate,ARG,River Plate,CS Cristal,PER,Sporting Cristal,4.0,2.0,mandante,2.0,2.0,,,,False,,openfootball
2023,Group,Matchday 2,B,1,2023-04-19,SC Corinthians Paulista,BRA,Corinthians,AA Argentinos Juniors,ARG,Argentinos Juniors,0.0,1.0,visitante,0.0,1.0,,,,False,,openfootball
2023,Group,Matchday 2,F,1,2023-04-19,CR Flamengo,BRA,Flamengo,CD Nublense,CHI,Ñublense,2.0,0.0,mandante,2.0,0.0,,,,False,,openfootball
2023,Group,Matchday 2,H,1,2023-04-19,CSD Colo-Colo,CHI,Colo-Colo,Monagas SC,VEN,Monagas,1.0,0.0,mandante,1.0,0.0,,,,False,,openfootball
2023,Group,Matchday 2,G,1,2023-04-19,Barcelona SC,ECU,Barcelona SC,Club Bolívar,BOL,Bolívar,2.0,1.0,mandante,1.0,0.0,,,,False,,openfootball
2023,Group,Matchday 2,F,1,2023-04-20,Racing Club,ARG,Racing,SD Aucas,ECU,Aucas,3.0,2.0,mandante,2.0,0.0,,,,False,,openfootball
2023,Group,Matchday 2,G,1,2023-04-20,SE Palmeiras,BRA,Palmeiras,Club Cerro Porteño,PAR,Cerro Porteño,2.0,1.0,mandante,0.0,1.0,,,,False,,openfootball
2023,Group,Matchday 2,E,1,2023-04-20,CDC Atlético Nacional,COL,Atlético Nacional,FBC Melgar,PER,Melgar,3.0,1.0,mandante,2.0,0.0,,,,False,,openfootball
2023,Group,Matchday 2,C,1,2023-04-20,Club Libertad Asuncion,PAR,Libertad,Club Alianza Lima,PER,Alianza Lima,1.0,2.0,visitante,0.0,0.0,,,,False,,openfootball
2023,Group,Matchday 3,B,1,2023-05-02,Liverpool FC,URU,Liverpool (URU),AA Argentinos Juniors,ARG,Argentinos Juniors,2.0,2.0,empate,0.0,1.0,,,,False,,openfootball
2023,Group,Matchday 3,F,1,2023-05-02,CD Nublense,CHI,Ñublense,SD Aucas,ECU,Aucas,2.0,1.0,mandante,0.0,1.0,,,,False,,openfootball
2023,Group,Matchday 3,A,1,2023-05-02,Fluminense FC,BRA,Fluminense,CA River Plate,ARG,River Plate,5.0,1.0,mandante,1.0,1.0,,,,False,,openfootball
2023,Group,Matchday 3,B,1,2023-05-02,SC Corinthians Paulista,BRA,Corinthians,CAR Independiente del Valle,ECU,Independiente del Valle,1.0,2.0,visitante,1.0,1.0,,,,False,,openfootball
2023,Group,Matchday 3,E,1,2023-05-02,CDC Atlético Nacional,COL,Atlético Nacional,Olimpia Asuncion,PAR,Olimpia,2.0,2.0,empate,1.0,0.0,,,,False,,openfootball
2023,Group,Matchday 3,A,1,2023-05-02,CS Cristal,PER,Sporting Cristal,Club The Strongest,BOL,The Strongest,1.0,0.0,mandante,0.0,0.0,,,,False,,openfootball
2023,Group,Matchday 3,G,1,2023-05-03,Club Cerro Porteño,PAR,Cerro Porteño,Club Bolívar,BOL,Bolívar,0.0,4.0,visitante,0.0,3.0,,,,False,,openfootball
2023,Group,Matchday 3,D,1,2023-05-03,SC Internacional,BRA,Internacional,Club Nacional de Football,URU,Nacional (URU),2.0,2.0,empate,1.0,1.0,,,,False,,openfootball
2023,Group,Matchday 3,H,1,2023-05-03,CSD Colo-Colo,CHI,Colo-Colo,CA Boca Juniors,ARG,Boca Juniors,0.0,2.0,visitante,0.0,1.0,,,,False,,openfootball
2023,Group,Matchday 3,G,1,2023-05-03,Barcelona SC,ECU,Barcelona SC,SE Palmeiras,BRA,Palmeiras,0.0,2.0,visitante,0.0,1.0,,,,False,,openfootball
2023,Group,Matchday 3,C,1,2023-05-03,CA Mineiro,BRA,Atlético Mineiro,Club Alianza Lima,PER,Alianza Lima,2.0,0.0,mandante,0.0,0.0,,,,False,,openfootball
2023,Group,Matchday 3,D,1,2023-05-03,CD Independiente Medellín,COL,Independiente Medellín,Metropolitanos FC,VEN,Metropolitanos,4.0,2.0,mandante,4.0,1.0,,,,False,,openfootball
2023,Group,Matchday 3,E,1,2023-05-04,CA Patronato,ARG,Patronato,FBC Melgar,PER,Melgar,4.0,1.0,mandante,1.0,0.0,,,,False,,openfootball
2023,Group,Matchday 3,F,1,2023-05-04,Racing Club,ARG,Racing,CR Flamengo,BRA,Flamengo,1.0,1.0,empate,0.0,1.0,,,,False,,openfootball
2023,Group,Matchday 3,C,1,2023-05-04,Club Libertad Asuncion,PAR,Libertad,CA Paranaense,BRA,Athletico-PR,1.0,2.0,visitante,1.0,0.0,,,,False,,openfootball
2023,Group,Matchday 3,H,1,2023-05-04,Deportivo Pereira,COL,Deportivo Pereira,Monagas SC,VEN,Monagas,2.0,1.0,mandante,2.0,0.0,,,,False,,openfootball
2023,Group,Matchday 4,H,1,2023-05-23,Monagas SC,VEN,Monagas,CSD Colo-Colo,CHI,Colo-Colo,1.0,1.0,empate,0.0,0.0,,,,False,,openfootball
2023,Group,Matchday 4,C,1,2023-05-23,CA Mineiro,BRA,Atlético Mineiro,CA Paranaense,BRA,Athletico-PR,2.0,1.0,mandante,0.0,0.0,,,,False,,openfootball
2023,Group,Matchday 4,G,1,2023-05-23,Club Bolívar,BOL,Bolívar,Barcelona SC,ECU,Barcelona SC,1.0,0.0,mandante,0.0,0.0,,,,False,,openfootball
2023,Group,Matchday 4,F,1,2023-05-23,SD Aucas,ECU,Aucas,Racing Club,ARG,Racing,1.0,2.0,visitante,0.0,1.0,,,,False,,openfootball
2023,Group,Matchday 4,D,1,2023-05-23,CD Independiente Medellín,COL,Independiente Medellín,Club Nacional de Football,URU,Nacional (URU),2.0,1.0,mandante,1.0,1.0,,,,False,,openfootball
2023,Group,Matchday 4,C,1,2023-05-23,Club Alianza Lima,PER,Alianza Lima,Club Libertad Asuncion,PAR,Libertad,1.0,2.0,visitante,0.0,1.0,,,,False,,openfootball
2023,Group,Matchday 4,G,1,2023-05-24,Club Cerro Porteño,PAR,Cerro Porteño,SE Palmeiras,BRA,Palmeiras,0.0,3.0,visitante,0.0,1.0,,,,False,,openfootball
2023,Group,Matchday 4,B,1,2023-05-24,Liverpool FC,URU,Liverpool (URU),CAR Independiente del Valle,ECU,Independiente del Valle,1.0,0.0,mandante,0.0,0.0,,,,False,,openfootball
2023,Group,Matchday 4,H,1,2023-05-24,Deportivo Pereira,COL,Deportivo Pereira,CA Boca Juniors,ARG,Boca Juniors,1.0,0.0,mandante,0.0,0.0,,,,False,,openfootball
2023,Group,Matchday 4,B,1,2023-05-24,AA Argentinos Juniors,ARG,Argentinos Juniors,SC Corinthians Paulista,BRA,Corinthians,0.0,0.0,empate,,,,,,False,,openfootball
2023,Group,Matchday 4,F,1,2023-05-24,CD Nublense,CHI,Ñublense,CR Flamengo,BRA,Flamengo,1.0,1.0,empate,0.0,1.0,,,,False,,openfootball
2023,Group,Matchday 4,E,1,2023-05-24,FBC Melgar,PER,Melgar,CDC Atlético Nacional,COL,Atlético Nacional,0.0,1.0,visitante,0.0,0.0,,,,False,,openfootball
2023,Group,Matchday 4,A,1,2023-05-25,Club The Strongest,BOL,The Strongest,Fluminense FC,BRA,Fluminense,1.0,0.0,mandante,1.0,0.0,,,,False,,openfootball
2023,Group,Matchday 4,E,1,2023-05-25,CA Patronato,ARG,Patronato,Olimpia Asuncion,PAR,Olimpia,0.0,2.0,visitante,0.0,1.0,,,,False,,openfootball
2023,Group,Matchday 4,A,1,2023-05-25,CS Cristal,PER,Sporting Cristal,CA River Plate,ARG,River Plate,1.0,1.0,empate,0.0,0.0,,,,False,,openfootball
2023,Group,Matchday 4,D,1,2023-05-25,Metropolitanos FC,VEN,Metropolitanos,SC Internacional,BRA,Internacional,1.0,2.0,visitante,0.0,2.0,,,,False,,openfootball
2023,Group,Matchday 5,H,1,2023-06-06,Monagas SC,VEN,Monagas,Deportivo Pereira,COL,Deportivo Pereira,1.0,0.0,mandante,1.0,0.0,,,,False,,openfootball
2023,Group,Matchday 5,C,1,2023-06-06,CA Paranaense,BRA,Athletico-PR,Club Libertad Asuncion,PAR,Libertad,1.0,0.0,mandante,0.0,0.0,,,,False,,openfootball
2023,Group,Matchday 5,H,1,2023-06-06,CA Boca Juniors,ARG,Boca Juniors,CSD Colo-Colo,CHI,Colo-Colo,1.0,0.0,mandante,0.0,0.0,,,,False,,openfootball
2023,Group,Matchday 5,C,1,2023-06-06,Club Alianza Lima,PER,Alianza Lima,CA Mineiro,BRA,Atlético Mineiro,0.0,1.0,visitante,0.0,0.0,,,,False,,openfootball
2023,Group,Matchday 5,E,1,2023-06-06,FBC Melgar,PER,Melgar,CA Patronato,ARG,Patronato,5.0,0.0,mandante,4.0,0.0,,,,False,,openfootball
2023,Group,Matchday 5,G,1,2023-06-06,Club Bolívar,BOL,Bolívar,Club Cerro Porteño,PAR,Cerro Porteño,2.0,0.0,mandante,1.0,0.0,,,,False,,openfootball
2023,Group,Matchday 5,B,1,2023-06-07,CAR Independiente del Valle,ECU,Independiente del Valle,SC Corinthians Paulista,BRA,Corinthians,3.0,0.0,mandante,2.0,0.0,,,,False,,openfootball
2023,Group,Matchday 5,B,1,2023-06-07,AA Argentinos Juniors,ARG,Argentinos Juniors,Liverpool FC,URU,Liverpool (URU),2.0,1.0,mandante,0.0,0.0,,,,False,,openfootball
2023,Group,Matchday 5,D,1,2023-06-07,Club Nacional de Football,URU,Nacional (URU),SC Internacional,BRA,Internacional,1.0,1.0,empate,0.0,0.0,,,,False,,openfootball
2023,Group,Matchday 5,F,1,2023-06-07,SD Aucas,ECU,Aucas,CD Nublense,CHI,Ñublense,0.0,0.0,empate,,,,,,False,,openfootball
2023,Group,Matchday 5,G,1,2023-06-07,SE Palmeiras,BRA,Palmeiras,Barcelona SC,ECU,Barcelona SC,4.0,2.0,mandante,0.0,2.0,,,,False,,openfootball
2023,Group,Matchday 5,A,1,2023-06-07,CA River Plate,ARG,River Plate,Fluminense FC,BRA,Fluminense,2.0,0.0,mandante,1.0,0.0,,,,False,,openfootball
2023,Group,Matchday 5,A,1,2023-06-07,Club The Strongest,BOL,The Strongest,CS Cristal,PER,Sporting Cristal,1.0,2.0,visitante,1.0,1.0,,,,False,,openfootball
2023,Group,Matchday 5,D,1,2023-06-08,Metropolitanos FC,VEN,Metropolitanos,CD Independiente Medellín,COL,Independiente Medellín,0.0,1.0,visitante,0.0,0.0,,,,False,,openfootball
2023,Group,Matchday 5,E,1,2023-06-08,Olimpia Asuncion,PAR,Olimpia,CDC Atlético Nacional,COL,Atlético Nacional,3.0,0.0,mandante,1.0,0.0,,,,False,,openfootball
2023,Group,Matchday 5,F,1,2023-06-08,CR Flamengo,BRA,Flamengo,Racing Club,ARG,Racing,2.0,1.0,mandante,1.0,0.0,,,,False,,openfootball
2023,Group,Matchday 6,C,1,2023-06-27,Club Libertad Asuncion,PAR,Libertad,CA Mineiro,BRA,Atlético Mineiro,1.0,1.0,empate,0.0,0.0,,,,False,,openfootball
2023,Group,Matchday 6,C,1,2023-06-27,CA Paranaense,BRA,Athletico-PR,Club Alianza Lima,PER,Alianza Lima,3.0,0.0,mandante,1.0,0.0,,,,False,,openfootball
2023,Group,Matchday 6,A,1,2023-06-27,Fluminense FC,BRA,Fluminense,CS Cristal,PER,Sporting Cristal,1.0,1.0,empate,1.0,1.0,,,,False,,openfootball
2023,Group,Matchday 6,A,1,2023-06-27,CA River Plate,ARG,River Plate,Club The Strongest,BOL,The Strongest,2.0,0.0,mandante,1.0,0.0,,,,False,,openfootball
2023,Group,Matchday 6,E,1,2023-06-27,CDC Atlético Nacional,COL,Atlético Nacional,CA Patronato,ARG,Patronato,0.0,1.0,visitante,0.0,0.0,,,,False,,openfootball
2023,Group,Matchday 6,E,1,2023-06-27,Olimpia Asuncion,PAR,Olimpia,FBC Melgar,PER,Melgar,4.0,1.0,mandante,4.0,0.0,,,,False,,openfootball
2023,Group,Matchday 6,D,1,2023-06-28,SC Internacional,BRA,Internacional,CD Independiente Medellín,COL,Independiente Medellín,3.0,1.0,mandante,3.0,0.0,,,,False,,openfootball
2023,Group,Matchday 6,D,1,2023-06-28,Club Nacional de Football,URU,Nacional (URU),Metropolitanos FC,VEN,Metropolitanos,1.0,0.0,mandante,1.0,0.0,,,,False,,openfootball
2023,Group,Matchday 6,B,1,2023-06-28,CAR Independiente del Valle,ECU,Independiente del Valle,AA Argentinos Juniors,ARG,Argentinos Juniors,3.0,2.0,mandante,1.0,1.0,,,,False,,openfootball
2023,Group,Matchday 6,B,1,2023-06-28,SC Corinthians Paulista,BRA,Corinthians,Liverpool FC,URU,Liverpool (URU),3.0,0.0,mandante,1.0,0.0,,,,False,,openfootball
2023,Group,Matchday 6,F,1,2023-06-28,CR Flamengo,BRA,Flamengo,SD Aucas,ECU,Aucas,4.0,0.0,mandante,3.0,0.0,,,,False,,openfootball
2023,Group,Matchday 6,F,1,2023-06-28,Racing Club,ARG,Racing,CD Nublense,CHI,Ñublense,4.0,0.0,mandante,0.0,0.0,,,,False,,openfootball
2023,Group,Matchday 6,H,1,2023-06-29,CSD Colo-Colo,CHI,Colo-Colo,Deportivo Pereira,COL,Deportivo Pereira,0.0,0.0,empate,,,,,,False,,openfootball
2023,Group,Matchday 6,H,1,2023-06-29,CA Boca Juniors,ARG,Boca Juniors,Monagas SC,VEN,Monagas,4.0,0.0,mandante,1.0,0.0,,,,False,,openfootball
2023,Group,Matchday 6,G,1,2023-06-29,Barcelona SC,ECU,Barcelona SC,Club Cerro Porteño,PAR,Cerro Porteño,2.0,2.0,empate,0.0,2.0,,,,False,,openfootball
2023,Group,Matchday 6,G,1,2023-06-29,SE Palmeiras,BRA,Palmeiras,Club Bolívar,BOL,Bolívar,4.0,0.0,mandante,2.0,0.0,,,,False,,openfootball
2023,Finals,Round of 16,,1,2023-08-01,AA Argentinos Juniors,ARG,Argentinos Juniors,Fluminense FC,BRA,Fluminense,1.0,1.0,empate,1.0,0.0,,,,False,,openfootball
2023,Finals,Round of 16,,1,2023-08-01,Club Bolívar,BOL,Bolívar,CA Paranaense,BRA,Athletico-PR,3.0,1.0,mandante,2.0,1.0,,,,False,,openfootball
2023,Finals,Round of 16,,1,2023-08-01,CA River Plate,ARG,River Plate,SC Internacional,BRA,Internacional,2.0,1.0,mandante,0.0,1.0,,,,False,,openfootball
2023,Finals,Round of 16,,1,2023-08-02,Deportivo Pereira,COL,Deportivo Pereira,CAR Independiente del Valle,ECU,Independiente del Valle,1.0,0.0,mandante,0.0,0.0,,,,False,,openfootball
2023,Finals,Round of 16,,1,2023-08-02,Club Nacional de Football,URU,Nacional (URU),CA Boca Juniors,ARG,Boca Juniors,0.0,0.0,empate,,,,,,False,,openfootball
2023,Finals,Round of 16,,1,2023-08-02,CA Mineiro,BRA,Atlético Mineiro,SE Palmeiras,BRA,Palmeiras,0.0,1.0,visitante,0.0,1.0,,,,False,,openfootball
2023,Finals,Round of 16,,1,2023-08-03,CDC Atlético Nacional,COL,Atlético Nacional,Racing Club,ARG,Racing,4.0,2.0,mandante,1.0,0.0,,,,False,,openfootball
2023,Finals,Round of 16,,1,2023-08-03,CR Flamengo,BRA,Flamengo,Olimpia Asuncion,PAR,Olimpia,1.0,0.0,mandante,0.0,0.0,,,,False,,openfootball
2023,Finals,Round of 16,,2,2023-08-08,Fluminense FC,BRA,Fluminense,AA Argentinos Juniors,ARG,Argentinos Juniors,2.0,0.0,mandante,0.0,0.0,,,,False,,openfootball
2023,Finals,Round of 16,,2,2023-08-08,CA Paranaense,BRA,Athletico-PR,Club Bolívar,BOL,Bolívar,2.0,0.0,mandante,1.0,0.0,4.0,5.0,Club Bolívar,False,,openfootball
2023,Finals,Round of 16,,2,2023-08-08,SC Internacional,BRA,Internacional,CA River Plate,ARG,River Plate,2.0,1.0,mandante,0.0,0.0,9.0,8.0,SC Internacional,False,,openfootball
2023,Finals,Round of 16,,2,2023-08-09,CAR Independiente del Valle,ECU,Independiente del Valle,Deportivo Pereira,COL,Deportivo Pereira,1.0,1.0,empate,1.0,0.0,,,,False,,openfootball
2023,Finals,Round of 16,,2,2023-08-09,CA Boca Juniors,ARG,Boca Juniors,Club Nacional de Football,URU,Nacional (URU),2.0,2.0,empate,1.0,1.0,4.0,2.0,CA Boca Juniors,False,,openfootball
2023,Finals,Round of 16,,2,2023-08-09,SE Palmeiras,BRA,Palmeiras,CA Mineiro,BRA,Atlético Mineiro,0.0,0.0,empate,,,,,,False,,openfootball
2023,Finals,Round of 16,,2,2023-08-10,Racing Club,ARG,Racing,CDC Atlético Nacional,COL,Atlético Nacional,3.0,0.0,mandante,1.0,0.0,,,,False,,openfootball
2023,Finals,Round of 16,,2,2023-08-10,Olimpia Asuncion,PAR,Olimpia,CR Flamengo,BRA,Flamengo,3.0,1.0,mandante,1.0,1.0,,,,False,,openfootball
2023,Finals,Quarterfinals,,1,2023-08-22,Club Bolívar,BOL,Bolívar,SC Internacional,BRA,Internacional,0.0,1.0,visitante,0.0,1.0,,,,False,,openfootball
2023,Finals,Quarterfinals,,1,2023-08-23,Deportivo Pereira,COL,Deportivo Pereira,SE Palmeiras,BRA,Palmeiras,0.0,4.0,visitante,0.0,3.0,,,,False,,openfootball
2023,Finals,Quarterfinals,,1,2023-08-23,CA Boca Juniors,ARG,Boca Juniors,Racing Club,ARG,Racing,0.0,0.0,empate,,,,,,False,,openfootball
2023,Finals,Quarterfinals,,1,2023-08-24,Fluminense FC,BRA,Fluminense,Olimpia Asuncion,PAR,Olimpia,2.0,0.0,mandante,1.0,0.0,,,,False,,openfootball
2023,Finals,Quarterfinals,,2,2023-08-29,SC Internacional,BRA,Internacional,Club Bolívar,BOL,Bolívar,2.0,0.0,mandante,1.0,0.0,,,,False,,openfootball
2023,Finals,Quarterfinals,,2,2023-08-30,SE Palmeiras,BRA,Palmeiras,Deportivo Pereira,COL,Deportivo Pereira,0.0,0.0,empate,,,,,,False,,openfootball
2023,Finals,Quarterfinals,,2,2023-08-30,Racing Club,ARG,Racing,CA Boca Juniors,ARG,Boca Juniors,0.0,0.0,empate,,,1.0,4.0,CA Boca Juniors,False,,openfootball
2023,Finals,Quarterfinals,,2,2023-08-31,Olimpia Asuncion,PAR,Olimpia,Fluminense FC,BRA,Fluminense,1.0,3.0,visitante,1.0,1.0,,,,False,,openfootball
2023,Finals,Semifinals,,1,2023-09-27,Fluminense FC,BRA,Fluminense,SC Internacional,BRA,Internacional,2.0,2.0,empate,1.0,1.0,,,,False,,openfootball
2023,Finals,Semifinals,,1,2023-09-28,CA Boca Juniors,ARG,Boca Juniors,SE Palmeiras,BRA,Palmeiras,0.0,0.0,empate,,,,,,False,,openfootball
2023,Finals,Semifinals,,2,2023-10-04,SC Internacional,BRA,Internacional,Fluminense FC,BRA,Fluminense,1.0,2.0,visitante,1.0,0.0,,,,False,,openfootball
2023,Finals,Semifinals,,2,2023-10-05,SE Palmeiras,BRA,Palmeiras,CA Boca Juniors,ARG,Boca Juniors,1.0,1.0,empate,0.0,1.0,2.0,4.0,CA Boca Juniors,False,,openfootball
2023,Finals,Final,,1,2023-11-04,CA Boca Juniors,ARG,Boca Juniors,Fluminense FC,BRA,Fluminense,1.0,2.0,visitante,0.0,1.0,,,,True,,openfootball
2024,Qualifying,Round 1,,1,2024-02-06,Academia Puerto Cabello,VEN,Academia Puerto Cabello,Defensor SC,URU,Defensor Sporting,3.0,2.0,mandante,2.0,1.0,,,,False,,openfootball
2024,Qualifying,Round 1,,1,2024-02-07,Club Aurora,BOL,Aurora,FBC Melgar,PER,Melgar,1.0,0.0,mandante,1.0,0.0,,,,False,,openfootball
2024,Qualifying,Round 1,,1,2024-02-08,SD Aucas,ECU,Aucas,Club Nacional,PAR,Nacional,1.0,0.0,mandante,0.0,0.0,,,,False,,openfootball
2024,Qualifying,Round 1,,2,2024-02-13,Defensor SC,URU,Defensor Sporting,Academia Puerto Cabello,VEN,Academia Puerto Cabello,2.0,4.0,visitante,1.0,0.0,,,,False,,openfootball
2024,Qualifying,Round 1,,2,2024-02-14,FBC Melgar,PER,Melgar,Club Aurora,BOL,Aurora,1.0,1.0,empate,1.0,1.0,,,,False,,openfootball
2024,Qualifying,Round 1,,2,2024-02-15,Club Nacional,PAR,Nacional,SD Aucas,ECU,Aucas,3.0,0.0,mandante,2.0,0.0,,,,False,,openfootball
2024,Qualifying,Round 2,,1,2024-02-20,Portuguesa FC,VEN,Portuguesa,CD Palestino,CHI,Palestino,1.0,2.0,visitante,1.0,2.0,,,,False,,openfootball
2024,Qualifying,Round 2,,1,2024-02-20,Rionegro Águilas,COL,Rionegro Águilas,RB Bragantino,BRA,Red Bull Bragantino,0.0,0.0,empate,,,,,,False,,openfootball
2024,Qualifying,Round 2,,1,2024-02-20,Club Always Ready,BOL,Always Ready,CS Cristal,PER,Sporting Cristal,6.0,1.0,mandante,1.0,1.0,,,,False,,openfootball
2024,Qualifying,Round 2,,1,2024-02-21,Academia Puerto Cabello,VEN,Academia Puerto Cabello,Club Nacional de Football,URU,Nacional (URU),0.0,2.0,visitante,0.0,2.0,,,,False,,openfootball
2024,Qualifying,Round 2,,1,2024-02-21,Club Nacional,PAR,Nacional,CDC Atlético Nacional,COL,Atlético Nacional,1.0,0.0,mandante,0.0,0.0,,,,False,,openfootball
2024,Qualifying,Round 2,,1,2024-02-21,Club Aurora,BOL,Aurora,Botafogo FR,BRA,Botafogo,1.0,1.0,empate,0.0,1.0,,,,False,,openfootball
2024,Qualifying,Round 2,,1,2024-02-22,Sportivo Trinidense,PAR,Sportivo Trinidense,CSCyD El Nacional,ECU,El Nacional,1.0,1.0,empate,1.0,0.0,,,,False,,openfootball
2024,Qualifying,Round 2,,1,2024-02-22,CD Godoy Cruz Antonio Tomba,ARG,Godoy Cruz,CSD Colo-Colo,CHI,Colo-Colo,0.0,1.0,visitante,0.0,0.0,,,,False,,openfootball
2024,Qualifying,Round 2,,2,2024-02-27,CD Palestino,CHI,Palestino,Portuguesa FC,VEN,Portuguesa,2.0,1.0,mandante,1.0,0.0,,,,False,,openfootball
2024,Qualifying,Round 2,,2,2024-02-27,RB Bragantino,BRA,Red Bull Bragantino,Rionegro Águilas,COL,Rionegro Águilas,4.0,3.0,mandante,0.0,0.0,,,,False,,openfootball
2024,Qualifying,Round 2,,2,2024-02-27,CS Cristal,PER,Sporting Cristal,Club Always Ready,BOL,Always Ready,3.0,1.0,mandante,1.0,1.0,,,,False,,openfootball
2024,Qualifying,Round 2,,2,2024-02-28,Club Nacional de Football,URU,Nacional (URU),Academia Puerto Cabello,VEN,Academia Puerto Cabello,2.0,0.0,mandante,0.0,0.0,,,,False,,openfootball
2024,Qualifying,Round 2,,2,2024-02-28,CDC Atlético Nacional,COL,Atlético Nacional,Club Nacional,PAR,Nacional,0.0,3.0,visitante,0.0,1.0,,,,False,,openfootball
2024,Qualifying,Round 2,,2,2024-02-28,Botafogo FR,BRA,Botafogo,Club Aurora,BOL,Aurora,6.0,0.0,mandante,3.0,0.0,,,,False,,openfootball
2024,Qualifying,Round 2,,2,2024-02-29,CSCyD El Nacional,ECU,El Nacional,Sportivo Trinidense,PAR,Sportivo Trinidense,0.0,1.0,visitante,0.0,0.0,,,,False,,openfootball
2024,Qualifying,Round 2,,2,2024-02-29,CSD Colo-Colo,CHI,Colo-Colo,CD Godoy Cruz Antonio Tomba,ARG,Godoy Cruz,0.0,0.0,empate,,,,,,False,,openfootball
2024,Qualifying,Round 3,,1,2024-03-05,Club Nacional,PAR,Nacional,CD Palestino,CHI,Palestino,0.0,2.0,visitante,0.0,0.0,,,,False,,openfootball
2024,Qualifying,Round 3,,1,2024-03-06,Botafogo FR,BRA,Botafogo,RB Bragantino,BRA,Red Bull Bragantino,2.0,1.0,mandante,1.0,1.0,,,,False,,openfootball
2024,Qualifying,Round 3,,1,2024-03-06,Sportivo Trinidense,PAR,Sportivo Trinidense,CSD Colo-Colo,CHI,Colo-Colo,1.0,1.0,empate,1.0,0.0,,,,False,,openfootball
2024,Qualifying,Round 3,,1,2024-03-07,Club Always Ready,BOL,Always Ready,Club Nacional de Football,URU,Nacional (URU),1.0,0.0,mandante,1.0,0.0,,,,False,,openfootball
2024,Qualifying,Round 3,,2,2024-03-12,CD Palestino,CHI,Palestino,Club Nacional,PAR,Nacional,3.0,1.0,mandante,0.0,1.0,,,,False,,openfootball
2024,Qualifying,Round 3,,2,2024-03-13,RB Bragantino,BRA,Red Bull Bragantino,Botafogo FR,BRA,Botafogo,1.0,1.0,empate,0.0,0.0,,,,False,,openfootball
2024,Qualifying,Round 3,,2,2024-03-13,CSD Colo-Colo,CHI,Colo-Colo,Sportivo Trinidense,PAR,Sportivo Trinidense,2.0,1.0,mandante,2.0,1.0,,,,False,,openfootball
2024,Qualifying,Round 3,,2,2024-03-14,Club Nacional de Football,URU,Nacional (URU),Club Always Ready,BOL,Always Ready,5.0,4.0,mandante,1.0,1.0,,,,False,,openfootball
2024,Group,Matchday 1,A,1,2024-04-02,CD Cobresal,CHI,Cobresal,Barcelona SC,ECU,Barcelona SC,1.0,1.0,empate,0.0,0.0,,,,False,,openfootball
2024,Group,Matchday 1,B,1,2024-04-02,Millonarios FC,COL,Millonarios,CR Flamengo,BRA,Flamengo,1.0,1.0,empate,0.0,0.0,,,,False,,openfootball
2024,Group,Matchday 1,C,1,2024-04-02,Club The Strongest,BOL,The Strongest,Grêmio FBPA,BRA,Grêmio,2.0,0.0,mandante,1.0,0.0,,,,False,,openfootball
2024,Group,Matchday 1,D,1,2024-04-02,Deportivo Táchira FC,VEN,Deportivo Táchira,CA River Plate,ARG,River Plate,0.0,2.0,visitante,0.0,0.0,,,,False,,openfootball
2024,Group,Matchday 1,E,1,2024-04-02,Club Universitario de Deportes,PER,Universitario,LDU de Quito,ECU,LDU,2.0,1.0,mandante,0.0,1.0,,,,False,,openfootball
2024,Group,Matchday 1,D,1,2024-04-03,Club Nacional de Football,URU,Nacional (URU),Club Libertad Asuncion,PAR,Libertad,2.0,0.0,mandante,1.0,0.0,,,,False,,openfootball
2024,Group,Matchday 1,C,1,2024-04-03,CD Huachipato,CHI,Huachipato,Estudiantes de La Plata,ARG,Estudiantes,1.0,1.0,empate,0.0,1.0,,,,False,,openfootball
2024,Group,Matchday 1,E,1,2024-04-03,Botafogo FR,BRA,Botafogo,CDP Junior FC,COL,Junior,1.0,3.0,visitante,1.0,3.0,,,,False,,openfootball
2024,Group,Matchday 1,F,1,2024-04-03,CSD Colo-Colo,CHI,Colo-Colo,Club Cerro Porteño,PAR,Cerro Porteño,1.0,0.0,mandante,0.0,0.0,,,,False,,openfootball
2024,Group,Matchday 1,G,1,2024-04-03,CA San Lorenzo de Almagro,ARG,San Lorenzo,SE Palmeiras,BRA,Palmeiras,1.0,1.0,empate,1.0,0.0,,,,False,,openfootball
2024,Group,Matchday 1,F,1,2024-04-03,Club Alianza Lima,PER,Alianza Lima,Fluminense FC,BRA,Fluminense,1.0,1.0,empate,1.0,0.0,,,,False,,openfootball
2024,Group,Matchday 1,H,1,2024-04-04,Caracas FC,VEN,Caracas,CA Mineiro,BRA,Atlético Mineiro,1.0,4.0,visitante,0.0,3.0,,,,False,,openfootball
2024,Group,Matchday 1,H,1,2024-04-04,CA Rosario Central,ARG,Rosario Central,CA Peñarol,URU,Peñarol,1.0,0.0,mandante,1.0,0.0,,,,False,,openfootball
2024,Group,Matchday 1,G,1,2024-04-04,Liverpool FC,URU,Liverpool (URU),CAR Independiente del Valle,ECU,Independiente del Valle,1.0,1.0,empate,0.0,1.0,,,,False,,openfootball
2024,Group,Matchday 1,A,1,2024-04-04,CA Talleres,ARG,Talleres,São Paulo FC,BRA,São Paulo,2.0,1.0,mandante,1.0,0.0,,,,False,,openfootball
2024,Group,Matchday 1,B,1,2024-04-04,CD Palestino,CHI,Palestino,Club Bolívar,BOL,Bolívar,0.0,4.0,visitante,0.0,2.0,,,,False,,openfootball
2024,Group,Matchday 2,C,1,2024-04-09,Estudiantes de La Plata,ARG,Estudiantes,Club The Strongest,BOL,The Strongest,2.0,1.0,mandante,0.0,1.0,,,,False,,openfootball
2024,Group,Matchday 2,C,1,2024-04-09,Grêmio FBPA,BRA,Grêmio,CD Huachipato,CHI,Huachipato,0.0,2.0,visitante,0.0,2.0,,,,False,,openfootball
2024,Group,Matchday 2,D,1,2024-04-09,Club Libertad Asuncion,PAR,Libertad,Deportivo Táchira FC,VEN,Deportivo Táchira,3.0,0.0,mandante,2.0,0.0,,,,False,,openfootball
2024,Group,Matchday 2,F,1,2024-04-09,Fluminense FC,BRA,Fluminense,CSD Colo-Colo,CHI,Colo-Colo,2.0,1.0,mandante,1.0,1.0,,,,False,,openfootball
2024,Group,Matchday 2,E,1,2024-04-09,CDP Junior FC,COL,Junior,Club Universitario de Deportes,PER,Universitario,1.0,1.0,empate,1.0,1.0,,,,False,,openfootball
2024,Group,Matchday 2,G,1,2024-04-10,CAR Independiente del Valle,ECU,Independiente del Valle,CA San Lorenzo de Almagro,ARG,San Lorenzo,2.0,0.0,mandante,2.0,0.0,,,,False,,openfootball
2024,Group,Matchday 2,H,1,2024-04-10,CA Mineiro,BRA,Atlético Mineiro,CA Rosario Central,ARG,Rosario Central,2.0,1.0,mandante,1.0,0.0,,,,False,,openfootball
2024,Group,Matchday 2,F,1,2024-04-10,Club Cerro Porteño,PAR,Cerro Porteño,Club Alianza Lima,PER,Alianza Lima,1.0,0.0,mandante,0.0,0.0,,,,False,,openfootball
2024,Group,Matchday 2,H,1,2024-04-10,CA Peñarol,URU,Peñarol,Caracas FC,VEN,Caracas,5.0,0.0,mandante,4.0,0.0,,,,False,,openfootball
2024,Group,Matchday 2,A,1,2024-04-10,São Paulo FC,BRA,São Paulo,CD Cobresal,CHI,Cobresal,2.0,0.0,mandante,0.0,0.0,,,,False,,openfootball
2024,Group,Matchday 2,B,1,2024-04-10,CR Flamengo,BRA,Flamengo,CD Palestino,CHI,Palestino,2.0,0.0,mandante,1.0,0.0,,,,False,,openfootball
2024,Group,Matchday 2,A,1,2024-04-10,Barcelona SC,ECU,Barcelona SC,CA Talleres,ARG,Talleres,2.0,2.0,empate,1.0,1.0,,,,False,,openfootball
2024,Group,Matchday 2,E,1,2024-04-11,LDU de Quito,ECU,LDU,Botafogo FR,BRA,Botafogo,1.0,0.0,mandante,1.0,0.0,,,,False,,openfootball
2024,Group,Matchday 2,B,1,2024-04-11,Club Bolívar,BOL,Bolívar,Millonarios FC,COL,Millonarios,3.0,2.0,mandante,3.0,1.0,,,,False,,openfootball
2024,Group,Matchday 2,G,1,2024-04-11,SE Palmeiras,BRA,Palmeiras,Liverpool FC,URU,Liverpool (URU),3.0,1.0,mandante,1.0,1.0,,,,False,,openfootball
2024,Group,Matchday 2,D,1,2024-04-11,CA River Plate,ARG,River Plate,Club Nacional de Football,URU,Nacional (URU),2.0,0.0,mandante,1.0,0.0,,,,False,,openfootball
2024,Group,Matchday 3,H,1,2024-04-23,Caracas FC,VEN,Caracas,CA Rosario Central,ARG,Rosario Central,1.0,1.0,empate,1.0,0.0,,,,False,,openfootball
2024,Group,Matchday 3,C,1,2024-04-23,Estudiantes de La Plata,ARG,Estudiantes,Grêmio FBPA,BRA,Grêmio,0.0,1.0,visitante,0.0,0.0,,,,False,,openfootball
2024,Group,Matchday 3,G,1,2024-04-23,Liverpool FC,URU,Liverpool (URU),CA San Lorenzo de Almagro,ARG,San Lorenzo,1.0,0.0,mandante,0.0,0.0,,,,False,,openfootball
2024,Group,Matchday 3,H,1,2024-04-23,CA Mineiro,BRA,Atlético Mineiro,CA Peñarol,URU,Peñarol,3.0,2.0,mandante,2.0,0.0,,,,False,,openfootball
2024,Group,Matchday 3,F,1,2024-04-23,CSD Colo-Colo,CHI,Colo-Colo,Club Alianza Lima,PER,Alianza Lima,0.0,0.0,empate,,,,,,False,,openfootball
2024,Group,Matchday 3,E,1,2024-04-23,CDP Junior FC,COL,Junior,LDU de Quito,ECU,LDU,1.0,1.0,empate,1.0,1.0,,,,False,,openfootball
2024,Group,Matchday 3,D,1,2024-04-24,Club Nacional de Football,URU,Nacional (URU),Deportivo Táchira FC,VEN,Deportivo Táchira,2.0,1.0,mandante,2.0,1.0,,,,False,,openfootball
2024,Group,Matchday 3,C,1,2024-04-24,CD Huachipato,CHI,Huachipato,Club The Strongest,BOL,The Strongest,0.0,0.0,empate,,,,,,False,,openfootball
2024,Group,Matchday 3,E,1,2024-04-24,Botafogo FR,BRA,Botafogo,Club Universitario de Deportes,PER,Universitario,3.0,1.0,mandante,0.0,0.0,,,,False,,openfootball
2024,Group,Matchday 3,G,1,2024-04-24,CAR Independiente del Valle,ECU,Independiente del Valle,SE Palmeiras,BRA,Palmeiras,2.0,3.0,visitante,2.0,1.0,,,,False,,openfootball
2024,Group,Matchday 3,D,1,2024-04-24,Club Libertad Asuncion,PAR,Libertad,CA River Plate,ARG,River Plate,1.0,2.0,visitante,1.0,1.0,,,,False,,openfootball
2024,Group,Matchday 3,B,1,2024-04-24,Club Bolívar,BOL,Bolívar,CR Flamengo,BRA,Flamengo,2.0,1.0,mandante,1.0,1.0,,,,False,,openfootball
2024,Group,Matchday 3,F,1,2024-04-25,Club Cerro Porteño,PAR,Cerro Porteño,Fluminense FC,BRA,Fluminense,0.0,0.0,empate,,,,,,False,,openfootball
2024,Group,Matchday 3,A,1,2024-04-25,CD Cobresal,CHI,Cobresal,CA Talleres,ARG,Talleres,0.0,2.0,visitante,0.0,2.0,,,,False,,openfootball
2024,Group,Matchday 3,B,1,2024-04-25,CD Palestino,CHI,Palestino,Millonarios FC,COL,Millonarios,3.0,1.0,mandante,2.0,1.0,,,,False,,openfootball
2024,Group,Matchday 3,A,1,2024-04-25,Barcelona SC,ECU,Barcelona SC,São Paulo FC,BRA,São Paulo,0.0,2.0,visitante,0.0,1.0,,,,False,,openfootball
2024,Group,Matchday 4,H,1,2024-05-07,CA Rosario Central,ARG,Rosario Central,CA Mineiro,BRA,Atlético Mineiro,0.0,1.0,visitante,0.0,0.0,,,,False,,openfootball
2024,Group,Matchday 4,H,1,2024-05-07,Caracas FC,VEN,Caracas,CA Peñarol,URU,Peñarol,0.0,1.0,visitante,0.0,1.0,,,,False,,openfootball
2024,Group,Matchday 4,B,1,2024-05-07,CD Palestino,CHI,Palestino,CR Flamengo,BRA,Flamengo,1.0,0.0,mandante,0.0,0.0,,,,False,,openfootball
2024,Group,Matchday 4,D,1,2024-05-07,Deportivo Táchira FC,VEN,Deportivo Táchira,Club Libertad Asuncion,PAR,Libertad,1.0,1.0,empate,1.0,0.0,,,,False,,openfootball
2024,Group,Matchday 4,D,1,2024-05-07,Club Nacional de Football,URU,Nacional (URU),CA River Plate,ARG,River Plate,2.0,2.0,empate,0.0,2.0,,,,False,,openfootball
2024,Group,Matchday 4,E,1,2024-05-07,Club Universitario de Deportes,PER,Universitario,CDP Junior FC,COL,Junior,1.0,1.0,empate,1.0,1.0,,,,False,,openfootball
2024,Group,Matchday 4,A,1,2024-05-08,CA Talleres,ARG,Talleres,Barcelona SC,ECU,Barcelona SC,3.0,1.0,mandante,2.0,0.0,,,,False,,openfootball
2024,Group,Matchday 4,F,1,2024-05-08,Club Alianza Lima,PER,Alianza Lima,Club Cerro Porteño,PAR,Cerro Porteño,1.0,1.0,empate,0.0,1.0,,,,False,,openfootball
2024,Group,Matchday 4,A,1,2024-05-08,CD Cobresal,CHI,Cobresal,São Paulo FC,BRA,São Paulo,1.0,3.0,visitante,1.0,1.0,,,,False,,openfootball
2024,Group,Matchday 4,E,1,2024-05-08,Botafogo FR,BRA,Botafogo,LDU de Quito,ECU,LDU,2.0,1.0,mandante,1.0,1.0,,,,False,,openfootball
2024,Group,Matchday 4,B,1,2024-05-08,Millonarios FC,COL,Millonarios,Club Bolívar,BOL,Bolívar,1.0,1.0,empate,1.0,0.0,,,,False,,openfootball
2024,Group,Matchday 4,G,1,2024-05-09,CA San Lorenzo de Almagro,ARG,San Lorenzo,CAR Independiente del Valle,ECU,Independiente del Valle,2.0,0.0,mandante,2.0,0.0,,,,False,,openfootball
2024,Group,Matchday 4,G,1,2024-05-09,Liverpool FC,URU,Liverpool (URU),SE Palmeiras,BRA,Palmeiras,0.0,5.0,visitante,0.0,1.0,,,,False,,openfootball
2024,Group,Matchday 4,F,1,2024-05-09,CSD Colo-Colo,CHI,Colo-Colo,Fluminense FC,BRA,Fluminense,0.0,1.0,visitante,0.0,0.0,,,,False,,openfootball
2024,Group,Matchday 4,C,1,2024-05-09,Club The Strongest,BOL,The Strongest,Estudiantes de La Plata,ARG,Estudiantes,1.0,0.0,mandante,1.0,0.0,,,,False,,openfootball
2024,Group,Matchday 5,H,1,2024-05-14,CA Peñarol,URU,Peñarol,CA Mineiro,BRA,Atlético Mineiro,2.0,0.0,mandante,0.0,0.0,,,,False,,openfootball
2024,Group,Matchday 5,A,1,2024-05-14,CA Talleres,ARG,Talleres,CD Cobresal,CHI,Cobresal,1.0,0.0,mandante,0.0,0.0,,,,False,,openfootball
2024,Group,Matchday 5,E,1,2024-05-14,LDU de Quito,ECU,LDU,CDP Junior FC,COL,Junior,0.0,1.0,visitante,0.0,1.0,,,,False,,openfootball
2024,Group,Matchday 5,D,1,2024-05-14,CA River Plate,ARG,River Plate,Club Libertad Asuncion,PAR,Libertad,2.0,0.0,mandante,1.0,0.0,,,,False,,openfootball
2024,Group,Matchday 5,B,1,2024-05-14,Millonarios FC,COL,Millonarios,CD Palestino,CHI,Palestino,1.0,1.0,empate,1.0,0.0,,,,False,,openfootball
2024,Group,Matchday 5,D,1,2024-05-15,Deportivo Táchira FC,VEN,Deportivo Táchira,Club Nacional de Football,URU,Nacional (URU),0.0,1.0,visitante,0.0,0.0,,,,False,,openfootball
2024,Group,Matchday 5,C,1,2024-05-15,Club The Strongest,BOL,The Strongest,CD Huachipato,CHI,Huachipato,4.0,0.0,mandante,1.0,0.0,,,,False,,openfootball
2024,Group,Matchday 5,F,1,2024-05-15,Club Alianza Lima,PER,Alianza Lima,CSD Colo-Colo,CHI,Colo-Colo,1.0,1.0,empate,1.0,0.0,,,,False,,openfootball
2024,Group,Matchday 5,B,1,2024-05-15,CR Flamengo,BRA,Flamengo,Club Bolívar,BOL,Bolívar,4.0,0.0,mandante,3.0,0.0,,,,False,,openfootball
2024,Group,Matchday 5,G,1,2024-05-15,SE Palmeiras,BRA,Palmeiras,CAR Independiente del Valle,ECU,Independiente del Valle,2.0,1.0,mandante,2.0,0.0,,,,False,,openfootball
2024,Group,Matchday 5,H,1,2024-05-16,CA Rosario Central,ARG,Rosario Central,Caracas FC,VEN,Caracas,4.0,1.0,mandante,2.0,0.0,,,,False,,openfootball
2024,Group,Matchday 5,F,1,2024-05-16,Fluminense FC,BRA,Fluminense,Club Cerro Porteño,PAR,Cerro Porteño,2.0,1.0,mandante,1.0,1.0,,,,False,,openfootball
2024,Group,Matchday 5,E,1,2024-05-16,Club Universitario de Deportes,PER,Universitario,Botafogo FR,BRA,Botafogo,0.0,1.0,visitante,0.0,0.0,,,,False,,openfootball
2024,Group,Matchday 5,G,1,2024-05-16,CA San Lorenzo de Almagro,ARG,San Lorenzo,Liverpool FC,URU,Liverpool (URU),3.0,2.0,mandante,2.0,1.0,,,,False,,openfootball
2024,Group,Matchday 5,A,1,2024-05-16,São Paulo FC,BRA,São Paulo,Barcelona SC,ECU,Barcelona SC,0.0,0.0,empate,,,,,,False,,openfootball
2024,Group,Matchday 6,H,1,2024-05-28,CA Mineiro,BRA,Atlético Mineiro,Caracas FC,VEN,Caracas,4.0,0.0,mandante,2.0,0.0,,,,False,,openfootball
2024,Group,Matchday 6,H,1,2024-05-28,CA Peñarol,URU,Peñarol,CA Rosario Central,ARG,Rosario Central,2.0,1.0,mandante,1.0,0.0,,,,False,,openfootball
2024,Group,Matchday 6,E,1,2024-05-28,CDP Junior FC,COL,Junior,Botafogo FR,BRA,Botafogo,0.0,0.0,empate,,,,,,False,,openfootball
2024,Group,Matchday 6,E,1,2024-05-28,LDU de Quito,ECU,LDU,Club Universitario de Deportes,PER,Universitario,2.0,0.0,mandante,1.0,0.0,,,,False,,openfootball
2024,Group,Matchday 6,B,1,2024-05-28,Club Bolívar,BOL,Bolívar,CD Palestino,CHI,Palestino,3.0,1.0,mandante,1.0,0.0,,,,False,,openfootball
2024,Group,Matchday 6,B,1,2024-05-28,CR Flamengo,BRA,Flamengo,Millonarios FC,COL,Millonarios,3.0,0.0,mandante,3.0,0.0,,,,False,,openfootball
2024,Group,Matchday 6,C,1,2024-05-29,Estudiantes de La Plata,ARG,Estudiantes,CD Huachipato,CHI,Huachipato,3.0,4.0,visitante,1.0,2.0,,,,False,,openfootball
2024,Group,Matchday 6,C,1,2024-05-29,Grêmio FBPA,BRA,Grêmio,Club The Strongest,BOL,The Strongest,4.0,0.0,mandante,1.0,0.0,,,,False,,openfootball
2024,Group,Matchday 6,F,1,2024-05-29,Fluminense FC,BRA,Fluminense,Club Alianza Lima,PER,Alianza Lima,3.0,2.0,mandante,0.0,1.0,,,,False,,openfootball
2024,Group,Matchday 6,F,1,2024-05-29,Club Cerro Porteño,PAR,Cerro Porteño,CSD Colo-Colo,CHI,Colo-Colo,1.0,1.0,empate,1.0,1.0,,,,False,,openfootball
2024,Group,Matchday 6,A,1,2024-05-29,Barcelona SC,ECU,Barcelona SC,CD Cobresal,CHI,Cobresal,2.0,1.0,mandante,2.0,0.0,,,,False,,openfootball
2024,Group,Matchday 6,A,1,2024-05-29,São Paulo FC,BRA,São Paulo,CA Talleres,ARG,Talleres,2.0,0.0,mandante,1.0,0.0,,,,False,,openfootball
2024,Group,Matchday 6,G,1,2024-05-30,CAR Independiente del Valle,ECU,Independiente del Valle,Liverpool FC,URU,Liverpool (URU),2.0,1.0,mandante,1.0,1.0,,,,False,,openfootball
2024,Group,Matchday 6,G,1,2024-05-30,SE Palmeiras,BRA,Palmeiras,CA San Lorenzo de Almagro,ARG,San Lorenzo,0.0,0.0,empate,,,,,,False,,openfootball
2024,Group,Matchday 6,D,1,2024-05-30,CA River Plate,ARG,River Plate,Deportivo Táchira FC,VEN,Deportivo Táchira,2.0,0.0,mandante,0.0,0.0,,,,False,,openfootball
2024,Group,Matchday 6,D,1,2024-05-30,Club Libertad Asuncion,PAR,Libertad,Club Nacional de Football,URU,Nacional (URU),2.0,1.0,mandante,2.0,1.0,,,,False,,openfootball
2024,Group,Matchday 4,C,1,2024-06-04,CD Huachipato,CHI,Huachipato,Grêmio FBPA,BRA,Grêmio,0.0,1.0,visitante,0.0,1.0,,,,False,,openfootball
2024,Group,Matchday 5,C,1,2024-06-08,Grêmio FBPA,BRA,Grêmio,Estudiantes de La Plata,ARG,Estudiantes,1.0,1.0,empate,0.0,0.0,,,,False,,openfootball
2024,Finals,Round of 16,,1,2024-08-13,Grêmio FBPA,BRA,Grêmio,Fluminense FC,BRA,Fluminense,2.0,1.0,mandante,0.0,0.0,,,,False,,openfootball
2024,Finals,Round of 16,,1,2024-08-13,CA San Lorenzo de Almagro,ARG,San Lorenzo,CA Mineiro,BRA,Atlético Mineiro,1.0,1.0,empate,1.0,0.0,,,,False,,openfootball
2024,Finals,Round of 16,,1,2024-08-13,CSD Colo-Colo,CHI,Colo-Colo,CDP Junior FC,COL,Junior,1.0,0.0,mandante,0.0,0.0,,,,False,,openfootball
2024,Finals,Round of 16,,1,2024-08-14,CA Peñarol,URU,Peñarol,Club The Strongest,BOL,The Strongest,4.0,0.0,mandante,3.0,0.0,,,,False,,openfootball
2024,Finals,Round of 16,,1,2024-08-14,CA Talleres,ARG,Talleres,CA River Plate,ARG,River Plate,0.0,1.0,visitante,0.0,0.0,,,,False,,openfootball
2024,Finals,Round of 16,,1,2024-08-14,Botafogo FR,BRA,Botafogo,SE Palmeiras,BRA,Palmeiras,2.0,1.0,mandante,2.0,1.0,,,,False,,openfootball
2024,Finals,Round of 16,,1,2024-08-15,Club Nacional de Football,URU,Nacional (URU),São Paulo FC,BRA,São Paulo,0.0,0.0,empate,,,,,,False,,openfootball
2024,Finals,Round of 16,,1,2024-08-15,CR Flamengo,BRA,Flamengo,Club Bolívar,BOL,Bolívar,2.0,0.0,mandante,1.0,0.0,,,,False,,openfootball
2024,Finals,Round of 16,,2,2024-08-20,Fluminense FC,BRA,Fluminense,Grêmio FBPA,BRA,Grêmio,4.0,2.0,mandante,2.0,0.0,,,,False,,openfootball
2024,Finals,Round of 16,,2,2024-08-20,CA Mineiro,BRA,Atlético Mineiro,CA San Lorenzo de Almagro,ARG,San Lorenzo,1.0,0.0,mandante,0.0,0.0,,,,False,,openfootball
2024,Finals,Round of 16,,2,2024-08-20,CDP Junior FC,COL,Junior,CSD Colo-Colo,CHI,Colo-Colo,1.0,2.0,visitante,1.0,1.0,,,,False,,openfootball
2024,Finals,Round of 16,,2,2024-08-21,Club The Strongest,BOL,The Strongest,CA Peñarol,URU,Peñarol,1.0,0.0,mandante,1.0,0.0,,,,False,,openfootball
2024,Finals,Round of 16,,2,2024-08-21,CA River Plate,ARG,River Plate,CA Talleres,ARG,Talleres,2.0,1.0,mandante,1.0,0.0,,,,False,,openfootball
2024,Finals,Round of 16,,2,2024-08-21,SE Palmeiras,BRA,Palmeiras,Botafogo FR,BRA,Botafogo,2.0,2.0,empate,0.0,0.0,,,,False,,openfootball
2024,Finals,Round of 16,,2,2024-08-22,São Paulo FC,BRA,São Paulo,Club Nacional de Football,URU,Nacional (URU),2.0,0.0,mandante,1.0,0.0,,,,False,,openfootball
2024,Finals,Round of 16,,2,2024-08-22,Club Bolívar,BOL,Bolívar,CR Flamengo,BRA,Flamengo,1.0,0.0,mandante,0.0,0.0,,,,False,,openfootball
2024,Finals,Quarterfinals,,1,2024-09-17,CSD Colo-Colo,CHI,Colo-Colo,CA River Plate,ARG,River Plate,1.0,1.0,empate,0.0,1.0,,,,False,,openfootball
2024,Finals,Quarterfinals,,1,2024-09-18,Fluminense FC,BRA,Fluminense,CA Mineiro,BRA,Atlético Mineiro,1.0,0.0,mandante,0.0,0.0,,,,False,,openfootball
2024,Finals,Quarterfinals,,1,2024-09-18,Botafogo FR,BRA,Botafogo,São Paulo FC,BRA,São Paulo,0.0,0.0,empate,,,,,,False,,openfootball
2024,Finals,Quarterfinals,,1,2024-09-19,CR Flamengo,BRA,Flamengo,CA Peñarol,URU,Peñarol,0.0,1.0,visitante,0.0,1.0,,,,False,,openfootball
2024,Finals,Quarterfinals,,2,2024-09-24,CA River Plate,ARG,River Plate,CSD Colo-Colo,CHI,Colo-Colo,1.0,0.0,mandante,1.0,0.0,,,,False,,openfootball
2024,Finals,Quarterfinals,,2,2024-09-25,CA Mineiro,BRA,Atlético Mineiro,Fluminense FC,BRA,Fluminense,2.0,0.0,mandante,0.0,0.0,,,,False,,openfootball
2024,Finals,Quarterfinals,,2,2024-09-25,São Paulo FC,BRA,São Paulo,Botafogo FR,BRA,Botafogo,4.0,5.0,visitante,0.0,1.0,,,,False,,openfootball
2024,Finals,Quarterfinals,,2,2024-09-26,CA Peñarol,URU,Peñarol,CR Flamengo,BRA,Flamengo,0.0,0.0,empate,,,,,,False,,openfootball
2024,Finals,Semifinals,,1,2024-10-22,CA Mineiro,BRA,Atlético Mineiro,CA River Plate,ARG,River Plate,3.0,0.0,mandante,1.0,0.0,,,,False,,openfootball
2024,Finals,Semifinals,,1,2024-10-23,Botafogo FR,BRA,Botafogo,CA Peñarol,URU,Peñarol,5.0,0.0,mandante,0.0,0.0,,,,False,,openfootball
2024,Finals,Semifinals,,2,2024-10-29,CA River Plate,ARG,River Plate,CA Mineiro,BRA,Atlético Mineiro,0.0,0.0,empate,,,,,,False,,openfootball
2024,Finals,Semifinals,,2,2024-10-30,CA Peñarol,URU,Peñarol,Botafogo FR,BRA,Botafogo,3.0,1.0,mandante,1.0,0.0,,,,False,,openfootball
2024,Finals,Final,,1,2024-11-30,CA Mineiro,BRA,Atlético Mineiro,Botafogo FR,BRA,Botafogo,1.0,3.0,visitante,0.0,2.0,,,,False,,openfootball
2025,Qualifying,Round 1,,1,2025-02-04,Monagas SC,VEN,Monagas,Defensor SC,URU,Defensor Sporting,2.0,0.0,mandante,0.0,0.0,,,,False,,openfootball
2025,Qualifying,Round 1,,1,2025-02-05,Club Nacional,PAR,Nacional,Club Alianza Lima,PER,Alianza Lima,1.0,1.0,empate,1.0,0.0,,,,False,,openfootball
2025,Qualifying,Round 1,,1,2025-02-06,CD Blooming,BOL,Blooming,CSCyD El Nacional,ECU,El Nacional,3.0,2.0,mandante,3.0,1.0,,,,False,,openfootball
2025,Qualifying,Round 1,,2,2025-02-11,Defensor SC,URU,Defensor Sporting,Monagas SC,VEN,Monagas,0.0,2.0,visitante,0.0,1.0,,,,False,,openfootball
2025,Qualifying,Round 1,,2,2025-02-12,Club Alianza Lima,PER,Alianza Lima,Club Nacional,PAR,Nacional,3.0,1.0,mandante,1.0,1.0,,,,False,,openfootball
2025,Qualifying,Round 1,,2,2025-02-13,CSCyD El Nacional,ECU,El Nacional,CD Blooming,BOL,Blooming,2.0,1.0,mandante,0.0,1.0,4.0,3.0,CSCyD El Nacional,False,,openfootball
2025,Qualifying,Round 2,,1,2025-02-18,CD Iquique,CHI,Iquique,Independiente Santa Fe,COL,Santa Fe,2.0,1.0,mandante,1.0,1.0,,,,False,,openfootball
2025,Qualifying,Round 2,,1,2025-02-18,Club Alianza Lima,PER,Alianza Lima,CA Boca Juniors,ARG,Boca Juniors,1.0,0.0,mandante,1.0,0.0,,,,False,,openfootball
2025,Qualifying,Round 2,,1,2025-02-18,Club The Strongest,BOL,The Strongest,EC Bahia,BRA,Bahia,1.0,1.0,empate,1.0,0.0,,,,False,,openfootball
2025,Qualifying,Round 2,,1,2025-02-19,CA Boston River,URU,Boston River,CD Nublense,CHI,Ñublense,1.0,0.0,mandante,0.0,0.0,,,,False,,openfootball
2025,Qualifying,Round 2,,1,2025-02-19,CSCyD El Nacional,ECU,El Nacional,Barcelona SC,ECU,Barcelona SC,0.0,1.0,visitante,0.0,0.0,,,,False,,openfootball
2025,Qualifying,Round 2,,1,2025-02-19,Universidad Central de Venezuela FC,VEN,Universidad Central (VEN),SC Corinthians Paulista,BRA,Corinthians,1.0,1.0,empate,0.0,1.0,,,,False,,openfootball
2025,Qualifying,Round 2,,1,2025-02-20,Monagas SC,VEN,Monagas,Club Cerro Porteño,PAR,Cerro Porteño,0.0,4.0,visitante,0.0,3.0,,,,False,,openfootball
2025,Qualifying,Round 2,,1,2025-02-20,CD Tolima,COL,Tolima,FBC Melgar,PER,Melgar,0.0,1.0,visitante,0.0,1.0,,,,False,,openfootball
2025,Qualifying,Round 2,,2,2025-02-25,Independiente Santa Fe,COL,Santa Fe,CD Iquique,CHI,Iquique,2.0,1.0,mandante,1.0,1.0,1.0,2.0,CD Iquique,False,,openfootball
2025,Qualifying,Round 2,,2,2025-02-25,CA Boca Juniors,ARG,Boca Juniors,Club Alianza Lima,PER,Alianza Lima,2.0,1.0,mandante,1.0,1.0,4.0,5.0,Club Alianza Lima,False,,openfootball
2025,Qualifying,Round 2,,2,2025-02-25,EC Bahia,BRA,Bahia,Club The Strongest,BOL,The Strongest,3.0,0.0,mandante,1.0,0.0,,,,False,,openfootball
2025,Qualifying,Round 2,,2,2025-02-26,CD Nublense,CHI,Ñublense,CA Boston River,URU,Boston River,1.0,1.0,empate,1.0,0.0,,,,False,,openfootball
2025,Qualifying,Round 2,,2,2025-02-26,Barcelona SC,ECU,Barcelona SC,CSCyD El Nacional,ECU,El Nacional,1.0,1.0,empate,0.0,1.0,,,,False,,openfootball
2025,Qualifying,Round 2,,2,2025-02-26,SC Corinthians Paulista,BRA,Corinthians,Universidad Central de Venezuela FC,VEN,Universidad Central (VEN),3.0,2.0,mandante,2.0,2.0,,,,False,,openfootball
2025,Qualifying,Round 2,,2,2025-02-27,Club Cerro Porteño,PAR,Cerro Porteño,Monagas SC,VEN,Monagas,3.0,1.0,mandante,2.0,1.0,,,,False,,openfootball
2025,Qualifying,Round 2,,2,2025-02-27,FBC Melgar,PER,Melgar,CD Tolima,COL,Tolima,1.0,0.0,mandante,0.0,0.0,,,,False,,openfootball
2025,Qualifying,Round 3,,1,2025-03-04,CD Iquique,CHI,Iquique,Club Alianza Lima,PER,Alianza Lima,1.0,2.0,visitante,0.0,2.0,,,,False,,openfootball
2025,Qualifying,Round 3,,1,2025-03-05,FBC Melgar,PER,Melgar,Club Cerro Porteño,PAR,Cerro Porteño,0.0,1.0,visitante,0.0,1.0,,,,False,,openfootball
2025,Qualifying,Round 3,,1,2025-03-05,Barcelona SC,ECU,Barcelona SC,SC Corinthians Paulista,BRA,Corinthians,3.0,0.0,mandante,1.0,0.0,,,,False,,openfootball
2025,Qualifying,Round 3,,1,2025-03-06,CA Boston River,URU,Boston River,EC Bahia,BRA,Bahia,0.0,0.0,empate,,,,,,False,,openfootball
2025,Qualifying,Round 3,,2,2025-03-11,Club Alianza Lima,PER,Alianza Lima,CD Iquique,CHI,Iquique,1.0,1.0,empate,1.0,0.0,,,,False,,openfootball
2025,Qualifying,Round 3,,2,2025-03-12,Club Cerro Porteño,PAR,Cerro Porteño,FBC Melgar,PER,Melgar,4.0,2.0,mandante,1.0,1.0,,,,False,,openfootball
2025,Qualifying,Round 3,,2,2025-03-12,SC Corinthians Paulista,BRA,Corinthians,Barcelona SC,ECU,Barcelona SC,2.0,0.0,mandante,1.0,0.0,,,,False,,openfootball
2025,Qualifying,Round 3,,2,2025-03-13,EC Bahia,BRA,Bahia,CA Boston River,URU,Boston River,1.0,0.0,mandante,0.0,0.0,,,,False,,openfootball
2025,Group,Matchday 1,A,1,2025-04-01,Carabobo FC,VEN,Carabobo,Estudiantes de La Plata,ARG,Estudiantes,0.0,2.0,visitante,0.0,1.0,,,,False,,openfootball
2025,Group,Matchday 1,B,1,2025-04-01,Club Cerro Porteño,PAR,Cerro Porteño,Club Bolívar,BOL,Bolívar,4.0,2.0,mandante,1.0,1.0,,,,False,,openfootball
2025,Group,Matchday 1,C,1,2025-04-01,CA Bucaramanga,COL,Bucaramanga,CSD Colo-Colo,CHI,Colo-Colo,3.0,3.0,empate,2.0,1.0,,,,False,,openfootball
2025,Group,Matchday 1,C,1,2025-04-01,Fortaleza EC,BRA,Fortaleza,Racing Club,ARG,Racing,0.0,3.0,visitante,0.0,1.0,,,,False,,openfootball
2025,Group,Matchday 1,D,1,2025-04-01,Barcelona SC,ECU,Barcelona SC,CAR Independiente del Valle,ECU,Independiente del Valle,1.0,0.0,mandante,1.0,0.0,,,,False,,openfootball
2025,Group,Matchday 1,E,1,2025-04-01,Club Alianza Lima,PER,Alianza Lima,Club Libertad Asuncion,PAR,Libertad,0.0,1.0,visitante,0.0,0.0,,,,False,,openfootball
2025,Group,Matchday 1,F,1,2025-04-02,San Antonio Bulo Bulo,BOL,San Antonio Bulo Bulo,Olimpia Asuncion,PAR,Olimpia,3.0,2.0,mandante,1.0,0.0,,,,False,,openfootball
2025,Group,Matchday 1,F,1,2025-04-02,CA Vélez Sarsfield,ARG,Vélez Sarsfield,CA Peñarol,URU,Peñarol,2.0,1.0,mandante,0.0,0.0,,,,False,,openfootball
2025,Group,Matchday 1,A,1,2025-04-02,CF Universidad de Chile,CHI,Universidad de Chile,Botafogo FR,BRA,Botafogo,1.0,0.0,mandante,0.0,0.0,,,,False,,openfootball
2025,Group,Matchday 1,D,1,2025-04-02,Club Universitario de Deportes,PER,Universitario,CA River Plate,ARG,River Plate,0.0,1.0,visitante,0.0,1.0,,,,False,,openfootball
2025,Group,Matchday 1,E,1,2025-04-02,CA Talleres,ARG,Talleres,São Paulo FC,BRA,São Paulo,0.0,1.0,visitante,0.0,0.0,,,,False,,openfootball
2025,Group,Matchday 1,G,1,2025-04-02,CDC Atlético Nacional,COL,Atlético Nacional,Club Nacional de Football,URU,Nacional (URU),3.0,0.0,mandante,1.0,0.0,,,,False,,openfootball
2025,Group,Matchday 1,H,1,2025-04-03,CA Central Córdoba,ARG,Central Córdoba,LDU de Quito,ECU,LDU,0.0,0.0,empate,,,,,,False,,openfootball
2025,Group,Matchday 1,G,1,2025-04-03,EC Bahia,BRA,Bahia,SC Internacional,BRA,Internacional,1.0,1.0,empate,0.0,0.0,,,,False,,openfootball
2025,Group,Matchday 1,B,1,2025-04-03,CS Cristal,PER,Sporting Cristal,SE Palmeiras,BRA,Palmeiras,2.0,3.0,visitante,0.0,1.0,,,,False,,openfootball
2025,Group,Matchday 1,H,1,2025-04-03,Deportivo Táchira FC,VEN,Deportivo Táchira,CR Flamengo,BRA,Flamengo,0.0,1.0,visitante,0.0,0.0,,,,False,,openfootball
2025,Group,Matchday 2,A,1,2025-04-08,Botafogo FR,BRA,Botafogo,Carabobo FC,VEN,Carabobo,2.0,0.0,mandante,0.0,0.0,,,,False,,openfootball
2025,Group,Matchday 2,E,1,2025-04-08,Club Libertad Asuncion,PAR,Libertad,CA Talleres,ARG,Talleres,2.0,0.0,mandante,1.0,0.0,,,,False,,openfootball
2025,Group,Matchday 2,F,1,2025-04-08,CA Peñarol,URU,Peñarol,San Antonio Bulo Bulo,BOL,San Antonio Bulo Bulo,2.0,0.0,mandante,0.0,0.0,,,,False,,openfootball
2025,Group,Matchday 2,A,1,2025-04-08,Estudiantes de La Plata,ARG,Estudiantes,CF Universidad de Chile,CHI,Universidad de Chile,1.0,2.0,visitante,1.0,2.0,,,,False,,openfootball
2025,Group,Matchday 2,D,1,2025-04-08,CA River Plate,ARG,River Plate,Barcelona SC,ECU,Barcelona SC,0.0,0.0,empate,,,,,,False,,openfootball
2025,Group,Matchday 2,D,1,2025-04-08,CAR Independiente del Valle,ECU,Independiente del Valle,Club Universitario de Deportes,PER,Universitario,1.0,0.0,mandante,0.0,0.0,,,,False,,openfootball
2025,Group,Matchday 2,G,1,2025-04-09,Club Nacional de Football,URU,Nacional (URU),EC Bahia,BRA,Bahia,0.0,1.0,visitante,0.0,0.0,,,,False,,openfootball
2025,Group,Matchday 2,F,1,2025-04-09,Olimpia Asuncion,PAR,Olimpia,CA Vélez Sarsfield,ARG,Vélez Sarsfield,0.0,4.0,visitante,0.0,1.0,,,,False,,openfootball
2025,Group,Matchday 2,H,1,2025-04-09,CR Flamengo,BRA,Flamengo,CA Central Córdoba,ARG,Central Córdoba,1.0,2.0,visitante,0.0,2.0,,,,False,,openfootball
2025,Group,Matchday 2,B,1,2025-04-09,Club Bolívar,BOL,Bolívar,CS Cristal,PER,Sporting Cristal,3.0,0.0,mandante,2.0,0.0,,,,False,,openfootball
2025,Group,Matchday 2,B,1,2025-04-09,SE Palmeiras,BRA,Palmeiras,Club Cerro Porteño,PAR,Cerro Porteño,1.0,0.0,mandante,1.0,0.0,,,,False,,openfootball
2025,Group,Matchday 2,H,1,2025-04-09,LDU de Quito,ECU,LDU,Deportivo Táchira FC,VEN,Deportivo Táchira,2.0,0.0,mandante,0.0,0.0,,,,False,,openfootball
2025,Group,Matchday 2,C,1,2025-04-10,Racing Club,ARG,Racing,CA Bucaramanga,COL,Bucaramanga,1.0,2.0,visitante,0.0,0.0,,,,False,,openfootball
2025,Group,Matchday 2,G,1,2025-04-10,SC Internacional,BRA,Internacional,CDC Atlético Nacional,COL,Atlético Nacional,3.0,0.0,mandante,0.0,0.0,,,,False,,openfootball
2025,Group,Matchday 2,E,1,2025-04-10,São Paulo FC,BRA,São Paulo,Club Alianza Lima,PER,Alianza Lima,2.0,2.0,empate,2.0,0.0,,,,False,,openfootball
2025,Group,Matchday 3,H,1,2025-04-22,LDU de Quito,ECU,LDU,CR Flamengo,BRA,Flamengo,0.0,0.0,empate,,,,,,False,,openfootball
2025,Group,Matchday 3,E,1,2025-04-22,Club Alianza Lima,PER,Alianza Lima,CA Talleres,ARG,Talleres,3.0,2.0,mandante,1.0,0.0,,,,False,,openfootball
2025,Group,Matchday 3,A,1,2025-04-22,Carabobo FC,VEN,Carabobo,CF Universidad de Chile,CHI,Universidad de Chile,1.0,1.0,empate,1.0,1.0,,,,False,,openfootball
2025,Group,Matchday 3,C,1,2025-04-22,CSD Colo-Colo,CHI,Colo-Colo,Racing Club,ARG,Racing,1.0,1.0,empate,1.0,0.0,,,,False,,openfootball
2025,Group,Matchday 3,G,1,2025-04-22,SC Internacional,BRA,Internacional,Club Nacional de Football,URU,Nacional (URU),3.0,3.0,empate,1.0,3.0,,,,False,,openfootball
2025,Group,Matchday 3,D,1,2025-04-22,Barcelona SC,ECU,Barcelona SC,Club Universitario de Deportes,PER,Universitario,0.0,1.0,visitante,0.0,1.0,,,,False,,openfootball
2025,Group,Matchday 3,F,1,2025-04-23,Olimpia Asuncion,PAR,Olimpia,CA Peñarol,URU,Peñarol,0.0,0.0,empate,,,,,,False,,openfootball
2025,Group,Matchday 3,F,1,2025-04-23,San Antonio Bulo Bulo,BOL,San Antonio Bulo Bulo,CA Vélez Sarsfield,ARG,Vélez Sarsfield,2.0,1.0,mandante,1.0,0.0,,,,False,,openfootball
2025,Group,Matchday 3,A,1,2025-04-23,Estudiantes de La Plata,ARG,Estudiantes,Botafogo FR,BRA,Botafogo,1.0,0.0,mandante,1.0,0.0,,,,False,,openfootball
2025,Group,Matchday 3,D,1,2025-04-23,CAR Independiente del Valle,ECU,Independiente del Valle,CA River Plate,ARG,River Plate,2.0,2.0,empate,2.0,0.0,,,,False,,openfootball
2025,Group,Matchday 3,E,1,2025-04-23,Club Libertad Asuncion,PAR,Libertad,São Paulo FC,BRA,São Paulo,0.0,2.0,visitante,0.0,0.0,,,,False,,openfootball
2025,Group,Matchday 3,C,1,2025-04-23,CA Bucaramanga,COL,Bucaramanga,Fortaleza EC,BRA,Fortaleza,1.0,1.0,empate,0.0,1.0,,,,False,,openfootball
2025,Group,Matchday 3,H,1,2025-04-24,CA Central Córdoba,ARG,Central Córdoba,Deportivo Táchira FC,VEN,Deportivo Táchira,2.0,1.0,mandante,2.0,1.0,,,,False,,openfootball
2025,Group,Matchday 3,B,1,2025-04-24,Club Bolívar,BOL,Bolívar,SE Palmeiras,BRA,Palmeiras,2.0,3.0,visitante,0.0,2.0,,,,False,,openfootball
2025,Group,Matchday 3,G,1,2025-04-24,EC Bahia,BRA,Bahia,CDC Atlético Nacional,COL,Atlético Nacional,1.0,0.0,mandante,0.0,0.0,,,,False,,openfootball
2025,Group,Matchday 3,B,1,2025-04-24,Club Cerro Porteño,PAR,Cerro Porteño,CS Cristal,PER,Sporting Cristal,2.0,2.0,empate,2.0,1.0,,,,False,,openfootball
2025,Group,Matchday 4,A,1,2025-05-06,Carabobo FC,VEN,Carabobo,Botafogo FR,BRA,Botafogo,1.0,2.0,visitante,0.0,1.0,,,,False,,openfootball
2025,Group,Matchday 4,E,1,2025-05-06,Club Alianza Lima,PER,Alianza Lima,São Paulo FC,BRA,São Paulo,0.0,2.0,visitante,0.0,1.0,,,,False,,openfootball
2025,Group,Matchday 4,C,1,2025-05-06,CA Bucaramanga,COL,Bucaramanga,Racing Club,ARG,Racing,0.0,4.0,visitante,0.0,1.0,,,,False,,openfootball
2025,Group,Matchday 4,C,1,2025-05-06,Fortaleza EC,BRA,Fortaleza,CSD Colo-Colo,CHI,Colo-Colo,4.0,0.0,mandante,3.0,0.0,,,,False,,openfootball
2025,Group,Matchday 4,F,1,2025-05-06,San Antonio Bulo Bulo,BOL,San Antonio Bulo Bulo,CA Peñarol,URU,Peñarol,0.0,3.0,visitante,0.0,0.0,,,,False,,openfootball
2025,Group,Matchday 4,H,1,2025-05-07,Deportivo Táchira FC,VEN,Deportivo Táchira,LDU de Quito,ECU,LDU,2.0,3.0,visitante,0.0,2.0,,,,False,,openfootball
2025,Group,Matchday 4,G,1,2025-05-07,EC Bahia,BRA,Bahia,Club Nacional de Football,URU,Nacional (URU),1.0,3.0,visitante,0.0,0.0,,,,False,,openfootball
2025,Group,Matchday 4,A,1,2025-05-07,CF Universidad de Chile,CHI,Universidad de Chile,Estudiantes de La Plata,ARG,Estudiantes,0.0,3.0,visitante,0.0,3.0,,,,False,,openfootball
2025,Group,Matchday 4,H,1,2025-05-07,CA Central Córdoba,ARG,Central Córdoba,CR Flamengo,BRA,Flamengo,1.0,1.0,empate,0.0,1.0,,,,False,,openfootball
2025,Group,Matchday 4,B,1,2025-05-07,Club Cerro Porteño,PAR,Cerro Porteño,SE Palmeiras,BRA,Palmeiras,0.0,2.0,visitante,0.0,1.0,,,,False,,openfootball
2025,Group,Matchday 4,B,1,2025-05-07,CS Cristal,PER,Sporting Cristal,Club Bolívar,BOL,Bolívar,2.0,1.0,mandante,1.0,0.0,,,,False,,openfootball
2025,Group,Matchday 4,E,1,2025-05-08,CA Talleres,ARG,Talleres,Club Libertad Asuncion,PAR,Libertad,0.0,0.0,empate,,,,,,False,,openfootball
2025,Group,Matchday 4,F,1,2025-05-08,CA Vélez Sarsfield,ARG,Vélez Sarsfield,Olimpia Asuncion,PAR,Olimpia,1.0,1.0,empate,1.0,0.0,,,,False,,openfootball
2025,Group,Matchday 4,D,1,2025-05-08,Barcelona SC,ECU,Barcelona SC,CA River Plate,ARG,River Plate,2.0,3.0,visitante,1.0,2.0,,,,False,,openfootball
2025,Group,Matchday 4,G,1,2025-05-08,CDC Atlético Nacional,COL,Atlético Nacional,SC Internacional,BRA,Internacional,3.0,1.0,mandante,1.0,0.0,,,,False,,openfootball
2025,Group,Matchday 4,D,1,2025-05-08,Club Universitario de Deportes,PER,Universitario,CAR Independiente del Valle,ECU,Independiente del Valle,1.0,1.0,empate,1.0,1.0,,,,False,,openfootball
2025,Group,Matchday 5,H,1,2025-05-13,Deportivo Táchira FC,VEN,Deportivo Táchira,CA Central Córdoba,ARG,Central Córdoba,1.0,2.0,visitante,0.0,1.0,,,,False,,openfootball
2025,Group,Matchday 5,A,1,2025-05-13,CF Universidad de Chile,CHI,Universidad de Chile,Carabobo FC,VEN,Carabobo,4.0,0.0,mandante,1.0,0.0,,,,False,,openfootball
2025,Group,Matchday 5,C,1,2025-05-13,Fortaleza EC,BRA,Fortaleza,CA Bucaramanga,COL,Bucaramanga,0.0,0.0,empate,,,,,,False,,openfootball
2025,Group,Matchday 5,B,1,2025-05-13,CS Cristal,PER,Sporting Cristal,Club Cerro Porteño,PAR,Cerro Porteño,0.0,1.0,visitante,0.0,1.0,,,,False,,openfootball
2025,Group,Matchday 5,G,1,2025-05-14,CDC Atlético Nacional,COL,Atlético Nacional,EC Bahia,BRA,Bahia,1.0,0.0,mandante,0.0,0.0,,,,False,,openfootball
2025,Group,Matchday 5,F,1,2025-05-14,CA Peñarol,URU,Peñarol,Olimpia Asuncion,PAR,Olimpia,3.0,2.0,mandante,0.0,2.0,,,,False,,openfootball
2025,Group,Matchday 5,F,1,2025-05-14,CA Vélez Sarsfield,ARG,Vélez Sarsfield,San Antonio Bulo Bulo,BOL,San Antonio Bulo Bulo,3.0,0.0,mandante,0.0,0.0,,,,False,,openfootball
2025,Group,Matchday 5,A,1,2025-05-14,Botafogo FR,BRA,Botafogo,Estudiantes de La Plata,ARG,Estudiantes,3.0,2.0,mandante,1.0,0.0,,,,False,,openfootball
2025,Group,Matchday 5,E,1,2025-05-14,São Paulo FC,BRA,São Paulo,Club Libertad Asuncion,PAR,Libertad,1.0,1.0,empate,0.0,0.0,,,,False,,openfootball
2025,Group,Matchday 5,C,1,2025-05-14,Racing Club,ARG,Racing,CSD Colo-Colo,CHI,Colo-Colo,4.0,0.0,mandante,2.0,0.0,,,,False,,openfootball
2025,Group,Matchday 5,D,1,2025-05-14,Club Universitario de Deportes,PER,Universitario,Barcelona SC,ECU,Barcelona SC,1.0,0.0,mandante,1.0,0.0,,,,False,,openfootball
2025,Group,Matchday 5,E,1,2025-05-15,CA Talleres,ARG,Talleres,Club Alianza Lima,PER,Alianza Lima,2.0,0.0,mandante,2.0,0.0,,,,False,,openfootball
2025,Group,Matchday 5,G,1,2025-05-15,Club Nacional de Football,URU,Nacional (URU),SC Internacional,BRA,Internacional,0.0,2.0,visitante,0.0,1.0,,,,False,,openfootball
2025,Group,Matchday 5,B,1,2025-05-15,SE Palmeiras,BRA,Palmeiras,Club Bolívar,BOL,Bolívar,2.0,0.0,mandante,2.0,0.0,,,,False,,openfootball
2025,Group,Matchday 5,D,1,2025-05-15,CA River Plate,ARG,River Plate,CAR Independiente del Valle,ECU,Independiente del Valle,6.0,2.0,mandante,3.0,2.0,,,,False,,openfootball
2025,Group,Matchday 5,H,1,2025-05-15,CR Flamengo,BRA,Flamengo,LDU de Quito,ECU,LDU,2.0,0.0,mandante,1.0,0.0,,,,False,,openfootball
2025,Group,Matchday 6,E,1,2025-05-27,São Paulo FC,BRA,São Paulo,CA Talleres,ARG,Talleres,2.0,1.0,mandante,1.0,1.0,,,,False,,openfootball
2025,Group,Matchday 6,E,1,2025-05-27,Club Libertad Asuncion,PAR,Libertad,Club Alianza Lima,PER,Alianza Lima,2.0,2.0,empate,1.0,2.0,,,,False,,openfootball
2025,Group,Matchday 6,A,1,2025-05-27,Botafogo FR,BRA,Botafogo,CF Universidad de Chile,CHI,Universidad de Chile,1.0,0.0,mandante,1.0,0.0,,,,False,,openfootball
2025,Group,Matchday 6,A,1,2025-05-27,Estudiantes de La Plata,ARG,Estudiantes,Carabobo FC,VEN,Carabobo,2.0,0.0,mandante,2.0,0.0,,,,False,,openfootball
2025,Group,Matchday 6,D,1,2025-05-27,CA River Plate,ARG,River Plate,Club Universitario de Deportes,PER,Universitario,1.0,1.0,empate,1.0,1.0,,,,False,,openfootball
2025,Group,Matchday 6,D,1,2025-05-27,CAR Independiente del Valle,ECU,Independiente del Valle,Barcelona SC,ECU,Barcelona SC,2.0,1.0,mandante,0.0,1.0,,,,False,,openfootball
2025,Group,Matchday 6,G,1,2025-05-28,Club Nacional de Football,URU,Nacional (URU),CDC Atlético Nacional,COL,Atlético Nacional,1.0,0.0,mandante,0.0,0.0,,,,False,,openfootball
2025,Group,Matchday 6,G,1,2025-05-28,SC Internacional,BRA,Internacional,EC Bahia,BRA,Bahia,2.0,1.0,mandante,0.0,0.0,,,,False,,openfootball
2025,Group,Matchday 6,H,1,2025-05-28,CR Flamengo,BRA,Flamengo,Deportivo Táchira FC,VEN,Deportivo Táchira,1.0,0.0,mandante,0.0,0.0,,,,False,,openfootball
2025,Group,Matchday 6,H,1,2025-05-28,LDU de Quito,ECU,LDU,CA Central Córdoba,ARG,Central Córdoba,3.0,0.0,mandante,2.0,0.0,,,,False,,openfootball
2025,Group,Matchday 6,B,1,2025-05-28,SE Palmeiras,BRA,Palmeiras,CS Cristal,PER,Sporting Cristal,6.0,0.0,mandante,3.0,0.0,,,,False,,openfootball
2025,Group,Matchday 6,B,1,2025-05-28,Club Bolívar,BOL,Bolívar,Club Cerro Porteño,PAR,Cerro Porteño,4.0,0.0,mandante,2.0,0.0,,,,False,,openfootball
2025,Group,Matchday 6,F,1,2025-05-29,CA Peñarol,URU,Peñarol,CA Vélez Sarsfield,ARG,Vélez Sarsfield,0.0,0.0,empate,,,,,,False,,openfootball
2025,Group,Matchday 6,F,1,2025-05-29,Olimpia Asuncion,PAR,Olimpia,San Antonio Bulo Bulo,BOL,San Antonio Bulo Bulo,4.0,0.0,mandante,0.0,0.0,,,,False,,openfootball
2025,Group,Matchday 6,C,1,2025-05-29,Racing Club,ARG,Racing,Fortaleza EC,BRA,Fortaleza,1.0,0.0,mandante,0.0,0.0,,,,False,,openfootball
2025,Group,Matchday 6,C,1,2025-05-29,CSD Colo-Colo,CHI,Colo-Colo,CA Bucaramanga,COL,Bucaramanga,1.0,0.0,mandante,1.0,0.0,,,,False,,openfootball
2025,Finals,Round of 16,,1,2025-08-12,Fortaleza EC,BRA,Fortaleza,CA Vélez Sarsfield,ARG,Vélez Sarsfield,0.0,0.0,empate,,,,,,False,,openfootball
2025,Finals,Round of 16,,1,2025-08-12,CDC Atlético Nacional,COL,Atlético Nacional,São Paulo FC,BRA,São Paulo,0.0,0.0,empate,,,,,,False,,openfootball
2025,Finals,Round of 16,,1,2025-08-12,CA Peñarol,URU,Peñarol,Racing Club,ARG,Racing,1.0,0.0,mandante,0.0,0.0,,,,False,,openfootball
2025,Finals,Round of 16,,1,2025-08-13,Club Cerro Porteño,PAR,Cerro Porteño,Estudiantes de La Plata,ARG,Estudiantes,0.0,1.0,visitante,0.0,0.0,,,,False,,openfootball
2025,Finals,Round of 16,,1,2025-08-13,CR Flamengo,BRA,Flamengo,SC Internacional,BRA,Internacional,1.0,0.0,mandante,1.0,0.0,,,,False,,openfootball
2025,Finals,Round of 16,,1,2025-08-14,Botafogo FR,BRA,Botafogo,LDU de Quito,ECU,LDU,1.0,0.0,mandante,1.0,0.0,,,,False,,openfootball
2025,Finals,Round of 16,,1,2025-08-14,Club Universitario de Deportes,PER,Universitario,SE Palmeiras,BRA,Palmeiras,0.0,4.0,visitante,0.0,3.0,,,,False,,openfootball
2025,Finals,Round of 16,,1,2025-08-14,Club Libertad Asuncion,PAR,Libertad,CA River Plate,ARG,River Plate,0.0,0.0,empate,,,,,,False,,openfootball
2025,Finals,Round of 16,,2,2025-08-19,CA Vélez Sarsfield,ARG,Vélez Sarsfield,Fortaleza EC,BRA,Fortaleza,2.0,0.0,mandante,2.0,0.0,,,,False,,openfootball
2025,Finals,Round of 16,,2,2025-08-19,São Paulo FC,BRA,São Paulo,CDC Atlético Nacional,COL,Atlético Nacional,1.0,1.0,empate,1.0,0.0,4.0,3.0,São Paulo FC,False,,openfootball
2025,Finals,Round of 16,,2,2025-08-19,Racing Club,ARG,Racing,CA Peñarol,URU,Peñarol,3.0,1.0,mandante,1.0,1.0,,,,False,,openfootball
2025,Finals,Round of 16,,2,2025-08-20,Estudiantes de La Plata,ARG,Estudiantes,Club Cerro Porteño,PAR,Cerro Porteño,0.0,0.0,empate,,,,,,False,,openfootball
2025,Finals,Round of 16,,2,2025-08-20,SC Internacional,BRA,Internacional,CR Flamengo,BRA,Flamengo,0.0,2.0,visitante,0.0,1.0,,,,False,,openfootball
2025,Finals,Round of 16,,2,2025-08-21,LDU de Quito,ECU,LDU,Botafogo FR,BRA,Botafogo,2.0,0.0,mandante,1.0,0.0,,,,False,,openfootball
2025,Finals,Round of 16,,2,2025-08-21,SE Palmeiras,BRA,Palmeiras,Club Universitario de Deportes,PER,Universitario,0.0,0.0,empate,,,,,,False,,openfootball
2025,Finals,Round of 16,,2,2025-08-21,CA River Plate,ARG,River Plate,Club Libertad Asuncion,PAR,Libertad,1.0,1.0,empate,1.0,1.0,3.0,1.0,CA River Plate,False,,openfootball
2025,Finals,Quarterfinals,,1,2025-09-16,CA Vélez Sarsfield,ARG,Vélez Sarsfield,Racing Club,ARG,Racing,0.0,1.0,visitante,0.0,0.0,,,,False,,openfootball
2025,Finals,Quarterfinals,,1,2025-09-17,CA River Plate,ARG,River Plate,SE Palmeiras,BRA,Palmeiras,1.0,2.0,visitante,0.0,2.0,,,,False,,openfootball
2025,Finals,Quarterfinals,,1,2025-09-18,LDU de Quito,ECU,LDU,São Paulo FC,BRA,São Paulo,2.0,0.0,mandante,1.0,0.0,,,,False,,openfootball
2025,Finals,Quarterfinals,,1,2025-09-18,CR Flamengo,BRA,Flamengo,Estudiantes de La Plata,ARG,Estudiantes,2.0,1.0,mandante,2.0,0.0,,,,False,,openfootball
2025,Finals,Quarterfinals,,2,2025-09-23,Racing Club,ARG,Racing,CA Vélez Sarsfield,ARG,Vélez Sarsfield,1.0,0.0,mandante,0.0,0.0,,,,False,,openfootball
2025,Finals,Quarterfinals,,2,2025-09-24,SE Palmeiras,BRA,Palmeiras,CA River Plate,ARG,River Plate,3.0,1.0,mandante,0.0,1.0,,,,False,,openfootball
2025,Finals,Quarterfinals,,2,2025-09-25,São Paulo FC,BRA,São Paulo,LDU de Quito,ECU,LDU,0.0,1.0,visitante,0.0,1.0,,,,False,,openfootball
2025,Finals,Quarterfinals,,2,2025-09-25,Estudiantes de La Plata,ARG,Estudiantes,CR Flamengo,BRA,Flamengo,1.0,0.0,mandante,1.0,0.0,2.0,4.0,CR Flamengo,False,,openfootball
2025,Finals,Semifinals,,1,2025-10-22,CR Flamengo,BRA,Flamengo,Racing Club,ARG,Racing,1.0,0.0,mandante,0.0,0.0,,,,False,,openfootball
2025,Finals,Semifinals,,1,2025-10-23,LDU de Quito,ECU,LDU,SE Palmeiras,BRA,Palmeiras,3.0,0.0,mandante,3.0,0.0,,,,False,,openfootball
2025,Finals,Semifinals,,2,2025-10-29,Racing Club,ARG,Racing,CR Flamengo,BRA,Flamengo,0.0,0.0,empate,,,,,,False,,openfootball
2025,Finals,Semifinals,,2,2025-10-30,SE Palmeiras,BRA,Palmeiras,LDU de Quito,ECU,LDU,4.0,0.0,mandante,2.0,0.0,,,,False,,openfootball
2025,Finals,Final,,1,2025-11-29,SE Palmeiras,BRA,Palmeiras,CR Flamengo,BRA,Flamengo,0.0,1.0,visitante,0.0,0.0,,,,False,,openfootball
2026,Qualifying,Round 1,,1,2026-02-03,Club The Strongest,BOL,The Strongest,Deportivo Táchira FC,VEN,Deportivo Táchira,2.0,1.0,mandante,0.0,0.0,,,,False,,openfootball
2026,Qualifying,Round 1,,1,2026-02-04,2 de Mayo,PAR,2 de Mayo,Club Alianza Lima,PER,Alianza Lima,1.0,0.0,mandante,0.0,0.0,,,,False,,openfootball
2026,Qualifying,Round 1,,1,2026-02-05,Juventud de Las Piedras,URU,Juventud (URU),Universidad Catolica,ECU,Universidad Católica,0.0,1.0,visitante,0.0,0.0,,,,False,,openfootball
2026,Qualifying,Round 1,,2,2026-02-10,Deportivo Táchira FC,VEN,Deportivo Táchira,Club The Strongest,BOL,The Strongest,1.0,0.0,mandante,1.0,0.0,5.0,3.0,Deportivo Táchira FC,False,,openfootball
2026,Qualifying,Round 1,,2,2026-02-11,Club Alianza Lima,PER,Alianza Lima,2 de Mayo,PAR,2 de Mayo,1.0,1.0,empate,0.0,0.0,,,,False,,openfootball
2026,Qualifying,Round 1,,2,2026-02-12,Universidad Catolica,ECU,Universidad Católica,Juventud de Las Piedras,URU,Juventud (URU),3.0,4.0,visitante,1.0,2.0,3.0,4.0,Juventud de Las Piedras,False,,openfootball
2026,Qualifying,Round 2,,1,2026-02-17,Carabobo FC,VEN,Carabobo,CD Huachipato,CHI,Huachipato,1.0,0.0,mandante,1.0,0.0,,,,False,,openfootball
2026,Qualifying,Round 2,,1,2026-02-17,Liverpool FC,URU,Liverpool (URU),CD Independiente Medellín,COL,Independiente Medellín,1.0,2.0,visitante,0.0,0.0,,,,False,,openfootball
2026,Qualifying,Round 2,,1,2026-02-17,2 de Mayo,PAR,2 de Mayo,CS Cristal,PER,Sporting Cristal,2.0,2.0,empate,0.0,0.0,,,,False,,openfootball
2026,Qualifying,Round 2,,1,2026-02-18,O'Higgins FC,CHI,O'Higgins,EC Bahia,BRA,Bahia,1.0,0.0,mandante,1.0,0.0,,,,False,,openfootball
2026,Qualifying,Round 2,,1,2026-02-18,Barcelona SC,ECU,Barcelona SC,AA Argentinos Juniors,ARG,Argentinos Juniors,0.0,1.0,visitante,0.0,0.0,,,,False,,openfootball
2026,Qualifying,Round 2,,1,2026-02-18,Club Nacional Potosí,BOL,Nacional Potosí,Botafogo FR,BRA,Botafogo,1.0,0.0,mandante,0.0,0.0,,,,False,,openfootball
2026,Qualifying,Round 2,,1,2026-02-19,Juventud de Las Piedras,URU,Juventud (URU),Club Guaraní,PAR,Guaraní,0.0,0.0,empate,,,,,,False,,openfootball
2026,Qualifying,Round 2,,1,2026-02-19,Deportivo Táchira FC,VEN,Deportivo Táchira,CD Tolima,COL,Tolima,0.0,1.0,visitante,0.0,0.0,,,,False,,openfootball
2026,Qualifying,Round 2,,2,2026-02-24,CD Huachipato,CHI,Huachipato,Carabobo FC,VEN,Carabobo,1.0,2.0,visitante,0.0,2.0,,,,False,,openfootball
2026,Qualifying,Round 2,,2,2026-02-24,CS Cristal,PER,Sporting Cristal,2 de Mayo,PAR,2 de Mayo,0.0,0.0,empate,,,5.0,4.0,CS Cristal,False,,openfootball
2026,Qualifying,Round 2,,2,2026-02-24,CD Independiente Medellín,COL,Independiente Medellín,Liverpool FC,URU,Liverpool (URU),0.0,0.0,empate,,,,,,False,,openfootball
2026,Qualifying,Round 2,,2,2026-02-25,EC Bahia,BRA,Bahia,O'Higgins FC,CHI,O'Higgins,2.0,1.0,mandante,2.0,0.0,3.0,4.0,O'Higgins FC,False,,openfootball
2026,Qualifying,Round 2,,2,2026-02-25,AA Argentinos Juniors,ARG,Argentinos Juniors,Barcelona SC,ECU,Barcelona SC,0.0,1.0,visitante,0.0,0.0,4.0,5.0,Barcelona SC,False,,openfootball
2026,Qualifying,Round 2,,2,2026-02-25,Botafogo FR,BRA,Botafogo,Club Nacional Potosí,BOL,Nacional Potosí,2.0,0.0,mandante,2.0,0.0,,,,False,,openfootball
2026,Qualifying,Round 2,,2,2026-02-26,Club Guaraní,PAR,Guaraní,Juventud de Las Piedras,URU,Juventud (URU),1.0,2.0,visitante,0.0,0.0,,,,False,,openfootball
2026,Qualifying,Round 2,,2,2026-02-26,CD Tolima,COL,Tolima,Deportivo Táchira FC,VEN,Deportivo Táchira,0.0,1.0,visitante,0.0,0.0,3.0,0.0,CD Tolima,False,,openfootball
2026,Qualifying,Round 3,,1,2026-03-03,Barcelona SC,ECU,Barcelona SC,Botafogo FR,BRA,Botafogo,1.0,1.0,empate,1.0,0.0,,,,False,,openfootball
2026,Qualifying,Round 3,,1,2026-03-04,Carabobo FC,VEN,Carabobo,CS Cristal,PER,Sporting Cristal,0.0,1.0,visitante,0.0,1.0,,,,False,,openfootball
2026,Qualifying,Round 3,,1,2026-03-04,O'Higgins FC,CHI,O'Higgins,CD Tolima,COL,Tolima,1.0,0.0,mandante,1.0,0.0,,,,False,,openfootball
2026,Qualifying,Round 3,,1,2026-03-05,Juventud de Las Piedras,URU,Juventud (URU),CD Independiente Medellín,COL,Independiente Medellín,1.0,1.0,empate,0.0,1.0,,,,False,,openfootball
2026,Qualifying,Round 3,,2,2026-03-10,Botafogo FR,BRA,Botafogo,Barcelona SC,ECU,Barcelona SC,0.0,1.0,visitante,0.0,1.0,,,,False,,openfootball
2026,Qualifying,Round 3,,2,2026-03-11,CS Cristal,PER,Sporting Cristal,Carabobo FC,VEN,Carabobo,1.0,2.0,visitante,0.0,2.0,3.0,2.0,CS Cristal,False,,openfootball
2026,Qualifying,Round 3,,2,2026-03-11,CD Tolima,COL,Tolima,O'Higgins FC,CHI,O'Higgins,2.0,0.0,mandante,1.0,0.0,,,,False,,openfootball
2026,Qualifying,Round 3,,2,2026-03-12,CD Independiente Medellín,COL,Independiente Medellín,Juventud de Las Piedras,URU,Juventud (URU),2.0,1.0,mandante,1.0,1.0,,,,False,,openfootball
2026,Group,Matchday 1,A,1,2026-04-07,CS Independiente Rivadavia,ARG,Independiente Rivadavia,Club Bolívar,BOL,Bolívar,1.0,0.0,mandante,1.0,0.0,,,,False,,openfootball
2026,Group,Matchday 1,A,1,2026-04-07,Deportivo La Guaira FC,VEN,Deportivo La Guaira,Fluminense FC,BRA,Fluminense,0.0,0.0,empate,,,,,,False,,openfootball
2026,Group,Matchday 1,B,1,2026-04-07,Barcelona SC,ECU,Barcelona SC,Cruzeiro EC,BRA,Cruzeiro,0.0,1.0,visitante,0.0,0.0,,,,False,,openfootball
2026,Group,Matchday 1,C,1,2026-04-07,Club Always Ready,BOL,Always Ready,LDU de Quito,ECU,LDU,0.0,1.0,visitante,0.0,0.0,,,,False,,openfootball
2026,Group,Matchday 1,B,1,2026-04-07,CD Universidad Católica,CHI,Universidad Católica,CA Boca Juniors,ARG,Boca Juniors,1.0,2.0,visitante,0.0,1.0,,,,False,,openfootball
2026,Group,Matchday 1,D,1,2026-04-07,CD Tolima,COL,Tolima,Club Universitario de Deportes,PER,Universitario,0.0,0.0,empate,,,,,,False,,openfootball
2026,Group,Matchday 1,D,1,2026-04-08,CD Coquimbo Unido,CHI,Coquimbo Unido,Club Nacional de Football,URU,Nacional (URU),1.0,1.0,empate,0.0,1.0,,,,False,,openfootball
2026,Group,Matchday 1,C,1,2026-04-08,Mirassol FC,BRA,Mirassol,CA Lanús,ARG,Lanús,1.0,0.0,mandante,0.0,0.0,,,,False,,openfootball
2026,Group,Matchday 1,E,1,2026-04-08,CD Independiente Medellín,COL,Independiente Medellín,Estudiantes de La Plata,ARG,Estudiantes,1.0,1.0,empate,0.0,1.0,,,,False,,openfootball
2026,Group,Matchday 1,E,1,2026-04-08,Cusco FC,PER,Cusco FC,CR Flamengo,BRA,Flamengo,0.0,2.0,visitante,0.0,0.0,,,,False,,openfootball
2026,Group,Matchday 1,F,1,2026-04-08,CDP Junior FC,COL,Junior,SE Palmeiras,BRA,Palmeiras,1.0,1.0,empate,1.0,0.0,,,,False,,openfootball
2026,Group,Matchday 1,F,1,2026-04-08,CS Cristal,PER,Sporting Cristal,Club Cerro Porteño,PAR,Cerro Porteño,1.0,0.0,mandante,0.0,0.0,,,,False,,openfootball
2026,Group,Matchday 1,G,1,2026-04-09,Universidad Central de Venezuela FC,VEN,Universidad Central (VEN),Club Libertad Asuncion,PAR,Libertad,3.0,1.0,mandante,1.0,0.0,,,,False,,openfootball
2026,Group,Matchday 1,G,1,2026-04-09,CA Rosario Central,ARG,Rosario Central,CAR Independiente del Valle,ECU,Independiente del Valle,0.0,0.0,empate,,,,,,False,,openfootball
2026,Group,Matchday 1,H,1,2026-04-09,CA Platense,ARG,Platense,SC Corinthians Paulista,BRA,Corinthians,0.0,2.0,visitante,0.0,0.0,,,,False,,openfootball
2026,Group,Matchday 1,H,1,2026-04-09,Independiente Santa Fe,COL,Santa Fe,CA Peñarol,URU,Peñarol,1.0,1.0,empate,1.0,0.0,,,,False,,openfootball
2026,Group,Matchday 2,E,1,2026-04-14,Estudiantes de La Plata,ARG,Estudiantes,Cusco FC,PER,Cusco FC,2.0,1.0,mandante,1.0,1.0,,,,False,,openfootball
2026,Group,Matchday 2,D,1,2026-04-14,Club Nacional de Football,URU,Nacional (URU),CD Tolima,COL,Tolima,3.0,1.0,mandante,0.0,0.0,,,,False,,openfootball
2026,Group,Matchday 2,F,1,2026-04-14,Club Cerro Porteño,PAR,Cerro Porteño,CDP Junior FC,COL,Junior,1.0,0.0,mandante,0.0,0.0,,,,False,,openfootball
2026,Group,Matchday 2,A,1,2026-04-14,Club Bolívar,BOL,Bolívar,Deportivo La Guaira FC,VEN,Deportivo La Guaira,1.0,1.0,empate,0.0,1.0,,,,False,,openfootball
2026,Group,Matchday 2,B,1,2026-04-14,CA Boca Juniors,ARG,Boca Juniors,Barcelona SC,ECU,Barcelona SC,3.0,0.0,mandante,1.0,0.0,,,,False,,openfootball
2026,Group,Matchday 2,D,1,2026-04-14,Club Universitario de Deportes,PER,Universitario,CD Coquimbo Unido,CHI,Coquimbo Unido,0.0,2.0,visitante,0.0,1.0,,,,False,,openfootball
2026,Group,Matchday 2,C,1,2026-04-14,LDU de Quito,ECU,LDU,Mirassol FC,BRA,Mirassol,2.0,0.0,mandante,2.0,0.0,,,,False,,openfootball
2026,Group,Matchday 2,B,1,2026-04-15,Cruzeiro EC,BRA,Cruzeiro,CD Universidad Católica,CHI,Universidad Católica,1.0,2.0,visitante,0.0,1.0,,,,False,,openfootball
2026,Group,Matchday 2,G,1,2026-04-15,Club Libertad Asuncion,PAR,Libertad,CA Rosario Central,ARG,Rosario Central,0.0,1.0,visitante,0.0,0.0,,,,False,,openfootball
2026,Group,Matchday 2,A,1,2026-04-15,Fluminense FC,BRA,Fluminense,CS Independiente Rivadavia,ARG,Independiente Rivadavia,1.0,2.0,visitante,1.0,1.0,,,,False,,openfootball
2026,Group,Matchday 2,H,1,2026-04-15,SC Corinthians Paulista,BRA,Corinthians,Independiente Santa Fe,COL,Santa Fe,2.0,0.0,mandante,0.0,0.0,,,,False,,openfootball
2026,Group,Matchday 2,G,1,2026-04-15,CAR Independiente del Valle,ECU,Independiente del Valle,Universidad Central de Venezuela FC,VEN,Universidad Central (VEN),3.0,1.0,mandante,2.0,1.0,,,,False,,openfootball
2026,Group,Matchday 2,F,1,2026-04-16,SE Palmeiras,BRA,Palmeiras,CS Cristal,PER,Sporting Cristal,2.0,1.0,mandante,1.0,1.0,,,,False,,openfootball
2026,Group,Matchday 2,C,1,2026-04-16,CA Lanús,ARG,Lanús,Club Always Ready,BOL,Always Ready,1.0,0.0,mandante,0.0,0.0,,,,False,,openfootball
2026,Group,Matchday 2,E,1,2026-04-16,CR Flamengo,BRA,Flamengo,CD Independiente Medellín,COL,Independiente Medellín,4.0,1.0,mandante,2.0,1.0,,,,False,,openfootball
2026,Group,Matchday 2,H,1,2026-04-16,CA Peñarol,URU,Peñarol,CA Platense,ARG,Platense,1.0,2.0,visitante,0.0,1.0,,,,False,,openfootball
2026,Group,Matchday 3,C,1,2026-04-28,CA Lanús,ARG,Lanús,LDU de Quito,ECU,LDU,1.0,0.0,mandante,0.0,0.0,,,,False,,openfootball
2026,Group,Matchday 3,G,1,2026-04-28,Club Libertad Asuncion,PAR,Libertad,CAR Independiente del Valle,ECU,Independiente del Valle,2.0,3.0,visitante,1.0,1.0,,,,False,,openfootball
2026,Group,Matchday 3,G,1,2026-04-28,Universidad Central de Venezuela FC,VEN,Universidad Central (VEN),CA Rosario Central,ARG,Rosario Central,0.0,3.0,visitante,0.0,1.0,,,,False,,openfootball
2026,Group,Matchday 3,B,1,2026-04-28,Cruzeiro EC,BRA,Cruzeiro,CA Boca Juniors,ARG,Boca Juniors,1.0,0.0,mandante,0.0,0.0,,,,False,,openfootball
2026,Group,Matchday 3,D,1,2026-04-28,CD Tolima,COL,Tolima,CD Coquimbo Unido,CHI,Coquimbo Unido,3.0,0.0,mandante,0.0,0.0,,,,False,,openfootball
2026,Group,Matchday 3,F,1,2026-04-28,CS Cristal,PER,Sporting Cristal,CDP Junior FC,COL,Junior,2.0,0.0,mandante,0.0,0.0,,,,False,,openfootball
2026,Group,Matchday 3,H,1,2026-04-29,CA Platense,ARG,Platense,Independiente Santa Fe,COL,Santa Fe,2.0,1.0,mandante,0.0,0.0,,,,False,,openfootball
2026,Group,Matchday 3,C,1,2026-04-29,Mirassol FC,BRA,Mirassol,Club Always Ready,BOL,Always Ready,2.0,0.0,mandante,1.0,0.0,,,,False,,openfootball
2026,Group,Matchday 3,B,1,2026-04-29,Barcelona SC,ECU,Barcelona SC,CD Universidad Católica,CHI,Universidad Católica,1.0,2.0,visitante,0.0,2.0,,,,False,,openfootball
2026,Group,Matchday 3,E,1,2026-04-29,Estudiantes de La Plata,ARG,Estudiantes,CR Flamengo,BRA,Flamengo,1.0,1.0,empate,0.0,1.0,,,,False,,openfootball
2026,Group,Matchday 3,F,1,2026-04-29,Club Cerro Porteño,PAR,Cerro Porteño,SE Palmeiras,BRA,Palmeiras,1.0,1.0,empate,0.0,1.0,,,,False,,openfootball
2026,Group,Matchday 3,D,1,2026-04-29,Club Universitario de Deportes,PER,Universitario,Club Nacional de Football,URU,Nacional (URU),4.0,2.0,mandante,1.0,1.0,,,,False,,openfootball
2026,Group,Matchday 3,A,1,2026-04-30,Club Bolívar,BOL,Bolívar,Fluminense FC,BRA,Fluminense,2.0,0.0,mandante,1.0,0.0,,,,False,,openfootball
2026,Group,Matchday 3,A,1,2026-04-30,CS Independiente Rivadavia,ARG,Independiente Rivadavia,Deportivo La Guaira FC,VEN,Deportivo La Guaira,4.0,1.0,mandante,3.0,1.0,,,,False,,openfootball
2026,Group,Matchday 3,H,1,2026-04-30,SC Corinthians Paulista,BRA,Corinthians,CA Peñarol,URU,Peñarol,2.0,0.0,mandante,2.0,0.0,,,,False,,openfootball
2026,Group,Matchday 3,E,1,2026-04-30,CD Independiente Medellín,COL,Independiente Medellín,Cusco FC,PER,Cusco FC,1.0,0.0,mandante,0.0,0.0,,,,False,,openfootball
2026,Group,Matchday 4,F,1,2026-05-05,CS Cristal,PER,Sporting Cristal,SE Palmeiras,BRA,Palmeiras,0.0,2.0,visitante,0.0,1.0,,,,False,,openfootball
2026,Group,Matchday 4,G,1,2026-05-05,CA Rosario Central,ARG,Rosario Central,Club Libertad Asuncion,PAR,Libertad,1.0,0.0,mandante,0.0,0.0,,,,False,,openfootball
2026,Group,Matchday 4,B,1,2026-05-05,Barcelona SC,ECU,Barcelona SC,CA Boca Juniors,ARG,Boca Juniors,1.0,0.0,mandante,0.0,0.0,,,,False,,openfootball
2026,Group,Matchday 4,G,1,2026-05-05,Universidad Central de Venezuela FC,VEN,Universidad Central (VEN),CAR Independiente del Valle,ECU,Independiente del Valle,2.0,0.0,mandante,0.0,0.0,,,,False,,openfootball
2026,Group,Matchday 4,C,1,2026-05-05,Club Always Ready,BOL,Always Ready,CA Lanús,ARG,Lanús,4.0,0.0,mandante,2.0,0.0,,,,False,,openfootball
2026,Group,Matchday 4,E,1,2026-05-06,Cusco FC,PER,Cusco FC,Estudiantes de La Plata,ARG,Estudiantes,1.0,1.0,empate,1.0,0.0,,,,False,,openfootball
2026,Group,Matchday 4,A,1,2026-05-06,Deportivo La Guaira FC,VEN,Deportivo La Guaira,Club Bolívar,BOL,Bolívar,1.0,1.0,empate,1.0,0.0,,,,False,,openfootball
2026,Group,Matchday 4,A,1,2026-05-06,CS Independiente Rivadavia,ARG,Independiente Rivadavia,Fluminense FC,BRA,Fluminense,1.0,1.0,empate,0.0,0.0,,,,False,,openfootball
2026,Group,Matchday 4,H,1,2026-05-06,Independiente Santa Fe,COL,Santa Fe,SC Corinthians Paulista,BRA,Corinthians,1.0,1.0,empate,0.0,0.0,,,,False,,openfootball
2026,Group,Matchday 4,D,1,2026-05-06,CD Tolima,COL,Tolima,Club Nacional de Football,URU,Nacional (URU),3.0,0.0,mandante,1.0,0.0,,,,False,,openfootball
2026,Group,Matchday 4,B,1,2026-05-06,CD Universidad Católica,CHI,Universidad Católica,Cruzeiro EC,BRA,Cruzeiro,0.0,0.0,empate,,,,,,False,,openfootball
2026,Group,Matchday 4,H,1,2026-05-07,CA Platense,ARG,Platense,CA Peñarol,URU,Peñarol,1.0,1.0,empate,1.0,1.0,,,,False,,openfootball
2026,Group,Matchday 4,C,1,2026-05-07,Mirassol FC,BRA,Mirassol,LDU de Quito,ECU,LDU,2.0,0.0,mandante,0.0,0.0,,,,False,,openfootball
2026,Group,Matchday 4,D,1,2026-05-07,CD Coquimbo Unido,CHI,Coquimbo Unido,Club Universitario de Deportes,PER,Universitario,2.0,1.0,mandante,0.0,1.0,,,,False,,openfootball
2026,Group,Matchday 4,F,1,2026-05-07,CDP Junior FC,COL,Junior,Club Cerro Porteño,PAR,Cerro Porteño,0.0,1.0,visitante,0.0,1.0,,,,False,,openfootball
2026,Group,Matchday 5,D,1,2026-05-19,CD Coquimbo Unido,CHI,Coquimbo Unido,CD Tolima,COL,Tolima,3.0,0.0,mandante,2.0,0.0,,,,False,,openfootball
2026,Group,Matchday 5,A,1,2026-05-19,Fluminense FC,BRA,Fluminense,Club Bolívar,BOL,Bolívar,2.0,1.0,mandante,1.0,1.0,,,,False,,openfootball
2026,Group,Matchday 5,G,1,2026-05-19,CA Rosario Central,ARG,Rosario Central,Universidad Central de Venezuela FC,VEN,Universidad Central (VEN),4.0,1.0,mandante,2.0,0.0,,,,False,,openfootball
2026,Group,Matchday 5,H,1,2026-05-19,Independiente Santa Fe,COL,Santa Fe,CA Platense,ARG,Platense,2.0,1.0,mandante,0.0,0.0,,,,False,,openfootball
2026,Group,Matchday 5,C,1,2026-05-19,Club Always Ready,BOL,Always Ready,Mirassol FC,BRA,Mirassol,1.0,2.0,visitante,0.0,1.0,,,,False,,openfootball
2026,Group,Matchday 5,B,1,2026-05-19,CA Boca Juniors,ARG,Boca Juniors,Cruzeiro EC,BRA,Cruzeiro,1.0,1.0,empate,1.0,0.0,,,,False,,openfootball
2026,Group,Matchday 5,G,1,2026-05-19,CAR Independiente del Valle,ECU,Independiente del Valle,Club Libertad Asuncion,PAR,Libertad,4.0,1.0,mandante,2.0,1.0,,,,False,,openfootball
2026,Group,Matchday 5,D,1,2026-05-20,Club Nacional de Football,URU,Nacional (URU),Club Universitario de Deportes,PER,Universitario,0.0,0.0,empate,,,,,,False,,openfootball
2026,Group,Matchday 5,E,1,2026-05-20,CR Flamengo,BRA,Flamengo,Estudiantes de La Plata,ARG,Estudiantes,1.0,0.0,mandante,0.0,0.0,,,,False,,openfootball
2026,Group,Matchday 5,F,1,2026-05-20,SE Palmeiras,BRA,Palmeiras,Club Cerro Porteño,PAR,Cerro Porteño,0.0,1.0,visitante,0.0,0.0,,,,False,,openfootball
2026,Group,Matchday 5,C,1,2026-05-20,LDU de Quito,ECU,LDU,CA Lanús,ARG,Lanús,2.0,0.0,mandante,0.0,0.0,,,,False,,openfootball
2026,Group,Matchday 5,E,1,2026-05-20,Cusco FC,PER,Cusco FC,CD Independiente Medellín,COL,Independiente Medellín,2.0,3.0,visitante,0.0,1.0,,,,False,,openfootball
2026,Group,Matchday 5,F,1,2026-05-20,CDP Junior FC,COL,Junior,CS Cristal,PER,Sporting Cristal,3.0,2.0,mandante,3.0,1.0,,,,False,,openfootball
2026,Group,Matchday 5,A,1,2026-05-21,Deportivo La Guaira FC,VEN,Deportivo La Guaira,CS Independiente Rivadavia,ARG,Independiente Rivadavia,2.0,4.0,visitante,1.0,2.0,,,,False,,openfootball
2026,Group,Matchday 5,B,1,2026-05-21,CD Universidad Católica,CHI,Universidad Católica,Barcelona SC,ECU,Barcelona SC,2.0,0.0,mandante,0.0,0.0,,,,False,,openfootball
2026,Group,Matchday 5,H,1,2026-05-21,CA Peñarol,URU,Peñarol,SC Corinthians Paulista,BRA,Corinthians,1.0,1.0,empate,1.0,0.0,,,,False,,openfootball
2026,Group,Matchday 6,C,1,2026-05-26,CA Lanús,ARG,Lanús,Mirassol FC,BRA,Mirassol,1.0,0.0,mandante,1.0,0.0,,,,False,,openfootball
2026,Group,Matchday 6,C,1,2026-05-26,LDU de Quito,ECU,LDU,Club Always Ready,BOL,Always Ready,3.0,2.0,mandante,1.0,2.0,,,,False,,openfootball
2026,Group,Matchday 6,E,1,2026-05-26,Estudiantes de La Plata,ARG,Estudiantes,CD Independiente Medellín,COL,Independiente Medellín,1.0,0.0,mandante,0.0,0.0,,,,False,,openfootball
2026,Group,Matchday 6,E,1,2026-05-26,CR Flamengo,BRA,Flamengo,Cusco FC,PER,Cusco FC,3.0,0.0,mandante,0.0,0.0,,,,False,,openfootball
2026,Group,Matchday 6,D,1,2026-05-26,Club Universitario de Deportes,PER,Universitario,CD Tolima,COL,Tolima,0.0,0.0,empate,,,,,,False,,openfootball
2026,Group,Matchday 6,D,1,2026-05-26,Club Nacional de Football,URU,Nacional (URU),CD Coquimbo Unido,CHI,Coquimbo Unido,1.0,0.0,mandante,1.0,0.0,,,,False,,openfootball
2026,Group,Matchday 6,G,1,2026-05-27,Club Libertad Asuncion,PAR,Libertad,Universidad Central de Venezuela FC,VEN,Universidad Central (VEN),0.0,1.0,visitante,0.0,0.0,,,,False,,openfootball
2026,Group,Matchday 6,G,1,2026-05-27,CAR Independiente del Valle,ECU,Independiente del Valle,CA Rosario Central,ARG,Rosario Central,1.0,0.0,mandante,0.0,0.0,,,,False,,openfootball
2026,Group,Matchday 6,A,1,2026-05-27,Club Bolívar,BOL,Bolívar,CS Independiente Rivadavia,ARG,Independiente Rivadavia,1.0,3.0,visitante,0.0,1.0,,,,False,,openfootball
2026,Group,Matchday 6,A,1,2026-05-27,Fluminense FC,BRA,Fluminense,Deportivo La Guaira FC,VEN,Deportivo La Guaira,3.0,1.0,mandante,2.0,1.0,,,,False,,openfootball
2026,Group,Matchday 6,H,1,2026-05-27,SC Corinthians Paulista,BRA,Corinthians,CA Platense,ARG,Platense,0.0,2.0,visitante,0.0,1.0,,,,False,,openfootball
2026,Group,Matchday 6,H,1,2026-05-27,CA Peñarol,URU,Peñarol,Independiente Santa Fe,COL,Santa Fe,0.0,1.0,visitante,0.0,1.0,,,,False,,openfootball
2026,Group,Matchday 6,F,1,2026-05-28,Club Cerro Porteño,PAR,Cerro Porteño,CS Cristal,PER,Sporting Cristal,2.0,0.0,mandante,0.0,0.0,,,,False,,openfootball
2026,Group,Matchday 6,F,1,2026-05-28,SE Palmeiras,BRA,Palmeiras,CDP Junior FC,COL,Junior,4.0,1.0,mandante,3.0,1.0,,,,False,,openfootball
2026,Group,Matchday 6,B,1,2026-05-28,Cruzeiro EC,BRA,Cruzeiro,Barcelona SC,ECU,Barcelona SC,4.0,0.0,mandante,1.0,0.0,,,,False,,openfootball
2026,Group,Matchday 6,B,1,2026-05-28,CA Boca Juniors,ARG,Boca Juniors,CD Universidad Católica,CHI,Universidad Católica,0.0,1.0,visitante,0.0,1.0,,,,False,,openfootball
2026,Playoffs,Matchday 1,,1,2026-08-11,Fluminense FC,BRA,Fluminense,CS Independiente Rivadavia,ARG,Independiente Rivadavia,0.0,0.0,empate,,,,,,False,,espn
2026,Playoffs,Matchday 1,,1,2026-08-11,Estudiantes de La Plata,ARG,Estudiantes,CD Universidad Católica,CHI,Universidad Católica,1.0,1.0,empate,,,,,,False,,espn
2026,Playoffs,Matchday 1,,1,2026-08-12,CA Platense,ARG,Platense,CD Coquimbo Unido,CHI,Coquimbo Unido,1.0,1.0,empate,,,,,,False,,espn
2026,Playoffs,Matchday 1,,1,2026-08-12,SE Palmeiras,BRA,Palmeiras,Club Cerro Porteño,PAR,Cerro Porteño,1.0,1.0,empate,,,,,,False,,espn
2026,Playoffs,Matchday 1,,1,2026-08-12,Cruzeiro EC,BRA,Cruzeiro,CR Flamengo,BRA,Flamengo,1.0,1.0,empate,,,,,,False,,espn
2026,Playoffs,Matchday 1,,1,2026-08-13,Mirassol FC,BRA,Mirassol,LDU de Quito,ECU,LDU,1.0,1.0,empate,,,,,,False,,espn
2026,Playoffs,Matchday 1,,1,2026-08-13,CA Rosario Central,ARG,Rosario Central,SC Corinthians Paulista,BRA,Corinthians,0.0,0.0,empate,,,,,,False,,espn
2026,Playoffs,Matchday 1,,2,2026-08-18,CS Independiente Rivadavia,ARG,Independiente Rivadavia,Fluminense FC,BRA,Fluminense,1.0,1.0,empate,,,4.0,5.0,Fluminense FC,True,,fbref
2026,Playoffs,Matchday 1,,2,2026-08-18,CD Universidad Católica,CHI,Universidad Católica,Estudiantes de La Plata,ARG,Estudiantes,0.0,3.0,visitante,,,,,,False,,fbref
2026,Playoffs,Matchday 1,,2,2026-08-19,Club Cerro Porteño,PAR,Cerro Porteño,SE Palmeiras,BRA,Palmeiras,0.0,1.0,visitante,,,,,,False,,fbref
2026,Playoffs,Matchday 1,,2,2026-08-19,CD Coquimbo Unido,CHI,Coquimbo Unido,CA Platense,ARG,Platense,0.0,0.0,empate,,,6.0,7.0,CA Platense,True,,fbref
2026,Playoffs,Matchday 1,,2,2026-08-19,CR Flamengo,BRA,Flamengo,Cruzeiro EC,BRA,Cruzeiro,2.0,1.0,mandante,,,,,,False,,fbref
2026,Playoffs,Matchday 1,,2,2026-08-20,LDU de Quito,ECU,LDU,Mirassol FC,BRA,Mirassol,0.0,0.0,empate,,,5.0,4.0,LDU de Quito,True,,fbref
2026,Playoffs,Matchday 1,,2,2026-08-20,SC Corinthians Paulista,BRA,Corinthians,CA Rosario Central,ARG,Rosario Central,1.0,0.0,mandante,,,,,,False,,fbref
2026,Playoffs,Round of 16,,1,2026-08-18,CD Tolima,COL,Tolima,CAR Independiente del Valle,ECU,Independiente del Valle,0.0,1.0,visitante,,,,,,False,,fbref
2026,Playoffs,Round of 16,,2,2026-08-25,CAR Independiente del Valle,ECU,Independiente del Valle,CD Tolima,COL,Tolima,,,,,,,,,False,,fbref
